https://granish.org/ears-cut-off/	ԿԱՐԵՆ:4 ԳՐԱՆԻՇ:6 ԺԱՄԱՆԱԿԱԿԻՑ:1 ԳՐԱԿԱՆՈՒԹՅՈՒՆ:2 ՎԵՐՋԵՐՍ:2 ՊԱՏՄՎԱԾՔ:5 ՊՈԵԶԻԱ:1 ԷՍՍԵ:1 ԳՐԱԽՈՍԱԿԱՆ:1 ՄՐՑԱՆԱԿ:3 ՀԱՏՈՒԿ:3 ԲԻԶ:4 ՕԳՈՍՏՈՍ:1 ՐՈՊԵ:2 ԻՐՈՔ:1 ՄՈԳԱԿԱՆ:1 ԱՅՆ:10 ԱՌԿԱ:1 ԲՈԼՈՐ:7 ՕՐԳԱՆԱԿԱՆ:1 ՈՍԿԵ:2 ԲԱՑԻ:1 ՀՍՏԱԿ:3 ՆԱԵՒ:3 ՆՐԱ:13 ԸՆԴՀԱՆՈՒՐ:1 ԱՆԿԱՐԵՒՈՐ:1 ՄԵՋ:22 ԷԼԻ:4 ՈՒՄ:6 ԻՆՔՆ:5 ԵՐԵՒԱՆ:1 ԱՅՍ:12 ՎՐԱ:15 ՔԻՉ:9 ԵՐԿԱՐ:3 ՈՐՈՎՀԵՏԵՒ:6 ՓՈՔՐ:3 ԻՆՉ:14 ՄԱԹԵՄԱՏԻԿԱԿԱՆ:1 ՅՈՒՐԱՔԱՆՉՅՈՒՐ:1 ՆԱԽՈՐԴ:1 ՄԻՆՉ:6 ՓՈՐՁՈՒՄ:4 ՏԵՂԱՎՈՐԵԼ:2 ՊԵԳԱՍ:3 ՍՐՏՈՎ:1 ՎԱՅԵԼՈՒՄ:1 ԿԱՆԱՑԻ:2 ԱԳՐԵՍԻՎ:2 ԱՆԳԱՄ:9 ՊԱՏՎԵՐ:1 ՀՈԳՆԱԾ:1 ԼՍՈՒՄ:2 ԷԻՐ:1 ՈՒՐԵՄՆ:1 ԴՈՒՌ:1 ՉԵՄ:4 ՔԵԶ:3 ՀԱՄԱՐ:7 ԳՈՐԾ:2 ԱՄԲՈՂՋ:2 ՕՐԸ:2 ԻՍԿ:11 ԴՈՒՔ:1 ԹԱՓՈՒՄ:1 ՉԵՔ:1 ՊԱՀ:3 ՎԱՏ:1 ՀԻՄԱ:6 ՄՈՏ:9 ՁԱԽ:6 ԱՅՍԻՆՔՆ:1 ՔԱՆԻ:11 ՎԱՅՐԿՅԱՆ:6 ՀԵՏՈ:16 ԱՅՆՈՒԱՄԵՆԱՅՆԻՎ:1 ԱՆՑ:2 ՆՈՒՅՆԻՍԿ:2 ԲԱՐԻ:1 ԵՐԹ:1 ՇԱՐՔԻ:1 ՄԱՍԻՆ:6 ԿՈՂՔԻ:3 ԱՊՈՒՇ:1 ՀԵՏ:9 ՈՐԸ:2 ԹԱՂԵԼ:1 ՏԱՐԻ:1 ԱՌԱՋ:5 ՄԻՇՏ:2 ՎԱՌՈՒՄ:1 ԽՈՐՀՐԴԱՎՈՐ:1 ՏԽՐՈՒՄ:1 ՈՐՊԵՍԶԻ:3 ԵՐԲ:8 ԱՍԻ:1 ՊԱՏՄՈՒՄ:1 ՆՐԱՆ:6 ԴԵՌ:2 ԵՐԵԽԱ:1 ԺԱՄԱՆԱԿ:5 ՁԵՌՔՈՎ:1 ԿՏՐԵԼ:2 ԱՅԴ:19 ՍԵՒ:5 ԵՐՐՈՐԴ:1 ՀԱՐԿՈՒՄ:1 ԳՐԱՍԵՆՅԱԿ:1 ՈՐԻ:3 ԱՌԱՋԻՆ:6 ՏԱՔՍԻ:2 ՊԱՏԿԵՐԱՑՈՒՄ:1 ԱՌԱՆՁՆԱՊԵՍ:1 ՈՒՆԵՆԱԼ:1 ՄԵԿ:5 ՄԵԾ:2 ՀԻՆ:2 ՄՈՒԹ:1 ՈՒՐ:2 ԱՅԼ:2 ԿԱՄ:5 ՀԵՐԹԱԿԱՆ:1 ԳԻՇԵՐԱՅԻՆ:1 ՑԵՐԵԿԱՅԻՆ:1 ՊԱՐԱՊ:1 ՍՈՎՈՐՈՒԹՅՈՒՆ:1 ԿԱՐԴՈՒՄ:3 ԱՌԱՆՑ:5 ՄԻՆՉԵՒ:1 ՎԵՐՋԻՆ:9 ՈՒՐԻՇ:1 ԱՆԵՐ:1 ՎՏԱՆԳԱՎՈՐ:1 ՏՂԱՄԱՐԴ:1 ԽՈՍՏՈՒՄՆԱԼԻՑ:1 ԿԻՆ:1 ՀԱՏԿԱՊԵՍ:2 ԲԱՐԱԿ:2 ԴԻՍՊԵՏՉԵՐ:2 ԻՐԵՆ:3 ԱՐԴԵՆ:7 ՈՐՈՇ:2 ՊԱՏՃԱՌՈՎ:1 ԲԱՅՑ:15 ԱՅԴՔԱՆ:3 ՀԱՋՈՐԴ:2 ՀԱՅՀՈՅՈՒՄ:1 ՄԱՏ:1 ԹԱՓ:2 ԹԵԹԵՒ:1 ԽՓՈՒՄ:2 ՀԱՎԱՆԱԲԱՐ:5 ԼՍՈՂԱԿԱՆ:1 ՀԱՄԱՐՅԱ:1 ՀԱՍԿԱՆԱԼ:2 ԻՆՉՊԵՍ:4 ԿԱՐՈՂ:6 ԱՍԵՆՔ:1 ԱՆԿԵՂԾՈՐԵՆ:1 ՀԱԶԻՎ:1 ԶՍՊՈՒՄ:1 ԵՆԹԱԳԻՏԱԿՑՈՐԵՆ:1 ԱՆՄԵՂՍՈՒՆԱԿ:1 ԱՆՏԵՂԻ:1 ՊԱՐԶԱՊԵՍ:1 ՍՐԱ:1 ՆԱՅԻ:1 ԵՐԿԻՐ:1 ՏԵՍԱԿ:2 ԽԵՂՃ:2 ԳՆԱՑ:3 ՀԵՆՑ:2 ՆՈՐ:2 ԵԿԱԾ:1 ԱՅԴՊԵՍ:1 ԿԱՊ:3 ՀԵՏԱՔՐՔԻՐ:1 ԼԻՔԸ:2 ԳԵՂԵՑԻԿ:1 ԵՐՋԱՆԻԿ:3 ՄԱՐԴԻԿ:1 ՏՈՒՆ:4 ԳՆՈՒՄ:3 ԱՅԴՊԻՍԻ:1 ԵԹԵ:2 ՕՐԻՆԱԿ:1 ՃԻՇՏ:2 ԻՐԵՆՔ:3 ԻՐԵՆՑ:4 ՄՏՈՐՈՒՄ:1 ՀԱՆԿԱՐԾ:4 ՄԵԿԸ:2 ՍԿՍՆԱԿ:1 ՊՈՏԵՆՑԻԱԼ:2 ԲՐԵՆԴԻ:1 ԻՐԱԿԱՆՈՒՄ:1 ԳՆԵԼ:3 ԻԲՐ:1 ԱՊՐԱՆՔ:1 ՍՈՎՈՐԱԲԱՐ:2 ՄԵՌՆՈՒՄ:1 ՀԱՎԱՏԱՐԻՄ:1 ՉՈՐ:1 ՇԱՐՈՒՆԱԿՈՒՄ:3 ՀԱՊԱՂՈՒՄ:1 ՎԵՐԵՒ:1 ՆԿԱՏՈՒՄ:2 ԱՐԱԳ:11 ՓՆՏՐՈՒՄ:2 ԳՏՆՈՒՄ:1 ԴՐԱՄ:1 ՄԵԿՆՈՒՄ:1 ՄՏԱԾՈՒՄ:1 ՇԱՏ:1 ՔԱՅԼ:1 ՀԻՇՈՒՄ:2 ՆԵՐՔԵՒ:1 ԳՈՂ:1 ԵՐԵՒԱԼ:1 ԾԱԽՍԵԼ:1 ԱՌՆԻ:2 ԱՆՑՈՒՄ:1 ԱՅԼԵՒՍ:1 ՍՏԻՊՎԱԾ:3 ՆՈՐԸ:1 ՊԼՅՈՒՍ:1 ԸՆՏՐԵԼ:1 ԼԱՎ:1 ԻՆՉԻ:1 ԱՆՀՆԱՐ:1 ՊԱՏՃԱՌԱԲԱՆԵԼ:1 ՄՏՆՈՒՄ:1 ՍԵՂՄՈՒՄ:1 ԱՄԻՍ:1 ԹՈՂԵԼ:1 ՀԱՆՈՒՄ:4 ՀԱՄՈՎ:1 ՍԿՍՈՒՄ:7 ԾԱՄԵԼ:1 ԾԱՄԵԼՈՒ:1 ԹԱՔՈՒՆ:1 ՀԱՄԻ:1 ԴԺԲԱԽՏ:1 ՎԱՂԱԺԱՄ:1 ԱԿՆՀԱՅՏ:2 ՉԱՐՈՐԱԿ:1 ՀԱՄՈԶԻՉ:1 ԱՎԱՆԴԱԿԱՆ:1 ՊԱՐԲԵՐԱԲԱՐ:1 ԾԱՆՐ:1 ՄԻՋԻՆ:1 ՓՈԽԱՐԵՆ:1 ԽԱԲԵԼ:1 ՀԱՄԱԿՑՎԱԾ:1 ՀՆԴԿԱԿԱՆ:1 ՀԻՆԳ:2 ԲԱՑՎԵԼ:1 ՍԿՍՎԵԼ:1 ՑԱԾՐ:1 ԴԵՄ:2 ԲԱՆԱՆ:1 ՊԻՏԻ:4 ԱՌԱՎԵԼ:1 ԿԱՐԵՒՈՐ:1 ԶԲԱՂՎԱԾ:1 ԱՅՆՔԱՆ:4 ՎԱՂՈՒՑ:2 ՓՈԽՎԵԼ:1 ԱՊՐՈՒՄ:1 ԱՆԸՆԴՀԱՏ:1 ՋՐԻ:5 ԹԹՎԱԾԻՆ:1 ՉՆԱՅԱԾ:1 ՏԱՐՕՐԻՆԱԿ:1 ՀԱՄԱՌՈՐԵՆ:2 ԱՅՆՊԻՍԻ:1 ՀՈՏ:2 ԱՎԵԼ:1 ՄՈՏԵՆԱԼ:1 ՀԱՃԵԼԻ:3 ԽԱՌՆԱՇՓՈԹ:2 ՄԻԵՒՆՈՒՅՆ:2 ՄՈՏԱՎՈՐԱՊԵՍ:1 ԿԵՍ:2 ՄԵՏՐ:3 ՇԱԳԱՆԱԿԱԳՈՒՅՆ:1 ԿԱՆԱՉ:1 ԱՆՑԵԼ:2 ԳՈՐԾՆԱԿԱՆ:1 ԶԱՐՄԱՆԱԼԻ:1 ԵՐԵՒԻ:2 ՎԱՂԵՄՈՒԹՅՈՒՆ:1 ՆԿԱՏԵԼ:1 ԱՆԲՆԱԿԱՆ:1 ԿԱԽՎԱԾ:1 ՄԻՋԱՆՑԻԿ:1 ՄՇԱԿՈՒԹԱՅԻՆ:1 ՇԱԲԱԹ:1 ԸՆՏԱՆԵԿԱՆ:1 ԱՄԱՌԱՅԻՆ:1 ՃԱՄԲԱՐ:1 ՄԻԱՅՆ:1 ԴԱՏԱՐԿ:3 ՍՊԻՏԱԿ:1 ՄԻՋԵՒ:1 ՇՈՒՌ:1 ԹԱՓՎԵԼ:1 ԿԵՂՏՈՏ:1 ԿԱՆԳ:1 ԿԵՂՏ:1 ՀԱՎԱՔՎԵԼ:1 ԻՆՔԸ:2 ԵՐԲԵՔ:1 ՄԱՔՐԵԼ:1 ՔԱՅԼԵԼ:1 ԴԵՊԻ:1 ՊԱՏՇԳԱՄԲ:2 ՎԱՂԸ:1 ԳՈՆԵ:1 ԴՈՒ:2 ՊԵՍ:1 ԱՏՈՒՄ:1 ԼՈՂԱՆԱԼ:1 ԿԻՐԱԿԻ:1 ՀԻՆԳՇԱԲԹԻ:1 ՏԱՐԲԵՐ:1 ԱՎԵԼԻ:4 ՏԱԿ:1 ԱՌԱՆՑՔԱՅԻՆ:1 ԴԵՂԻՆ:2 ՆՄԱՆ:3 ՄԵՂՐ:1 ՀԱՑԻ:1 ԴՈՒՐՍ:5 ՀԱՆԵԼ:1 ՎՐԱՆ:2 ՏԱՆԵԼ:1 ԲԱՐՁՐ:1 ՏԱՍ:1 ՏԱՐԵԿԱՆ:1 ՄԵՐԿ:2 ԱՄԵՆ:2 ՍԱՌԸ:1 ՏԱՔԱՆԱԼ:1 ՀԱՄԵՆԱՅՆ:1 ԹՎՈՒՄ:2 ՆԱԽ:1 ՆԵՂ:1 ԿՈՇՏ:1 ԱՆՏԱՆԵԼԻ:1 ՍՏԻՊՈՒՄ:1 ՆՈՐԻՑ:1 ՔԱՇՎԵԼ:1 ԶԶՎԵԼԻ:1 ՁԱՅՆ:4 ՃԻՉ:1 ԵԿՈՂ:1 ՀԵՌՎԻՑ:2 ԲԱՆ:1 ՄԹԱԳՆՈՒՄ:1 ԴԱՆԴԱՂ:3 ՍՈՒԶՎԵԼ:1 ԹՌՉՈՒՄ:1 ՆԵՏՈՒՄ:1 ԱՄՈՒՐ:1 ՓԱԿՈՒՄ:3 ՇՆՉԵԼ:3 ՆՍՏԱԾ:1 ՆՍՏԵԼ:2 ՄԻԱԿ:2 ՀՆԱՐԱՎՈՐ:2 ՇՈՒՆՉ:1 ՀԱՄԲՈՒՐՈՒՄ:1 ՇՈՅՈՒՄ:1 ՄՈՐ:1 ՓԱՓՈՒԿ:1 ԾԱԾԿՈՒՄ:1 ՏԱՔ:2 ՊԱՐՈՒՐԱՁԵՒ:1 ԼՈՒՍԱՎՈՐ:1 ՀԵՇՏ:1 ԲԱՑՈՒՄ:4 ԿԻՍԱԲԱՑ:3 ՔՆԱԾ:3 ՇՆՉՈՒՄ:1 ԱՐՏԱՇՆՉՈՒՄ:2 ՓԱԿ:1 ԲՈԼՈՐՈՎԻՆ:1 ՍԹԱՓ:1 ՊՂՏՈՐ:1 ՓԱՍՏՈՐԵՆ:1 ԽՆԱՄՔՈՎ:1 ՓԱԹԱԹՈՒՄ:1 ՉԱՓԱԶԱՆՑ:3 ՍԱՐՍՈՒՌ:1 ՇՏԱՊ:1 ԱՎՏՈՏՆԱԿ:1 ԿԱՆԳՆՈՒՄ:1 ԲԱՐՁՐԱՀԱՐԿ:1 ՏՎՈՂ:1 ՏՀԱՃ:1 ԺԱՆԳՈՏ:1 ԱՆԱՂՄՈՒԿ:1 ԼԻՏՐԱՆՈՑ:1 ՉԱՓ:1 ՆՈՒՅՆ:1 ՇԱՂ:1 ՏԱԼ:2 ԽՈՀԱՆՈՑ:2 ՃԱՇԱՍԵՆՅԱԿ:1 ՄԻՋԱՆՑՔ:1 ՆՆՋԱՍԵՆՅԱԿ:1 ԶԳՈՒՅՇ:1 ԱՄՈՒՍՆԱԿԱՆ:1 ԱՆԿՈՂՆՈՒՆ:1 ՍՈՒՐ:1 ՀՈՏՈՎ:1 ԶԱՐՀՈՒՐԵԼԻ:1 ՈՐՔԱՆ:1 ՆԵՐՇՆՉՈՒՄ:1 ՊՏՏՎԵԼ:1 ԿԵՐՊ:1 ԼՈՒՑԿԻ:1 ԱՆԶՈՐ:1 ԿՈՂՄ:1 ԲԱՑ:1 ՑԱԾ:3 ԻՆՉՔԱՆ:1 ՇԵՆՔ:1 ՀԵՏԵՒՈՒՄ:1 ՍՈՎՈՐԱԿԱՆ:1 ԱՆԿԱՊ:1 ՔԱՐՇ:1 ՏԱՆՈՂ:1 ԱՌՆՎԱԶՆ:1 ԿԱՆ:1 ԱՂՋԻԿ:1 ԿՐԾԿԱԼ:1 ԴԵՌԵՒՍ:1 ԹՈՒՅԼ:2 ԱՌԱՎՈՏՅԱՆ:1 ՄԻԱՅՆԱԿ:1 ԱՐՀԵՍՏԱԿԱՆՈՐԵՆ:1 ՁԻԳ:1 ՎԱՐ:1 ՀԱԶԱՐԱՎՈՐ:1 ԲԱԶՄԵՐԱՆԳ:1 ԿԵՂԾԱՄ:1 ՄԻԱՆԳԱՄԻՑ:1 ՔՍԱՆՀԻՆԳ:1 ՍԱՆՏԻՄԵՏՐԱՆՈՑ:2 ԱՆՄԻՋԱՊԵՍ:1 ՀԱՋՈՐԴՈՒՄ:1 ՁԿՆՈՐՍԱԿԱՆ:1 ՀԱՄԵՄԱՏ:1 ԲԱՎԱԿԱՆԻՆ:2 ՓԱՐԹԱՄ:1 ՎԱՐԴԱԳՈՒՅՆ:3 ԹՌԵԼ:1 ՁԱՅՆՈՎ:1 ՈՉԻՆՉ:1 ԳԻՆ:1 ԳՑԵԼ:2 ԱՆԿՈՏՐՈՒՄ:1 ՎՃՌԱԿԱՆ:1 ԿԱՐ:1 ԴԺՎԱՐ:1 ՇԱՆ:2 ՀԱՎԱՔՈՒՄ:1 ԳԵՐԱՐԱԳ:1 ԱԿԱՆՋՆԵՐ:1 ՊՈՉ:1 ՉՈՒՆԻ:1 ՈՒՂՂԱԿԻ:2 ԻՆՉՈՒ:2 ԱՐՏԱՀԱՅՏԵԼ:1 ՍՈՎԱԾ:2 ԱՌՋԵՒ:1 ԱՆՍՊԱՍԵԼԻ:1 ՏԱՆՋԱՀԱՐ:1 ԲԱՆԵՐ:1 ԳՈՒՇԱԿԵԼ:1 ՎԵՐՋԱՊԵՍ:1 ԼՐԻՎ:1 ԱՆՍՊԱՍԵԼԻՈՐԵՆ:1 ՍՈՆԱ:2 ԱՍԵԼ:2 ՄՈՐՍ:2 ԱՆՈՒՆԻՑ:2 ԽԱԲՈՒՄ:1 ՊԵՏՔ:2 ՊԱՏՐԱՍՏՈՒԹՅՈՒՆ:1 ՓՈՐՁԱՌՈՒ:1 ՀՈՒՍԱՀԱՏ:1 ՏԵՂԸ:1 ՈՐՏԵՂ:2 ՀԱՍՆԵԼ:1 ՔՆՔՇՈՐԵՆ:1 ԱՍՏՎԱԾ:1 ԳԻՏԻ:1 ԾԱՐԱՎ:1 ԱՐԻ:2 ՄԱՄ:1 ԱՐԴԻ:1 ՀԱՅ:1 ՀԵՔԻԱԹ:1 ՀԱՆԴԻՊՈՒՄ:1 ԼԻԱՆ:1 ԿԱՐԾԻՔ:1 ԿԱՐԳԻՆ:1 ԳՐՈՂ:1 ԹՈՂՆԵԼ:1 ՄԵԿՆԱԲԱՆՈՒԹՅՈՒՆ:1 ԱՆՈՒՆ:1 ՓՈՍՏ:1 ԿԱՅՔ:2 ՄԵՐ:1 ԳՐԱԿԱՆ:3 ՀԱՄԱՅՆՔ:2 ՀՐԱՏԱՐԱԿՉՈՒԹՅՈՒՆ:1 ՀԱՆԴԵՍ:1 ԳՐԱԽԱՆՈՒԹ:1 ԱՐԽԻՎ:1 ԹՎԱՅԻՆ:1 ԳՐԱԴԱՐԱՆ:1 ՄԵԶ:1 ԽՄԲԱԳՐԱԿԱՆ:1 ԳՈՎԱԶԴ:1 ԸՆԴՈՒՆՈՒՄ:1 ԱՋԱԿՑԵԼ:2 ԳՈՐԾՈՒՄ:1 ՀԵՂԻՆԱԿԱՅԻՆ:2 ՈՐՈՆՔ:1 ՊԱՐՏԱԴԻՐ:1 ՆՇԵԼ:1 ԱԿՏԻՎ:1 ՀՂՈՒՄ:1 ՓՆՏՐԵԼ:1 ՀԵՂԻՆԱԿ:1 ՏԵՔՍՏ:1
https://granish.org/apple-worm/	ԿԱՐԵՆ:3 ԽՆՁՈՐԻ:2 ՈՐԴ:2 ԳՐԱՆԻՇ:6 ԺԱՄԱՆԱԿԱԿԻՑ:1 ԳՐԱԿԱՆՈՒԹՅՈՒՆ:2 ՎԵՐՋԵՐՍ:1 ՊԱՏՄՎԱԾՔ:4 ՊՈԵԶԻԱ:1 ԷՍՍԵ:1 ԳՐԱԽՈՍԱԿԱՆ:1 ՄՐՑԱՆԱԿ:3 ՀԱՄԵՍՏ:1 ՄԱՍՆԱՎՈՐ:2 ՆԵՂԼԻԿ:3 ՆՈՐԱՍՏԵՂԾ:2 ՀԻՄՆԱԴԻՐ:2 ՏՆՕՐԵՆ:2 ԲԺՇԿԱԿԱՆ:2 ԹԵԿՆԱԾՈՒ:2 ԱՅՆ:18 ԵՐԲ:23 ՊԱՀԱԿ:2 ՏԵՍԱԿԱՆՈՐԵՆ:2 ՍԵՊՏԵՄԲԵՐ:1 ՐՈՊԵ:1 ԷՊԻԶՈԴ:1 ԱՐԹՈՒՆ:1 ՊԵՏՔ:2 ՆՐԱ:4 ՍԻՐԵԼԻ:1 ՇԱՐՈՒՆԱԿՈՒՄ:1 ՄԵԿ:4 ՀԱՄԵՆԱՅՆ:1 ՄԻՆՉ:4 ԱՆՑ:2 ԺԱՄԱԴՐՈՒԹՅՈՒՆ:1 ՀԵՏ:6 ԱՆԸՆԴՄԵՋ:1 ԶԱՆԳՈՒՄ:1 ԻՐԱՐ:1 ՀԱՋՈՐԴՈՒՄ:1 ՄԱՐԶ:1 ԳՅՈՒՂ:1 ՎԱՐԴԱԲԼՈՒՐ:1 ԵՐԵՒԱՆ:1 ԶԱՆԳՎԱԾ:1 ԼԱՅՆ:1 ՆԵՂ:1 ՀԱՆԴԵՊ:1 ՓԻԼԻՍՈՓԱՅՈՐԵՆ:1 ԿԵՆՍԱԲԱՆՈՐԵՆ:1 ԱՆՏԱՐԲԵՐ:1 ՎԵՐՋԻՆ:1 ՄԱՐՄՆԱԿԱՆ:1 ՄԱՍԻՆ:3 ՎԱՂԵՄՈՒԹՅՈՒՆ:1 ՎԱՂԸ:1 ՀԵՏՈ:7 ՀԱՐԿԱՅԻՆ:1 ՀԱՏՈՒԿ:1 ԼԱԲՈՐԱՏՈՐԻԱ:1 ԼԻՔԸ:1 ԴԵՌ:1 ԿԻՍԱՏ:2 ԱՅՍ:1 ԲՈԼՈՐ:3 ԻԲՐ:1 ՎԵՐՋՆԱԿԱՆԱՊԵՍ:1 ԱՌԱՎՈՏՅԱՆ:3 ԻՍԿ:2 ՇԱԲԱԹ:2 ԱՐԴԵՆ:1 ՍԵՆՅԱԿԱՆՈՑ:2 ԽՈՀԱՆՈՑԱՅԻՆ:1 ԱՅՍՕՐ:1 ԱՍԵԼ:6 ԱՐՏ:1 ՇԱՏ:1 ԲԱՐՁՐ:1 ԱՅՍԻՆՔՆ:1 ՊԱՀՊԱՆԵԼ:2 ԱՅՍՊԵՍ:1 ԿՈՉՎԱԾ:1 ՀԱՄԱՐ:3 ԲՆՕՐՐԱՆ:1 ԵՐԿՐՈՐԴ:1 ՄԻՋԻՆ:1 ՈՒՄ:2 ԻՆՉՊԵՍ:1 ԱՄԵՆ:2 ՆՈՐՄԱԼ:1 ՀԵՐԻՔ:1 ՆՈՒՅՆԻՍԿ:1 ԽՈԶԻ:1 ԱՌՆՉՈՒԹՅԱՄԲ:1 ԲԱՑԱԿԱՆՉԵԼ:1 ԴՈՒ:1 ՀԱՅՏՆՎԵԼ:1 ԾԱՆՐ:1 ԱՅԴՊԻՍԻ:1 ԲԱՆ:4 ԱՅԴ:1 ՄԻԱՅՆ:2 ՔԱՇԱԾ:1 ԱՆԳԱՄ:1 ՀԱՍՆՈՂ:1 ՄԵԾ:1 ՏՂԱ:2 ԺԱՄԱՆԱԿԻՆ:1 ՀՊԱՐՏՈՐԵՆ:1 ԾԻՐԱՆԱԳՈՒՅՆ:1 ԴԺՎԱՐԻՆ:1 ՀԱՂԹԱՀԱՐԵԼ:1 ԱՌԱՋԻՆ:3 ԵՐԿԱՐ:1 ՄԻՋՆԵԿ:1 ԲԱՐՈՎ:1 ՉԵՄ:1 ՀԱՆԳԻՍՏ:1 ԿԱՐՈՂ:1 ՄԵՌՆԵԼ:1 ՓԱՍՏՈՐԵՆ:1 ԿԱՆԱՉ:1 ԵՐԿԻՐ:1 ՀԱՍԱՐԱԿԱԿԱՆ:1 ՀԵՌՈՒ:1 ԱՐԱՆ:1 ԱՉՔՈՎ:1 ԱՆԵՐ:1 ԲԱՅՑ:2 ՏԱՐԻ:1 ԱՌԱՋ:3 ԳԼԽԱՎՈՐ:1 ՀԱՇՎԱՊԱՀ:1 ՊԱՐՈՆ:1 ԻՆՔԸ:1 ՀԻՎԱՆԴ:1 ԳՈՆԵ:1 ՍԻՐԱԾ:1 ՊԱՀԻ:1 ՀԻՄԱ:1 ՄԵՐ:2 ՆՄԱՆ:1 ԻՆՏԵՐՆԵՏ:1 ԱՆՑԱՎ:1 ՀԱՆՈՒՄ:1 ՎԵՐՋ:1 ՕՐԻՆԱԿ:1 ՁԵՐ:2 ՎԱՏ:1 ՏՈՆ:1 ԿԱՆԳԱՌ:1 ԱՆՑԵԼ:1 ՄԵԾԱԾԱԽ:1 ՎՐԱ:1 ԿԵՂՏՈՏ:1 ՄԵՏՐԱՆՈՑ:1 ՎԱՅԵԼԵԼ:1 ՀԵՐԹԱՊԱՀ:1 ԱԴՄԻՆԻՍՏՐԱՏՈՐ:1 ԿԱՇԱՌԵԼ:1 ԷԼԻ:5 ԿԱՐՄԻՐ:1 ՍՊԱՍՈՂ:1 ՊԵՍ:1 ՀԱՇՎԵԼ:1 ԱՄԲՈՂՋ:1 ՀՍԿԱՅԱԿԱՆ:1 ԴԵՂԻՆ:1 ԽՄԵԼ:1 ՀՅՈՒԹ:1 ՍՊԱՍԵԼ:1 ՀԵՆՑ:1 ՓՈՔՐԻԿ:1 ԲԱԶՄԱԶԱՆ:1 ՀԱՇՎԱՊԱՀԱԿԱՆ:1 ԻՆՔՆ:1 ԻՆՉ:1 ԱՐԴԻ:1 ՀԱՅ:1 ՆԱԵՒ:1 ՀԵՔԻԱԹ:1 ՀԱՆԴԻՊՈՒՄ:1 ԼԻԱՆ:1 ԹՈՂՆԵԼ:1 ՄԵԿՆԱԲԱՆՈՒԹՅՈՒՆ:1 ԱՆՈՒՆ:1 ՓՈՍՏ:1 ԿԱՅՔ:2 ԳՐԱԿԱՆ:3 ՀԱՄԱՅՆՔ:2 ՀՐԱՏԱՐԱԿՉՈՒԹՅՈՒՆ:1 ՀԱՆԴԵՍ:1 ԳՐԱԽԱՆՈՒԹ:1 ԱՐԽԻՎ:1 ԹՎԱՅԻՆ:1 ԳՐԱԴԱՐԱՆ:1 ԿԱՊ:2 ՄԵԶ:1 ԽՄԲԱԳՐԱԿԱՆ:1 ԳՈՎԱԶԴ:1 ԸՆԴՈՒՆՈՒՄ:1 ԱՋԱԿՑԵԼ:2 ԳՈՐԾՈՒՄ:1 ՀԵՂԻՆԱԿԱՅԻՆ:2 ՈՐՈՆՔ:1 ՊԱՐՏԱԴԻՐ:1 ՆՇԵԼ:1 ՏԱԼ:1 ԱԿՏԻՎ:1 ՀՂՈՒՄ:1 ՓՆՏՐԵԼ:1 ՀԵՂԻՆԱԿ:1 ԿԱՄ:1 ՏԵՔՍՏ:1
https://granish.org/%d0%b6%d1%83%d1%80%d0%bd%d0%b0%d0%bb-%d1%8e%d0%bd%d0%be%d1%81%d1%82%d1%8c/	ԷՋԱՆՈՑ:2 ԸՆԿԵՐՈՒԹՅՈՒՆ:2 ԳՐԱՆԻՇ:6 ԺԱՄԱՆԱԿԱԿԻՑ:1 ԳՐԱԿԱՆՈՒԹՅՈՒՆ:1 ՎԵՐՋԵՐՍ:1 ՊԱՏՄՎԱԾՔ:1 ՊՈԵԶԻԱ:1 ԷՍՍԵ:1 ԳՐԱԽՈՍԱԿԱՆ:1 ՄՐՑԱՆԱԿ:2 ՌՈՒՍ:5 ԽՈՍՔԻ:3 ՇՐՋԱՆԱԿՈՒՄ:2 ԿԱԶՄՈՒՄ:2 ՆԱԵՒ:5 ԳՐԱԿԱՆ:6 ԵՐԻՏԱՍԱՐԴ:4 ԽՄԲԱԳԻՐ:2 ԲԱՆԱՍՏԵՂԾ:2 ՍԵՊՏԵՄԲԵՐ:2 ՐՈՊԵ:1 ՈՒՍ:1 ՆՎԻՐՎԱԾ:1 ՀԱՅ:5 ՍՏԵՂԾԱԳՈՐԾԱԿԱՆ:1 ԵՐԿԱՐԱԿԵՑՈՒԹՅՈՒՆ:1 ՆԱԽԱԳԱՀ:1 ՀԱՄԱՏԵՂ:2 ԼՈՒՅՍ:1 ՀԵՆՑ:1 ՇՈՒՏՈՎ:1 ԵՐԿՈՒ:1 ՄՏԱՎՈՐ:1 ԹԱՐԳՄԱՆՎԵԼ:1 ՏՊԱԳՐՎԵԼ:1 ԿԱՐԵՆ:1 ԻՍԿ:1 ՌՈՒՍԱԿԱՆ:1 ՆԱԽ:1 ԿԱՐԴՈՒՄ:1 ԵԹԵ:1 ԱՅՆ:1 ԻՆՁ:1 ՀԱՐԱԶԱՏ:1 ԹԱՐԳՄԱՆՈՒՄ:1 ՕԳՆԵԼ:1 ՀԵՏ:2 ԱՐԴԵՆ:1 ՏԱՐԻ:2 ԻՆՉ:1 ԱՊՐՈՒՄ:1 ՍՈՎՈՐԵԼ:1 ՀԱՅԵՐԵՆ:1 ԱՆՈՒՄ:1 ԱՆԴԱՄ:1 ԴՐԱՄԱՇՆՈՐՀ:1 ՓԱՌԱՏՈՆ:1 ԱՄՓՈՓՈՒՄ:1 ԹՈՂՆԵԼ:1 ՄԵԿՆԱԲԱՆՈՒԹՅՈՒՆ:1 ԱՆՈՒՆ:1 ՓՈՍՏ:1 ԿԱՅՔ:2 ՄԵՐ:1 ՀԱՄԱՅՆՔ:2 ՀՐԱՏԱՐԱԿՉՈՒԹՅՈՒՆ:1 ՀԱՆԴԵՍ:1 ԳՐԱԽԱՆՈՒԹ:1 ԱՐԽԻՎ:1 ԹՎԱՅԻՆ:1 ԳՐԱԴԱՐԱՆ:1 ԿԱՊ:2 ՄԵԶ:1 ԽՄԲԱԳՐԱԿԱՆ:1 ԳՈՎԱԶԴ:1 ԸՆԴՈՒՆՈՒՄ:1 ԱՋԱԿՑԵԼ:2 ԳՈՐԾՈՒՄ:1 ՀԵՂԻՆԱԿԱՅԻՆ:2 ԲՈԼՈՐ:2 ՈՐՈՆՔ:1 ՈՒՄ:1 ՊԱՐՏԱԴԻՐ:1 ՆՇԵԼ:1 ՏԱԼ:1 ԱԿՏԻՎ:1 ՀՂՈՒՄ:1 ՓՆՏՐԵԼ:1 ՀԵՂԻՆԱԿ:1 ԿԱՄ:1 ՏԵՔՍՏ:1
https://granish.org/sergey-parajanov/	ԶՈՆԱ:4 ԳՐԱՆԻՇ:6 ԺԱՄԱՆԱԿԱԿԻՑ:1 ԳՐԱԿԱՆՈՒԹՅՈՒՆ:1 ՎԵՐՋԵՐՍ:1 ՊԱՏՄՎԱԾՔ:1 ՊՈԵԶԻԱ:1 ԷՍՍԵ:1 ԳՐԱԽՈՍԱԿԱՆ:1 ՄՐՑԱՆԱԿ:2 ԾՆՆԴՅԱՆ:2 ԱՌԹԻՎ:2 ԼՈՒՅՍ:2 ԳԻՐՔ:2 ՈՒՐ:2 ԱՅՆ:2 ԲՈԼՈՐ:4 ՈՐՈՆՔ:4 ՆՐԱՆ:3 ԳՐԵԼ:4 ԲԱՆՏՈՒՄ:3 ԵՂԱԾ:3 ՆՈՅԵՄԲԵՐ:1 ՐՈՊԵ:1 ԻՆՉՊԵՍ:2 ՏՈՒՆ:1 ՏՆՕՐԵՆ:1 ԱՅԴ:4 ԱՅՍՕՐ:1 ԱՐԴԵՆ:1 ՆԱԵՒ:3 ՓԱՍՏԱԹՂԹԱՅԻՆ:1 ԱՐԺԵՔ:1 ԱՌԱՋԻՆ:1 ԱՆԳԱՄ:1 ՆՐԱ:1 ԿԱՐՈՂ:1 ԳԱՂԱՓԱՐ:1 ԿԱԶՄԵԼ:1 ԻՆՉ:2 ԿԱՏԱՐՎԵԼ:1 ԿԻՐԱՌՎԵԼ:1 ՀԱՏԿԱՊԵՍ:1 ՆԿԱՏՄԱՄԲ:1 ԱՅՍ:1 ՀՐԱՇԱԼԻ:1 ԱՂԲՅՈՒՐ:1 ՀԱՄԱՐ:1 ԺԱՄԱՆԱԿ:1 ԻՐԱՎՈՒՆՔ:1 ԸՆԴԱՄԵՆԸ:1 ԵՐԿՈՒ:1 ՆԱՄԱԿ:1 ՍԱԿԱՅՆ:1 ԲԱԶՄԱԹԻՎ:1 ՊԱՏՃԱՌՈՎ:1 ՊԱՏԱՍԽԱՆ:1 ՄԵԿՆ:1 ԳՐՎԱԾ:1 ԿԱՄ:3 ՈՐԵՒԷ:1 ՄԵԿԻՆ:1 ՀՐԱՏԱՐԱԿՎԵԼ:1 ՌՈՒՍԵՐԵՆ:1 ՔԱՆԻ:1 ԴՐԱՄԱՇՆՈՐՀ:1 ՓԱՌԱՏՈՆ:1 ԱՄՓՈՓՈՒՄ:1 ԳՐԱԿԱՆ:4 ՏԱՐԻ:1 ԹՈՂՆԵԼ:1 ՄԵԿՆԱԲԱՆՈՒԹՅՈՒՆ:1 ԱՆՈՒՆ:1 ՓՈՍՏ:1 ԿԱՅՔ:2 ՄԵՐ:1 ՀԱՄԱՅՆՔ:2 ՀՐԱՏԱՐԱԿՉՈՒԹՅՈՒՆ:1 ՀԱՆԴԵՍ:1 ԳՐԱԽԱՆՈՒԹ:1 ԱՐԽԻՎ:1 ԹՎԱՅԻՆ:1 ԳՐԱԴԱՐԱՆ:1 ԿԱՊ:2 ՄԵԶ:1 ՀԵՏ:1 ԽՄԲԱԳՐԱԿԱՆ:1 ԳՈՎԱԶԴ:1 ԸՆԴՈՒՆՈՒՄ:1 ԱՋԱԿՑԵԼ:2 ԳՈՐԾՈՒՄ:1 ՀԵՂԻՆԱԿԱՅԻՆ:2 ՈՒՄ:1 ՊԱՐՏԱԴԻՐ:1 ՆՇԵԼ:1 ՏԱԼ:1 ԱԿՏԻՎ:1 ՀՂՈՒՄ:1 ՓՆՏՐԵԼ:1 ՀԵՂԻՆԱԿ:1 ՏԵՔՍՏ:1
https://granish.org/ahmad-nurizade/	ԵՐԵՔ:2 ԳԻՐՔ:2 ԳՐԱՆԻՇ:6 ԺԱՄԱՆԱԿԱԿԻՑ:1 ԳՐԱԿԱՆՈՒԹՅՈՒՆ:1 ՎԵՐՋԵՐՍ:1 ՊԱՏՄՎԱԾՔ:1 ՊՈԵԶԻԱ:1 ԷՍՍԵ:1 ԳՐԱԽՈՍԱԿԱՆ:1 ՄՐՑԱՆԱԿ:2 ՄԻԱԿ:2 ՕՏԱՐԱԶԳԻ:3 ԻՍԿ:3 ՀԱՅ:7 ՆԱԽԱԳԱՀ:2 ՊԱՐՍԻԿ:3 ԲԱՆԱՍՏԵՂԾ:3 ԹԱՐԳՄԱՆԻՉ:2 ՀՈԿՏԵՄԲԵՐ:1 ՐՈՊԵ:1 ՏԱՐԻ:2 ԲԱՆԱՍՏԵՂԾՈՒԹՅՈՒՆ:1 ԲԱՐԵՒ:1 ՁԵԶ:1 ՀԱՅԵՐ:1 ԳԻՇԵՐ:1 ՎԵՐՋԻՆ:1 ԵՐԿՈՒ:4 ՀԱՅԵՐԵՆ:1 ԳՐՎԱԾ:2 ՊԱՐՍԿԵՐԵՆ:1 ՏԱՍՆՅԱԿ:1 ԿԱԶՄՈՒՄ:1 ԸՍՏ:1 ՆՐԱ:1 ԻՐԱՆԱԿԱՆ:3 ՀԵՏ:2 ԲՈԼՈՐ:3 ԴԱՐԱՎՈՐ:1 ԳՐԵԹԵ:1 ՆՈՒՅՆ:1 ԿԱՐԵՒՈՐՈՒՄ:1 ԱԶԳԱՅԻՆ:2 ՓՈՐՁՈՒՄ:1 ՀԱՅԿԱԿԱՆ:2 ՄԱՏՈՒՑԵԼ:1 ՋՆՋՈՒՄ:1 ԱՅՆ:1 ԿԱՆ:1 ՄԻՋԵՒ:1 ՆԱԵՒ:4 ՇՈՒՏՈՎ:1 ԵՐՐՈՐԴ:1 ՈՒՄ:2 ԽՈՐՀՐԴԱԿԱՆ:1 ՆՈՒՅՆԻՍԿ:1 ՈՐՈՇ:1 ԱԶԴԵՑՈՒԹՅՈՒՆ:1 ԱՇԽԱՐՀԻ:1 ԱՅԼ:2 ՎՐԱ:1 ԳՏՆՈՒՄ:1 ՉՆԱՅԱԾ:1 ՊԱՏՄՈՒԹՅՈՒՆ:1 ԱՅԴՈՒՀԱՆԴԵՐՁ:1 ՊԵՏՔ:1 ԱՎԵԼԻ:1 ԸՆԴԼԱՅՆԵԼ:1 ԴՐԱՄԱՇՆՈՐՀ:1 ՓԱՌԱՏՈՆ:1 ԱՄՓՈՓՈՒՄ:1 ԳՐԱԿԱՆ:4 ԿԱՐԾԻՔ:1 ԶԱՆԱԶԱՆ:1 ԹՈՂՆԵԼ:1 ՄԵԿՆԱԲԱՆՈՒԹՅՈՒՆ:1 ԱՆՈՒՆ:1 ՓՈՍՏ:1 ԿԱՅՔ:2 ՄԵՐ:1 ՀԱՄԱՅՆՔ:2 ՀՐԱՏԱՐԱԿՉՈՒԹՅՈՒՆ:1 ՀԱՆԴԵՍ:1 ԳՐԱԽԱՆՈՒԹ:1 ԱՐԽԻՎ:1 ԹՎԱՅԻՆ:1 ԳՐԱԴԱՐԱՆ:1 ԿԱՊ:2 ՄԵԶ:1 ԽՄԲԱԳՐԱԿԱՆ:1 ԳՈՎԱԶԴ:1 ԸՆԴՈՒՆՈՒՄ:1 ԱՋԱԿՑԵԼ:2 ԳՈՐԾՈՒՄ:1 ՀԵՂԻՆԱԿԱՅԻՆ:2 ՈՐՈՆՔ:1 ՊԱՐՏԱԴԻՐ:1 ՆՇԵԼ:1 ՏԱԼ:1 ԱԿՏԻՎ:1 ՀՂՈՒՄ:1 ՓՆՏՐԵԼ:1 ՀԵՂԻՆԱԿ:1 ԿԱՄ:1 ՏԵՔՍՏ:1
https://granish.org/sharl-aznavur/	ԱԶՆԱՎՈՒՐ:3 ՑԱԾՐ:3 ՁԱՅՆՈՎ:5 ԳՐԱՆԻՇ:6 ԺԱՄԱՆԱԿԱԿԻՑ:1 ԳՐԱԿԱՆՈՒԹՅՈՒՆ:1 ՎԵՐՋԵՐՍ:1 ՊԱՏՄՎԱԾՔ:1 ՊՈԵԶԻԱ:1 ԷՍՍԵ:1 ԳՐԱԽՈՍԱԿԱՆ:1 ՄՐՑԱՆԱԿ:2 ԱՇԽԱՐՀԱՀՌՉԱԿ:1 ՖՐԱՆՍԱՀԱՅ:2 ՆՈՐ:3 ԻՆՔՆԱԿԵՆՍԱԳՐԱԿԱՆ:3 ՀՐԱՏԱՐԱԿՎԵԼ:2 ՀԱՂՈՐԴՈՒՄ:2 ՀԱՆՐԱՅԻՆ:2 ՀՈԿՏԵՄԲԵՐ:1 ՐՈՊԵ:1 ԵՐՐՈՐԴ:1 ԱՌԱՋԻՆ:1 ԵՐԿՈՒ:1 ԿՈՉՎԵԼ:1 ՄԱՍԻՆ:2 ԱՆՑԱԾ:1 ՀԱՅՏՆԻ:1 ԽՈՐՀՈՒՐԴ:1 ԹԱՐԳՄԱՆԵԼ:1 ՀԱՆԴԱՐՏ:2 ՔԱՆԻ:1 ԻՆՔՆ:1 ՊԱՏՄՈՒՄ:1 ԱՆԿԵՂԾ:1 ԱՌԱՆՑ:1 ՈՐԵՒԷ:1 ԵՐԳՈՒՄ:1 ԲԱՐՁՐ:1 ՍԱԿԱՅՆ:1 ԱՍԵԼ:1 ԱՐՏԱԿԱՐԳ:1 ԼԻԱԶՈՐ:1 ՆԱԵՒ:1 ԴՐԱՄԱՇՆՈՐՀ:1 ՓԱՌԱՏՈՆ:1 ԱՄՓՈՓՈՒՄ:1 ԳՐԱԿԱՆ:4 ՏԱՐԻ:1 ԹՈՂՆԵԼ:1 ՄԵԿՆԱԲԱՆՈՒԹՅՈՒՆ:1 ԱՆՈՒՆ:1 ՓՈՍՏ:1 ԿԱՅՔ:2 ՄԵՐ:1 ՀԱՄԱՅՆՔ:2 ՀՐԱՏԱՐԱԿՉՈՒԹՅՈՒՆ:1 ՀԱՆԴԵՍ:1 ԳՐԱԽԱՆՈՒԹ:1 ԱՐԽԻՎ:1 ԹՎԱՅԻՆ:1 ԳՐԱԴԱՐԱՆ:1 ԿԱՊ:2 ՄԵԶ:1 ՀԵՏ:1 ԽՄԲԱԳՐԱԿԱՆ:1 ԳՈՎԱԶԴ:1 ԸՆԴՈՒՆՈՒՄ:1 ԱՋԱԿՑԵԼ:2 ԳՈՐԾՈՒՄ:1 ՀԵՂԻՆԱԿԱՅԻՆ:2 ԲՈԼՈՐ:2 ՈՐՈՆՔ:1 ՈՒՄ:1 ՊԱՐՏԱԴԻՐ:1 ՆՇԵԼ:1 ՏԱԼ:1 ԱԿՏԻՎ:1 ՀՂՈՒՄ:1 ՓՆՏՐԵԼ:1 ՀԵՂԻՆԱԿ:1 ԿԱՄ:1 ՏԵՔՍՏ:1
https://granish.org/aghasi-ayvazyan-pies/	ԺՈՂՈՎԱԾՈՒ:2 ԳՐԱՆԻՇ:6 ԺԱՄԱՆԱԿԱԿԻՑ:1 ԳՐԱԿԱՆՈՒԹՅՈՒՆ:1 ՎԵՐՋԵՐՍ:1 ՊԱՏՄՎԱԾՔ:1 ՊՈԵԶԻԱ:1 ԷՍՍԵ:1 ԳՐԱԽՈՍԱԿԱՆ:1 ՄՐՑԱՆԱԿ:2 ԱՅՍՕՐ:1 ԳՐՈՂ:2 ՍՑԵՆԱՐԻՍՏ:2 ՌԵԺԻՍՈՐ:3 ՀԱՅԵՐԵՆ:2 ՌՈՒՍԵՐԵՆ:2 ՆՈՅԵՄԲԵՐ:1 ՐՈՊԵ:1 ՆԵՐԿԱ:1 ՊԱՐԶԱՊԵՍ:1 ՆԱԽԱԳԱՀ:1 ԱԶԳԱՅԻՆ:1 ՄԻԱՅՆ:1 ՎԱՌ:1 ՊԱՀԵԼ:1 ԱՅԼԵՒ:1 ԱՐԴԻԱԿԱՆ:1 ԼԻՆԵԼ:1 ՄԵՋ:2 ՏՈՒՆ:1 ԱՌԱՋԻՆ:2 ԱՆԳԱՄ:1 ԲՈԼՈՐ:3 ԹՎՈՒՄ:1 ԵՐԵՔ:1 ԱՆՏԻՊ:1 ԳՈՐԾ:1 ՀԵՔԻԱԹ:1 ԿԱԶՄԵԼ:1 ՀՐԱՏԱՐԱԿԵԼ:1 ԾՆՎԵԼ:1 ԵՐԿՐՈՐԴ:1 ՀԱՄԱՇԽԱՐՀԱՅԻՆ:1 ՀԵՏՈ:1 ԱՎԱՐՏԵԼ:1 ՏՊԱԳՐՎԵԼ:1 ՆԿԱՐԱՀԱՆՎԵԼ:1 ՇՈՒՐՋ:1 ՈՐՊԵՍ:1 ԲԵՄԱԴՐՈՂ:1 ԼԱՊՏԵՐ:1 ՆԱԵՒ:1 ԴՐԱՄԱՇՆՈՐՀ:1 ՓԱՌԱՏՈՆ:1 ԱՄՓՈՓՈՒՄ:1 ԳՐԱԿԱՆ:4 ՏԱՐԻ:1 ԹՈՂՆԵԼ:1 ՄԵԿՆԱԲԱՆՈՒԹՅՈՒՆ:1 ԱՆՈՒՆ:1 ՓՈՍՏ:1 ԿԱՅՔ:2 ՄԵՐ:1 ՀԱՄԱՅՆՔ:2 ՀՐԱՏԱՐԱԿՉՈՒԹՅՈՒՆ:1 ՀԱՆԴԵՍ:1 ԳՐԱԽԱՆՈՒԹ:1 ԱՐԽԻՎ:1 ԹՎԱՅԻՆ:1 ԳՐԱԴԱՐԱՆ:1 ԿԱՊ:2 ՄԵԶ:1 ՀԵՏ:1 ԽՄԲԱԳՐԱԿԱՆ:1 ԳՈՎԱԶԴ:1 ԸՆԴՈՒՆՈՒՄ:1 ԱՋԱԿՑԵԼ:2 ԳՈՐԾՈՒՄ:1 ՀԵՂԻՆԱԿԱՅԻՆ:2 ՈՐՈՆՔ:1 ՈՒՄ:1 ՊԱՐՏԱԴԻՐ:1 ՆՇԵԼ:1 ՏԱԼ:1 ԱԿՏԻՎ:1 ՀՂՈՒՄ:1 ՓՆՏՐԵԼ:1 ՀԵՂԻՆԱԿ:1 ԿԱՄ:1 ՏԵՔՍՏ:1
https://granish.org/anthology-18-33/	ԱՆԹՈԼՈԳԻԱ:4 ԱՐԴԻ:5 ՀԱՅ:9 ԱՐՁԱԿ:4 ԳՐԱՆԻՇ:6 ԺԱՄԱՆԱԿԱԿԻՑ:1 ԳՐԱԿԱՆՈՒԹՅՈՒՆ:2 ՎԵՐՋԵՐՍ:1 ՊԱՏՄՎԱԾՔ:1 ՊՈԵԶԻԱ:1 ԷՍՍԵ:1 ԳՐԱԽՈՍԱԿԱՆ:3 ՄՐՑԱՆԱԿ:2 ՀԱՄԱԶԳԱՅԻՆ:2 ԿՐԹԱԿԱՆ:3 ՄՇԱԿՈՒԹԱՅԻՆ:3 ԼՈՒՅՍ:3 ԿԱԶՄԵԼ:2 ԽՄԲԱԳՐԵԼ:2 ՄԱՐՏ:1 ՐՈՊԵ:1 ՀՐԱՉՅԱ:1 ՄՀԵՐ:1 ՀԱՄԲԱՐՁՈՒՄ:1 ԱՐԵԳ:1 ԸՆԴՀԱՆՈՒՐ:1 ԵՐԻՏԱՍԱՐԴ:3 ԳՐԱՔՆՆԱԴԱՏ:1 ՎԱՂՎԱ:2 ՄԵՋ:2 ՃԳՆԱԺԱՄԱՅԻՆ:1 ԳՐԱԿԱՆ:6 ՆՈՐ:1 ԳՆԱՀԱՏՈՒՄ:1 ՅՈՒՐՈՎԻ:1 ՆԱԵՒ:6 ՍՏԵՂԾԱԳՈՐԾԱԿԱՆ:3 ՆՇԱՆԱԿՈՒՄ:1 ԱՅԴ:2 ԲՈԼՈՐ:3 ԸՆՏՐՎԵԼ:1 ՄԵՐ:2 ԿԱՄ:3 ՓՈԽԱՐԵՆ:1 ՈՐՏԵՂ:1 ԻՐԱՊԵՍ:1 ՆԵՐԿԱ:1 ԳՐՈՂԱԿԱՆ:1 ԹԱՔՆՎԱԾ:1 ՈՐԱԿ:1 ԳՐՈՂ:2 ՉԵՄ:1 ԱՆՎԵՐԱՊԱՀ:1 ՀԱՐԳՈՒՄ:1 ԱՊՐՈՒՄ:1 ՊԱՏՐԱՍՏ:1 ԱՅՆ:3 ԿԻՍԵԼ:1 ՀԵՏ:4 ՀԱՄԱՐ:1 ՍԱԿԱՅՆ:1 ՊԵՏՔ:1 ՁԵՌՔ:1 ԲԵՐԵԼ:2 ԲԱՅՑ:1 ՆԱԽ:1 ԻՐԱՎՈՒՆՔ:1 ՊԻՏԻ:1 ԳՐՈՒՄ:1 ՄԻԱՅՆ:1 ԿԱՆԽՈՐՈՇՈՒՄ:1 ԱՊԱԳԱ:1 ՉԻՔ:1 ՀՈՌԵՏԵՍԱԿԱՆ:1 ԸՍՏ:1 ՎԿԱՅՈՒՄ:1 ԱՐԺԱՆԻ:1 ՄԱՍԻՆ:1 ՈՐԸ:1 ԵՐԻՏԱՍԱՐԴԱԿԱՆ:1 ԱԿՏԻՎՈՒԹՅՈՒՆ:1 ՍԵՐՈՒՆԴ:2 ԳՈՅՈՒԹՅՈՒՆ:1 ՇԱՐՈՒՆԱԿ:1 ՀԱՅՐԱԿԱՆ:1 ՎԵՐԱԲԵՐՎԵԼ:1 ԶԱՏ:1 ԿԱՐԵՒՈՐ:1 ՀԱՆԴԵՊ:1 ՔԱՆԻ:1 ԱՅԼԸՆՏՐԱՆՔ:1 ՉՈՒՆԻ:1 ՏԱՐԲԵՐՈՒԹՅՈՒՆ:1 ԱՍԵՆՔ:1 ՈՐՈՆՔ:3 ԶԵՐԾ:1 ԳԱՂԱՓԱՐԱԿԱՆ:1 ԸՆԾԱՅԵԼ:1 ԱԿԱԴԵՄԻԱԿԱՆ:1 ՇԱՎԱՐՇ:1 ԻՐԵՆՑ:2 ՄՈՏԵՆԱԼ:1 ԴԱՌՆԱԼ:1 ԲԱԽՏԱՎՈՐ:1 ՈՐՈՎՀԵՏԵՒ:1 ԻՆՔՆԱԲԱՎ:1 ԿԱՐՈՂ:2 ԱՊՐԵԼ:1 ՁԵՐ:1 ՁԵԶ:2 ԱՎԵԼԻ:1 ՔԱՆ:1 ՇԵՂԵԼ:1 ԿԵՆՏՐՈՆԱԿԱՆ:1 ԱՆԴԱՄ:1 ԴՈՒՔ:1 ՄԵՆՔ:1 ՏԵՂԻ:1 ՄԻՈՒԹՅՈՒՆ:1 ԴՐԱՄԱՇՆՈՐՀ:1 ՉԻՆԱԿԱՆ:1 ՍԱՀՄԱՆԱՅԻՆ:1 ՓԱՌԱՏՈՆ:1 ԹՈՂՆԵԼ:1 ՄԵԿՆԱԲԱՆՈՒԹՅՈՒՆ:1 ԱՆՈՒՆ:1 ՓՈՍՏ:1 ԿԱՅՔ:2 ՀԱՄԱՅՆՔ:2 ՀՐԱՏԱՐԱԿՉՈՒԹՅՈՒՆ:1 ՀԱՆԴԵՍ:1 ԳՐԱԽԱՆՈՒԹ:1 ԱՐԽԻՎ:1 ԹՎԱՅԻՆ:1 ԳՐԱԴԱՐԱՆ:1 ԿԱՊ:2 ՄԵԶ:1 ԽՄԲԱԳՐԱԿԱՆ:1 ԳՈՎԱԶԴ:1 ԸՆԴՈՒՆՈՒՄ:1 ԱՋԱԿՑԵԼ:2 ԳՈՐԾՈՒՄ:1 ՀԵՂԻՆԱԿԱՅԻՆ:2 ՈՒՄ:1 ՊԱՐՏԱԴԻՐ:1 ՆՇԵԼ:1 ՏԱԼ:1 ԱԿՏԻՎ:1 ՀՂՈՒՄ:1 ՓՆՏՐԵԼ:1 ՀԵՂԻՆԱԿ:1 ՏԵՔՍՏ:1
https://granish.org/snow/	ԳՐԱՆԻՇ:6 ԺԱՄԱՆԱԿԱԿԻՑ:1 ԳՐԱԿԱՆՈՒԹՅՈՒՆ:1 ՎԵՐՋԵՐՍ:1 ՊԱՏՄՎԱԾՔ:1 ՊՈԵԶԻԱ:1 ԷՍՍԵ:1 ԳՐԱԽՈՍԱԿԱՆ:1 ՄՐՑԱՆԱԿ:2 ՄՐՑԱՆԱԿԱԿԻՐ:2 ԹՈՒՐՔ:8 ԳՐՈՂ:2 ՄԵԿՆ:2 ՈՐԻ:2 ՏՊԱԳՐՎԵԼ:2 ՇՈՒՐՋ:2 ՄԱՅԻՍ:1 ՐՈՊԵ:1 ԱՐԵՒԵԼՔ:1 ԱՐԵՒՄՈՒՏՔ:1 ՀԱԿԱՍՈՒԹՅՈՒՆ:1 ՅՈՒՐԱՏԵՍԱԿ:1 ՆՐԱ:1 ԱՅՍ:6 ՀԱՅ:7 ՀԱՄԱՐ:3 ՄՇԱԿՈՒԹԱՅԻՆ:4 ԳՐԱԿԱՆ:7 ԶԱՏ:1 ԲՆԱԿԱՆՈՐԵՆ:1 ԱԶԳԱՅԻՆ:2 ՀՈԳԵԲԱՆԱԿԱՆ:1 ՄԵԿ:2 ԱՅԼ:1 ՄԻԱՅՆ:2 ՄԵԶ:3 ՀԱՍԿԱՆԱԼԻ:1 ՆՇԱՆԱԿՈՒԹՅՈՒՆ:1 ՄԵՆՔ:1 ՄԻԼԻՈՆ:1 ԵՐԵՍՈՒՆ:1 ՀԱԶԱՐ:1 ՔՈՒՐԴ:1 ՍՊԱՆԵԼ:1 ԱՌԱՋԱԴԵՄ:1 ԱՅՆ:6 ՍԵՓԱԿԱՆ:1 ԱՌԱՋ:2 ՀԱՅԵՐԵՆ:4 ԹԵՐԵՒՍ:1 ՆԱԵՒ:4 ԽՈՐՀՐԴԱՆՇԱԿԱՆ:1 ԲՆՈՒՅԹ:1 ՆԱԽԱՁԵՌՆԵԼ:1 ՀԱՄԱԶԳԱՅԻՆ:1 ԿՐԹԱԿԱՆ:1 ԿԱՏԱՐԵԼ:1 ԵՐԵԿ:1 ՆԱԽԱԳԱՀ:1 ՄԱՍԻՆ:1 ԵՐԿՈՒ:2 ՏԱՐԻ:2 ԲՆԱՎ:1 ԿԱՐՈՂ:2 ՊԱՏԿԵՐԱՑՆԵԼ:1 ՄԵՐ:5 ՀԱՃԱԽ:1 ԹՈՒՐՔԱԿԱՆ:4 ԵՐԲ:2 ԱՅԴ:2 ՊԱՐԶ:1 ԿՐՈՒՄ:1 ԱՄԲՈՂՋ:1 ԳԻՏԱԿՑՈՒԹՅՈՒՆ:1 ՀԻՄՆԱԿԱՆ:1 ԻՆՉՊԵՍ:2 ԲԱՐՁՐԱՐԺԵՔ:1 ՀԵՏ:2 ԵՂԵԼ:1 ՇԱՏ:3 ՀԱՄԱՐԺԵՔ:1 ՀԵՂԻՆԱԿԱՅԻՆ:3 ՀԱՄԱՁԱՅՆՈՒԹՅՈՒՆ:1 ԴԻՄԵԼ:1 ՀՐԱԺԱՐՎԵԼ:1 ԿԱՐԵՒՈՐ:2 ԵՊԻ:1 ՀԱՏԿԱՊԵՍ:1 ՔԱՂԱՔԱԿԱՆ:1 ԻՐԱԴԱՐՁՈՒԹՅՈՒՆ:1 ՃԱՆԱՉՈՂԱԿԱՆ:3 ՄԵԿԸ:1 ԱՅՍՊԵՍ:1 ՀԵՏԱՔՐՔՐԱԿԱՆ:1 ԿԱՆ:1 ՀՐԱՇԱԼԻ:1 ԳՐՔԵՐ:1 ԳԵՂԱՐՎԵՍՏԱԿԱՆ:3 ՀԵՌՈՒ:1 ՉԵՄ:1 ՎԱՅԵԼԵԼ:1 ՈՐՊԵՍ:3 ՄԱՔՈՒՐ:1 ԳՈՐԾ:1 ՈՐՔԱՆ:1 ԱԶՆՎՈՐԵՆ:1 ՆԱՅԵԼ:1 ԲԱՅՑ:2 ՍԵՒ:1 ՑՈՒՅՑ:1 ԶՈՒՏ:1 ԵՐԵՒՈՒՅԹ:1 ՄԵՋ:5 ՀԱՋՈՂԵԼ:1 ԱՐԵՒՄՏՅԱՆ:1 ԿՐՈՂ:1 ԹԵԵՒ:3 ՍՏԵՂԾԱԳՈՐԾԵԼ:1 ՆԿԱՏԻ:1 ՎԵՐՋԻՆ:1 ՏԱՍԸ:1 ՆՈՒՅՆ:1 ՈՒՍԱՆԵԼԻ:1 ԱՐԵՒԵԼՅԱՆ:1 ՊԱՐՍԿԱԿԱՆ:1 ԱՐԱԲԱԿԱՆ:1 ԵՎՐՈՊԱԿԱՆ:1 ԴՆԵԼ:1 ՍՏԱՆԱԼ:1 ԵԶԱԿԻ:1 ՀԱՄԱԴՐՈՒԹՅՈՒՆ:1 ԱՆԿԱԽ:1 ԱՌԱՆՁՆԱՊԵՍ:1 ԵՐԻՏԱՍԱՐԴ:1 ՎՐԱ:1 ՈՒՇԱԴՐՈՒԹՅՈՒՆ:1 ԱԶԱՏ:1 ԵԹԵ:1 ԱՅԴՊԻՍԻ:1 ՎԵՊ:1 ԱՅՍՏԵՂ:1 ԳՈՐԾԻ:1 ՎՏԱՐԱՆԴԻ:1 ԴԱՏԱԿԱՆ:1 ՄԻՋԱԶԳԱՅԻՆ:1 ՀԱՆՐԱՀԱՅՏ:1 ԹԱՐԳՄԱՆՎԵԼ:1 ԹՈՒՐՔԵՐԵՆ:1 ՏԱԿ:1 ՊԱՀՊԱՆԵԼ:1 ՎԻՊԱԿԱՆ:1 ԻՍԿ:2 ՏԻԿԻՆ:1 ՆԵՐԿԱ:1 ՎԵՐՋԱՊԵՍ:1 ԱՀԱ:1 ԶՈՒԼԱԼ:1 ԱՌԱՆՑ:1 ԳԻՐՔ:2 ԴԱՇՏ:1 ՆՈՐ:1 ԿՏՐՈՒԿ:1 ԻՆՉ:1 ԻՆՉԻ:1 ԸՆԴՈՒՆԱԿ:1 ՄԱՍ:2 ՀԱՆՃԱՐԵՂ:1 ՏԵՒԱԿԱՆ:1 ՇՐՋԱՆ:1 ՊԱՀԱՆՋՈՂ:1 ԸՆԹԱՑՔ:1 ՔԱՆԻ:1 ԿԱՐԵԼԻ:1 ՄՈԼՈՐՎԵԼ:1 ԽԱԲՎԵԼ:1 ՆԵՐՇՆՉԵԼ:1 ԱՅԴՈՒՀԱՆԴԵՐՁ:1 ԵՐԵՒԱՆ:1 ՄՏԱԴՐՈՒԹՅՈՒՆ:1 ԴՐԱՄԱՇՆՈՐՀ:1 ՓԱՌԱՏՈՆ:1 ԱՄՓՈՓՈՒՄ:1 ԹՈՂՆԵԼ:1 ՄԵԿՆԱԲԱՆՈՒԹՅՈՒՆ:1 ԱՆՈՒՆ:1 ՓՈՍՏ:1 ԿԱՅՔ:2 ՀԱՄԱՅՆՔ:2 ՀՐԱՏԱՐԱԿՉՈՒԹՅՈՒՆ:1 ՀԱՆԴԵՍ:1 ԳՐԱԽԱՆՈՒԹ:1 ԱՐԽԻՎ:1 ԹՎԱՅԻՆ:1 ԳՐԱԴԱՐԱՆ:1 ԿԱՊ:2 ԽՄԲԱԳՐԱԿԱՆ:1 ԳՈՎԱԶԴ:1 ԸՆԴՈՒՆՈՒՄ:1 ԱՋԱԿՑԵԼ:2 ԳՈՐԾՈՒՄ:1 ԲՈԼՈՐ:2 ՈՐՈՆՔ:1 ՈՒՄ:1 ՊԱՐՏԱԴԻՐ:1 ՆՇԵԼ:1 ՏԱԼ:1 ԱԿՏԻՎ:1 ՀՂՈՒՄ:1 ՓՆՏՐԵԼ:1 ՀԵՂԻՆԱԿ:1 ԿԱՄ:1 ՏԵՔՍՏ:1
https://granish.org/%d5%b6%d5%b8%d6%80%d5%a1%d5%b5%d6%80-%d5%a1%d5%a4%d5%a1%d5%ac%d5%b5%d5%a1%d5%b6-%d5%bd%d6%87-%d6%84%d5%a1%d5%bc%d5%a1%d5%af%d5%b8%d6%82%d5%bd%d5%ab-%d5%af%d5%a1%d6%80%d5%b4%d5%ab%d6%80-%d5%a1%d5%b6/	ՍԵՒ:8 ՔԱՌԱԿՈՒՍԻ:6 ԿԱՐՄԻՐ:9 ԳՐԱՆԻՇ:6 ԺԱՄԱՆԱԿԱԿԻՑ:1 ԳՐԱԿԱՆՈՒԹՅՈՒՆ:1 ՎԵՐՋԵՐՍ:1 ՊԱՏՄՎԱԾՔ:1 ՊՈԵԶԻԱ:1 ԷՍՍԵ:1 ԳՐԱԽՈՍԱԿԱՆ:2 ՄՐՑԱՆԱԿ:3 ԱՅԼ:3 ՀԵՏ:7 ԲԱՑՈՒՄ:2 ԱՅՆ:3 ՀՈՒՆԻՍ:1 ՐՈՊԵ:1 ԱՅՍ:1 ԿԱՏԱՐՈՒՄ:1 ԿԱՐՈՂ:2 ՀՈՐ:1 ՏԵՍՆԵԼ:2 ՊԱՏՄԵԼ:2 ՄԱՍՆԱԿԻՑ:1 ԼԻՆԵԼ:2 ՄԵԿԸ:1 ՄԵՐ:5 ՀԱՄԵՄԱՏԵԼ:1 ՃԱՄՓԱ:1 ԸՆԿԱԾ:1 ԴՐԱՄԱՏԻԿ:1 ՀՐԱՊԱՐԱԿ:1 ԱՅՍՏԵՂ:2 ՃԻՇՏ:2 ՀԱՐՈՒԹՅՈՒՆ:1 ԱՆՈՒՆ:3 ԱՀԱ:1 ՎԱՂ:1 ԿԱՊՈՒՅՏ:1 ՏՈՒՐՔ:1 ՍԱԿԱՅՆ:2 ՆՈՐ:1 ՓՈԽՈՒՄ:1 ՄՏՈՎԻ:1 ԳՆՈՒՄ:2 ՀԵՌՎԻՑ:1 ԻՆՔՆ:1 ՎԵՐԱՊՐՈՒՄ:1 ԱՊՐՈՒՄ:1 ՄԵՋ:3 ՕԳՏԱԳՈՐԾՈՒՄ:1 ՍԱՍՆԱ:1 ՀԱՄԱՐ:4 ԳԱՂԱՓԱՐԱԿԱՆ:2 ՀԱՍՏԱՏԵԼ:1 ՊԱՏՄԱԿԱՆ:4 ԱՐԵՒՄՏՅԱՆ:1 ՄԵԿ:2 ԴՐՎԱԳԱՅԻՆ:1 ԴԱԺԱՆ:1 ՄԻԱՀՅՈՒՍՈՒՄ:1 ՆԱԵՒ:4 ՀԵՐՈՍԱԿԱՆ:1 ԱՅՆՈՒԱՄԵՆԱՅՆԻՎ:1 ՎՐԱ:3 ՆԵՐԿԱՅԱՑՆԵԼ:1 ՈՂՋ:2 ԴԱԴԱՐՈՒՄ:1 ՏԻԿԻՆ:1 ՔԱՐ:1 ԾԱՌ:1 ՎԱԽՃԱՆ:1 ՎԵՐՋԱՎՈՐՈՒԹՅՈՒՆ:1 ՄՈՒԹ:1 ՇՈՒՐՋ:1 ՏԱՆ:1 ԲԱՐՁՐԱՁԱՅՆ:1 ԲՆՈՐՈՇ:1 ԲՈԼՈՐ:4 ՊԱՏԱՍԽԱՆՈՒՄ:1 ԱՅՈ:1 ՄԱՀ:1 ՍՏԵՂԾՎԵԼ:1 ՈՐՔԱՆ:1 ՋԱՆՔ:1 ՎԿԱՅՈՒՄ:1 ՉՈՐ:1 ԲՈՒԻ:1 ՎԵՐՍՏԻՆ:1 ՄԵՌՆՈՒՄ:1 ՄԻՆՉԵՒ:1 ՆՐԱ:2 ԴԵՊԻ:2 ԻՐԵՆ:1 ԿԱՆՉՈՒՄ:1 ՎԵՐՋԻՆ:1 ԴԻՄԱՑ:1 ԾՆՆԴԱՎԱՅՐ:1 ՍԻՄՈՆ:1 ՏԵՐ:1 ՍՈՖԻ:1 ԷԼԻ:1 ՆՐԱՆՔ:1 ԴՈՒՐՍ:1 ՆՈՅ:1 ԸՆԴՈՒՆՈՒՄ:2 ՀԵՏՈ:1 ԵՐԲ:1 ԱՌԱՋ:1 ԽՆԴՐՈՒՄ:1 ԻՆՁ:1 ՆԱԽԸՆՏՐԵԼԻ:1 ԿԱՐԱՊԵՏ:1 ԱՎԵԼԻ:1 ՈՒՇ:1 ՔՈՎ:1 ԷՊԻԿԱԿԱՆ:1 ՈՍԿԵ:1 ՁԻՆ:1 ՏԵՂ:2 ՊԵՍ:1 ԲՈՒՆ:1 ՏԱՐԱԾՔ:1 ԷԱԿԱՆ:1 ՀԱՏԿԱՊԵՍ:1 ԱՂԲՅՈՒՐ:1 ՄԵՆՔ:2 ՀԱՆԴԻՊՈՒՄ:2 ԱՆԱՊԱՏ:1 ԵՐԿՐԱՉԱՓԱԿԱՆ:1 ԿՆՔՈՒՄ:1 ՃԱՆԱՊԱՐՀ:1 ՃԱԿԱՏԱԳԻՐ:1 ԱԶԳԻ:1 ՀԱԶԱՐ:1 ՄԱՐԴ:1 ՁԵՌՔ:1 ԳՐԿԵԼ:1 ԱՀՌԵԼԻ:1 ԿԱՆԳՈՒՆ:1 ԳԵՐԻՇԽՈՒՄ:1 ԸՍՏ:1 ԱՆՁՆ:1 ԺՈՂՈՎՈՒՐԴ:1 ՈՒՍՏԻ:1 ՀԱՂԹԱՀԱՐԵԼ:1 ԿԱՆԳՆՈՒՄ:1 ՀԱՆԳՐՎԱՆ:1 ԲԱՅՑ:1 ԱՆՓՈՓՈԽ:1 ՅՈԹ:3 ՏԱՐԻ:1 ԴԱՐ:1 ՀԱԶԱՐԱՄՅԱԿ:1 ԳՈՐՇ:1 ԳԱՅԼ:1 ԴՈՒ:4 ՄԻՆՉ:1 ԱՇԽԱՐՀԻ:1 ՎԵՐՋ:1 ԴԵՄ:1 ՉԻՆԱԿԱՆ:1 ՍԱՀՄԱՆԱՅԻՆ:1 ՀՈԳԵՒՈՐ:1 ՔԱՂԱՔԱԿԱՆՈՒԹՅՈՒՆ:1 ԿՐՈՆ:1 ՌՈՄԱՆՏԻԶՄ:1 ԿԱՐԾԻՔ:1 ԹՈՂՆԵԼ:1 ՄԵԿՆԱԲԱՆՈՒԹՅՈՒՆ:1 ՓՈՍՏ:1 ԿԱՅՔ:2 ԳՐԱԿԱՆ:3 ՀԱՄԱՅՆՔ:2 ՀՐԱՏԱՐԱԿՉՈՒԹՅՈՒՆ:1 ՀԱՆԴԵՍ:1 ԳՐԱԽԱՆՈՒԹ:1 ԱՐԽԻՎ:1 ԹՎԱՅԻՆ:1 ԳՐԱԴԱՐԱՆ:1 ԿԱՊ:2 ՄԵԶ:1 ԽՄԲԱԳՐԱԿԱՆ:1 ԳՈՎԱԶԴ:1 ԱՋԱԿՑԵԼ:2 ԳՈՐԾՈՒՄ:1 ՀԵՂԻՆԱԿԱՅԻՆ:2 ՈՐՈՆՔ:1 ՈՒՄ:1 ՊԱՐՏԱԴԻՐ:1 ՆՇԵԼ:1 ՏԱԼ:1 ԱԿՏԻՎ:1 ՀՂՈՒՄ:1 ՓՆՏՐԵԼ:1 ՀԵՂԻՆԱԿ:1 ԿԱՄ:1 ՏԵՔՍՏ:1
https://granish.org/peter-balakian/	ՍԵՒ:6 ԳՐԱՆԻՇ:6 ԺԱՄԱՆԱԿԱԿԻՑ:2 ԳՐԱԿԱՆՈՒԹՅՈՒՆ:1 ՎԵՐՋԵՐՍ:3 ՊԱՏՄՎԱԾՔ:1 ՊՈԵԶԻԱ:1 ԷՍՍԵ:1 ԳՐԱԽՈՍԱԿԱՆ:1 ՄՐՑԱՆԱԿ:2 ՎԵՊ:4 ՀԱՅՏՆԻ:2 ՀԵՂԻՆԱԿ:3 ՍՏՈՐԵՒ:2 ԹԱՐԳՄԱՆԱԲԱՐ:2 ԼՈՒՅՍ:2 ԱՌԹԻՎ:2 ՏԱՐԲԵՐԱԿՈՒՄ:2 ՆՈՐ:2 ԳԼՈՒԽ:2 ԱՌԱՋԻՆ:4 ԱՆԳԱՄ:3 ՏՊԱԳՐՎԵԼ:2 ԱՊՐԻԼ:1 ՐՈՊԵ:1 ԿԱՐԵՆ:1 ԹԱՅՄՍ:1 ԹԵՐԹՈՒՄ:1 ԴԵՐ:6 ՀԱՄԱՀԱՎԱՍԱՐ:1 ԻՄԱՍՏ:1 ՁԵՌՔ:2 ԲԵՐԵԼ:2 ՀԱՄԱՐ:4 ՏԱՐԲԵՐ:1 ԶԱՆԳՎԱԾԱՅԻՆ:1 ԽՈՐՀՐԴԱՆՇԱԿԱՆ:1 ՎԱՅՐ:2 ՏԵՂԱՆՈՒՆ:1 ՎՐԱ:5 ԱՐՏԱՀԱՅՏՈՒԹՅՈՒՆ:1 ԿԱՄ:4 ՆՄԱՆ:1 ՔԵԶ:1 ՍՂՈՑԻ:1 ՊԵՍ:1 ԿՏՐՈՒՄ:1 ԴԵՊԻ:4 ՈՒՐ:1 ՀԱՐՅՈՒՐ:1 ՀԱԶԱՐԱՎՈՐ:1 ՀԱՅԵՐ:1 ՍՏԻՊՎԱԾ:1 ՀԱՍՆԵԼ:1 ՀԱՄԱՇԽԱՐՀԱՅԻՆ:1 ՆԵՐՔՈ:1 ՕՍՄԱՆՅԱՆ:1 ՀԵՏՈ:5 ՀԱՅԿԱԿԱՆ:3 ՄԱԶԱՊՈՒՐԾ:1 ԿԱՐԵՒՈՐ:1 ՄԵԿԸ:3 ԱՌԱՎԵԼ:1 ԱՐԵՒԵԼՅԱՆ:1 ԶՈՐ:2 ԱՅՆՏԵՂ:1 ՄԻՆՉԵՒ:2 ՄԵՐԹ:2 ԶՈՒԼԱԼ:1 ՀՈՍՈՒՆ:1 ԿԱՆԱՉԱՎՈՒՆ:1 ԴԱՐՉՆԱԳՈՒՅՆ:1 ԴԱՆԴԱՂԱՀՈՍ:1 ԻՆՉՊԵՍ:2 ՄԵՋ:5 ԻՀԱՐԿԵ:1 ԿԱՐՄԻՐ:1 ՆԿԱՐԱԳՐԵԼ:1 ՄԵՆՔ:2 ԱՌԵՒՏՐԱԿԱՆ:1 ԱՐԱԳԸՆԹԱՑ:1 ՔԱՐԱՇԵՆ:1 ՃԱԿԱՏԱՅԻՆ:1 ՄԱՍԻՆ:3 ՏԵՐ:2 ՄԵԶ:3 ՆԵՐՍ:2 ՆԵՐՔԵՒ:1 ՏԱԿ:2 ԿԱՄԱՐԱԿԱՊ:1 ՄԱՐՄԱՐՅԱ:1 ՀՍԿԱՅԱԿԱՆ:2 ՈՐԸ:1 ՎԵՐ:2 ԼԱՅՆ:1 ՇՈՒՐՋԸ:1 ԱՊԱԿԵ:2 ԽՆԱՄՔՈՎ:1 ՀԱՐՅՈՒՐԱՎՈՐ:1 ՄԵԾ:2 ՉՈՐՍ:1 ԿՈՂՔ:1 ԿՈՂՔԻ:1 ԷԼԻ:1 ԱՅԴ:6 ՀԱՎԱՔԵԼ:1 ՇՈՒՏՈՎ:1 ԱՆՄԻՋԱՊԵՍ:2 ԱՐԵՒԵԼՔ:1 ՉՈՐ:1 ՀՈՂԱՏԱՐԱԾՔ:1 ՔԱՆԻ:1 ԺԱՄ:1 ԱՆԸՆԴՄԵՋ:1 ԲԱՑԻ:1 ԺԱՄԱՆԱԿ:2 ԱՄԱՅԻ:1 ՄԵՐ:4 ԿԱՆԳ:1 ՍՊԻՏԱԿ:1 ՓՈՔՐԻԿ:1 ՄԱՏՈՒՌ:2 ՀԱՅՐ:1 ՄՈՏ:1 ՏԱՐԻ:3 ԱՌԱՋ:1 ԵՐԲ:2 ԱՅՍ:4 ՄԱՐԴԻԿ:1 ՆԱՎԹ:1 ՈՐՈՆՈՒՄ:1 ԴՈՒՐՍ:3 ՀԵՆՑ:2 ԱՅՈ:1 ԱՅՍՏԵՂ:2 ՈՐՈՇԱԿԻ:1 ՀՈՂԱՅԻՆ:1 ՏԱՐԱԾՔ:1 ԴԵՄ:1 ԿԱՐԾՐ:1 ԱՌԱՆՑ:1 ԵՐԿԱՐ:1 ԽՈՌՈՉԱՅԻՆ:1 ԻՆԸ:1 ՏԱՍՆԱՄՅԱԿ:1 ԱՆՑ:2 ԼՑՆԵԼ:1 ԿՐԱՅԻՆ:1 ԾԱԿՈՏԿԵՆ:1 ԲԱՅՑ:4 ԱՄՐԱԿՈՒՌ:1 ՊԱՐՏԱՎՈՐՎԱԾ:1 ԻՆՁ:3 ՀԵՏ:5 ԲԱՐՁՐԱՑՆԵԼ:1 ՍԱՌՆ:1 ԻՍԿ:2 ՀԵՏԵՒՈՒՄ:1 ԽԱՉ:1 ԴԵՂՆԱՎՈՒՆ:1 ԹԱՓԱՆՑՈՒՄ:1 ԱՄԲՈՂՋ:2 ԲԱՑ:1 ՆԱՐՆՋԱԳՈՒՅՆ:1 ՀԱՆԵԼ:1 ՀԵՌԱՆԱԼ:2 ԻՆՔՍ:1 ՆՈՐԻՑ:1 ՇՆՉԵԼ:1 ԱԶԱՏ:1 ԿԵՍ:2 ՔՈՒՆ:1 ԱՐԹՈՒՆ:1 ՄԻԱՅՆ:1 ՄԵԿ:1 ՈՒՐԻՇ:1 ՕՐԳԱՆԱԿԱՆ:1 ՆՅՈՒԹԵՐ:1 ՓՈԽԱԴՐՈՒՄ:1 ՀՍՏԱԿ:1 ՁԵԶ:2 ՀՈՂ:1 ՄԻՐԳ:1 ԲՈՒՅՍ:1 ԱՅԼ:2 ԱՅՑԵԼԵԼ:2 ԱՅԺՄ:1 ԱՐԴԵՆ:2 ԿՐԿՆԱԿԻ:1 ԱՄՈՒՐ:1 ԱՆՇՈՒՇՏ:1 ՉՆԱՅԱԾ:1 ԲՋՋԱՅԻՆ:1 ԱՊԱ:1 ԻՆՆՍՈՒՆ:2 ԱՊԱՀՈՎ:1 ԻՐԵՆՑ:2 ՏԵՂՈՒՄ:1 ՈՐԵՒԷ:1 ԿԱՐՈՂ:3 ԱՍԵԼ:1 ՍՐԱՆՔ:1 ԱՐՈՏԱՎԱՅՐ:1 ՊԱՏԿԱՆԵԼ:1 ԲԵՐՈՒՄ:1 ՀԵՐԹԻ:1 ՑԱՆԿՈՒԹՅՈՒՆ:1 ՀԱՅՏՆԵԼ:1 ՆԱԽ:1 ԲԱՐԻ:2 ԳԱԼՈՒՍՏ:1 ՍՓՅՈՒՌՔԱՀԱՅ:1 ՆԱԵՒ:1 ՄԱՆԿՈՒԹՅՈՒՆ:1 ՍԵՒԱԿ:1 ԿԱՐԾԻՔ:1 ՄԻՇՏ:2 ՀԱՂԹՈՒՄ:2 ԿՅԱՆՔ:1 ԱՆՑԵԼ:1 ՀԻՇՈՂՈՒԹՅՈՒՆ:1 ԿԱԹՈՒՄ:1 ԱՐԴԻ:1 ԱՊՐԵԼ:1 ԱՇԽԱՐՀԻ:1 ԵՐԵՒԻ:1 ՍԱՌԱԾ:1 ՉԱՐԸ:1 ՎԵՐՋ:1 ՉՈՒՆԻ:1 ՀԻՄԱ:1 ՊԵՏՔ:2 ԱՐԳԵԼԵԼ:1 ՎԱՃԱՌԵԼ:1 ՄԿՐԱՏ:1 ՈՍԿԵ:1 ՍՏՈՒՄ:1 ՔՈՂԱՐԿՈՒՄ:1 ԴԵՂԻՆ:1 ԽԵՂԿԱՏԱԿ:1 ՈՐՈՎՀԵՏԵՒ:1 ԴԵՌ:1 ՏԵՒՈՒՄ:1 ԳԻՏԻ:1 ԱՅՍՊԻՍԻ:1 ՄԻՋԱԿ:1 ՈՂԲՈՒՄ:1 ՊԱՏՃԱՌՈՎ:1 ՏԱՆՈՒԼ:1 ԱՐՏԱԿԱՐԳ:1 ԳՈՐԾ:1 ԱՆՊԱՅՄԱՆ:1 ԿԱՐԴԱԼ:1 ՈՐՊԵՍԶԻ:1 ԹՎՈՒՄ:1 ՍՈՎՈՐԱԿԱՆ:1 ՊԱՏՈՒՄ:1 ՆԿԱՐԱԳՐԱԿԱՆ:1 ԿԻՐԱՌՈՒՄ:1 ԱՅՆ:1 ԼԱՎ:1 ԹՈՂՆԵԼ:1 ՄԵԿՆԱԲԱՆՈՒԹՅՈՒՆ:1 ԱՆՈՒՆ:1 ՓՈՍՏ:1 ԿԱՅՔ:2 ԳՐԱԿԱՆ:3 ՀԱՄԱՅՆՔ:2 ՀՐԱՏԱՐԱԿՉՈՒԹՅՈՒՆ:1 ՀԱՆԴԵՍ:1 ԳՐԱԽԱՆՈՒԹ:1 ԱՐԽԻՎ:1 ԹՎԱՅԻՆ:1 ԳՐԱԴԱՐԱՆ:1 ԿԱՊ:2 ԽՄԲԱԳՐԱԿԱՆ:1 ԳՈՎԱԶԴ:1 ԸՆԴՈՒՆՈՒՄ:1 ԱՋԱԿՑԵԼ:2 ԳՈՐԾՈՒՄ:1 ՀԵՂԻՆԱԿԱՅԻՆ:2 ԲՈԼՈՐ:2 ՈՐՈՆՔ:1 ՈՒՄ:1 ՊԱՐՏԱԴԻՐ:1 ՆՇԵԼ:1 ՏԱԼ:1 ԱԿՏԻՎ:1 ՀՂՈՒՄ:1 ՓՆՏՐԵԼ:1 ՏԵՔՍՏ:1
https://granish.org/karpis-surenyan/	ՈՐՊԵՍ:4 ԳՐԱԿԱՆ:8 ԺԱՆՐ:4 ԳՐԱՆԻՇ:6 ԺԱՄԱՆԱԿԱԿԻՑ:1 ԳՐԱԿԱՆՈՒԹՅՈՒՆ:2 ՎԵՐՋԵՐՍ:1 ՊԱՏՄՎԱԾՔ:4 ՊՈԵԶԻԱ:1 ԷՍՍԵ:14 ԳՐԱԽՈՍԱԿԱՆ:1 ՄՐՑԱՆԱԿ:2 ՍԻՐՈՒՄ:2 ԱՌԱՋԻՆ:5 ԳՐԵԼ:5 ՀՈՐԻՆՎԱԾ:2 ՎՐԱ:3 ՍՏԵՂԾՎԱԾ:2 ԲՆԱԿԱՆԱԲԱՐ:3 ՈՐԵՒԷ:8 ՈՐՈՆՔ:4 ՃՇՏՈՐԵՆ:2 ՏԵՍՆԵԼՈՒ:2 ԴԵԿՏԵՄԲԵՐ:1 ՐՈՊԵ:1 ՀԱՄԱՐ:4 ԵՐԵՒԱԿԱՅՈՒԹՅՈՒՆ:1 ՊԵՏՔ:3 ԻՆՔՆԻՆ:1 ԱՐԴԵՆ:2 ԻՆՁ:5 ԱՅՆ:8 ԱՆՄԻՋԱԿԱՆՈՐԵՆ:2 ՀԵՏ:7 ԹԵՐԵՒՍ:1 ՆԱԽ:1 ԱՌԱՋ:5 ԻՆՔՍ:4 ԻՍԿ:14 ՄՏԱԾԵԼ:1 ԲԱՆ:2 ՊԱՏՄՈՒՄ:1 ԿԱՐՈՂ:1 ՆՐԱՆ:2 ՀԵՏԱՔՐՔՐԵԼ:1 ՀԱՃԵԼԻՈՐԵՆ:1 ՄԱՔՈՒՐ:1 ՁԵՒ:1 ՏԱԼ:2 ԲՆԱԿԱՆ:1 ՊԱՐԶ:1 ՀՍՏԱԿ:1 ԱՅՍ:13 ՍԱԿԱՅՆ:3 ՀԱՏԿԱՊԵՍ:3 ՎԵՐԱԲԵՐՅԱԼ:1 ՔԱՆԻ:2 ՀԱՄԱՐՈՒՄ:1 ՎԱՂՈՒՑ:1 ՔԱՆԻՑՍ:1 ՆՈՒՅՆԻՍԿ:5 ԱՅԴ:13 ԲԵՐԵԼ:1 ՄԵԶ:3 ՄՈՏ:3 ՀԱՐԿ:1 ՔԱՌԱՍՈՒՆ:1 ՏԱՐԻ:3 ԵՐԲ:3 ԲՆԻԿ:2 ՈՐԻ:2 ՄԵՋ:11 ԱՄՓՈՓԵԼ:1 ԱՐՎԵՍՏ:1 ՊԱՐԲԵՐԱԲԱՐ:1 ԼՈՒՅՍ:3 ԱՅԼ:6 ՍՊՈՐՏ:2 ՊԱՏԿԱՆՈՒՄ:1 ԵՐԵՒԻ:1 ԱՆԾԱՆՈԹ:1 ՈՒՍ:1 ԲԱՅՑ:7 ԱՅՆՈՒԱՄԵՆԱՅՆԻՎ:1 ԻՆՉՊԻՍԻ:1 ԸՆԴՈՒՆԵԼՈՒԹՅՈՒՆ:1 ԹՈՂ:2 ՍՈՎԵՏԱԿԱՆ:1 ԳՐԱԿԱՆԱԳԵՏ:2 ԱԶՆԻՎ:1 ԳԻՐՔ:1 ՈՒՐ:4 ՀԵՆՑ:8 ՍՈՎՈՐԱԿԱՆ:2 ԱՐՁԱԿ:2 ԱՊԱ:2 ԺԱՆՐԱՅԻՆ:2 ՅՈՒՐԱՀԱՏՈՒԿ:1 ՀԻՇԱՏԱԿԱՐԱՆ:1 ՕՐԱԳԻՐ:1 ԸՍՏ:6 ՆԱԵՒ:10 ԲԱԶՄԱՊԻՍԻ:1 ՀԱՎԱՍՏՈՒՄ:1 ԱՅՍՔԱՆ:1 ԲԱԶՄԱԶԱՆ:1 ԽԱՅՏԱԲՂԵՏ:1 ԻՄԱՑԱԿԱՆ:2 ՆՅՈՒԹԱԿԱՆ:1 ՆՐԱ:9 ՎԵՐԻՆ:1 ԱՄՐԱԿՈՒՌ:1 ՄԻԱՍՆԱԿԱՆ:2 ԳԵՂԱՐՎԵՍՏԱԿԱՆ:3 ԾԱՆՈԹ:1 ՈՒՐՈՒՅՆ:4 ԳՈՒՑԵ:2 ԶԱՐՄԱՆԱԼԻ:1 ՀԱՋՈՐԴ:1 ԱՌԹԻՎ:1 ԱՎԵԼԻ:7 ԾԱՎԱԼՈՒՆ:2 ԺՈՂՈՎԱԾՈՒ:1 ՆՈՒՅՆՊԵՍ:1 ԱՆՍՈՎՈՐ:1 ԲՆՈՐՈՇՈՒՄ:1 ՆՇԵԼ:2 ՏԱԿ:2 ՎԻՊԱԿԱՆ:1 ՈՐՈՇ:3 ՎԵՊ:2 ՊԱՅՄԱՆԱԿԱՆՈՐԵՆ:1 ՀԱՏՈՒԿ:2 ԻՆՔՆԱԲՈՒԽ:1 ՍԵՐՄԻ:1 ՆՄԱՆ:2 ԱՐՄԱՏ:1 ԿԱՄԱՑ:2 ԱՅՍՊԵՍ:1 ԿՈՉՎԱԾ:1 ՀԻՇՈՒՄ:1 ՀԵՏՈ:2 ԻՆՔՆ:1 ՈՄԱՆՔ:1 ԿԱՄ:19 ԻՆՉ:1 ԻԶՈՒՐ:1 ԱՅՍՊԻՍԻ:1 ՃԻՇՏ:2 ՈՐՈՎՀԵՏԵՒ:3 ԲՈՒՆ:2 ԿԱՐԵԼԻ:2 ԳՏՆԵԼ:1 ԴԵՌ:1 ՀԻՆ:1 ԱՍԵՆՔ:2 ՕՐԻՆԱԿ:4 ՉԻՆԱՑԻ:1 ՓԻԼԻՍՈՓԱ:4 ՄԵՐ:3 ԾՆՈՒՆԴ:1 ՖՐԱՆՍԻԱՑԻ:1 ԳՐՈՂ:2 ԸՆԾԱՅԵԼ:1 ԴԱՐԱԿԱԶՄԻԿ:1 ՈՐԸ:2 ԿՈՉԵԼ:1 ՔՍԱՆ:1 ՄԻՆՉԵՒ:3 ՖՐԱՆՍԵՐԵՆ:1 ԼՈԿ:2 ՆՇԱՆԱԿՈՒՄ:1 ՓՈՐՁԱՐԿՈՒՄ:1 ԱՆՁՆԱԿԱՆ:4 ԲՈԼՈՐ:5 ԱՆԿԱԽ:2 ԱԶԱՏՈՐԵՆ:2 ԵՆԹԱՐԿՈՒՄ:1 ՍԵՓԱԿԱՆ:4 ԱՆՁՆ:1 ՀԱՍԱՐԱԿԱԿԱՆ:1 ՀՈԳԵԲԱՆԱԿԱՆ:1 ԱՆՆԱԽԸՆԹԱՑ:1 ՆՈՒՐԲ:1 ՔՆՆԱԿԱՆ:1 ՄԵՐԹ:4 ՍԿԵՊՏԻԿ:1 ՀԱՅՏ:2 ԲԵՐՈՒՄ:1 ԸՆԴՀԱՆՐԱՊԵՍ:2 ՄԱՍԻՆ:4 ԼՐՋԱԳՈՒՅՆ:1 ՄԻՇՏ:2 ՋԵՐՄ:1 ԳՐԱՎԻՉ:1 ԻՆՉՊԵՍ:6 ԱՅՆՔԱՆ:1 ԲԱՐԵՀԱՋՈՂ:1 ՀՈՒՇՈՒՄ:1 ԲԱԶՄԱԿՈՂՄԱՆԻՈՐԵՆ:1 ՃԿՈՒՆ:1 ՆՄԱՆԵՑՆԵԼ:1 ՀՈՒՆԱԿԱՆ:1 ԾՈՎԱՅԻՆ:1 ԸՆԴՈՒՆԱԿՈՒԹՅՈՒՆ:1 ՔԱՆ:1 ՈՒՐԻՇ:3 ՄԻԱՅՆ:3 ԱՅԼԵՒ:2 ԱՄԵՆ:3 ՔՆՆԱԴԱՏ:1 ԱՐՎԵՍՏԱԲԱՆ:1 ՊԱՏՄԱԲԱՆ:1 ԳԻՏՆԱԿԱՆ:1 ԲԱՐՁՐԱԿԱՐԳ:1 ԺՈՒՌՆԱԼԻՍՏ:1 ԳՈՐԾԻՉ:2 ԴԻՄՈՒՄ:2 ԿԱՆՈՆԱԿԱՆ:1 ՇՈՒՐՋ:2 ԱՆՄԻՋԱԿԱՆ:2 ՏՎՅԱԼ:1 ԲԵՐԵԼՈՒ:1 ՆԵՐՔԻՆ:1 ՀՆԱՐԱՎՈՐՈՒԹՅՈՒՆ:1 ԻՐԵՆ:1 ՆՊԱՏԱԿԱՅԻՆ:1 ԿՈՂՄ:1 ԱԶԱՏ:1 ԱՆՊԱՅՄԱՆՈՐԵՆ:1 ԳԻՏԱԿ:1 ՀԱՆԴԵՐՁ:1 ԱՌԱՆՑ:1 ԼԻՈՎԻՆ:1 ՍՊԱՌԻՉ:1 ԱՌԱՋՆԱՅԻՆ:1 ԷԱԿԱՆ:1 ՊԱՅՄԱՆ:1 ՈՒՆԵՆԱԼ:1 ՁԻՐՔ:1 ԳՈՆԵ:1 ԱՌՆՎԱԶՆ:1 ԽՈՍՔԻ:1 ԶԳԱՑՈՂՈՒԹՅՈՒՆ:1 ԱՅՍԻՆՔՆ:2 ԻԲՐԵՒ:1 ՀԱՆԴԵՍ:3 ԱՅԼԱՊԵՍ:1 ՄԱՐԴ:2 ԶՐՈՒՑԱԿԻՑ:1 ԳՐԵԹԵ:1 ԱՆՄԻՋԱՊԵՍ:1 ՊԵՏԱԿԱՆ:2 ՆԵՐԻ:2 ԱՆՇՈՒՇՏ:1 ԳՈՐԾՆԱԿԱՆ:1 ԽՍՏԱՇՈՒՆՉ:1 ՔԱՂԱՔԱՑԻԱԿԱՆ:1 ԲԱՐՈՅԱԽՈՍԱԿԱՆ:1 ՀԵՏԶՀԵՏԵ:1 ԼԱՅՆ:3 ՏԱՐԱԾՈՒՄ:1 ԱՄԲՈՂՋ:1 ՄԵԾ:3 ՓՈՔՐ:1 ԻՐԵՆՑ:3 ԱՌՆՉՎՈՂ:2 ԶՈՒՏ:1 ԱՆԳԼԻԱԿԱՆ:1 ՆՈՐԱՆՈՐ:1 ԱՅԴՊԵՍ:2 ՏԱՍՆԻՆՆԵՐՈՐԴ:1 ՄԱՆԱՎԱՆԴ:1 ՔՍԱՆԵՐՈՐԴ:3 ԴԱՐ:1 ՊԱՏԿԵՐԱՎՈՐ:1 ԹԱՓԱՆՑԵԼ:1 ՔԻՉ:1 ՇԱՏ:2 ՏԵՂ:1 ԳՐԱՎԵԼ:1 ՈՒՂՂԱԿԻ:1 ՓՈԽԱՐԻՆՈՂ:1 ԻԲՐ:1 ՉԵԶՈՔ:1 ՊԱՏՄՈՂԱԿԱՆ:3 ԹՈՒՅԼ:1 ՃԱՐՏԱՐԱՊԵՏԱԿԱՆ:1 ՏՊԱՎՈՐՈՒԹՅՈՒՆ:1 ՈՒՇԱԳՐԱՎ:1 ՆԿԱՐԱԳԻՐ:1 ՀԻՇԱՐԺԱՆ:1 ԴԵՊՔ:1 ՆԱԽԱՆՁԱԽՆԴԻՐ:1 ԱՐՀԵՍՏԱՎՈՐ:1 ՁԿՆՈՐՍԱԿԱՆ:1 ԶՎԱՐՃԱԼԻ:1 ԴՐՎԱԳ:1 ԱՅՆՊԻՍԻ:2 ԿԵՆԴԱՆԻ:1 ԱՅԴՊԻՍԻ:2 ՏԵՂԻՆ:1 ՏԵՂԵԿԱՏՎԱԿԱՆ:1 ՄԻԱՍԻՆ:1 ԲՆԱԿԱՆՈՐԵՆ:1 ԽԹԱՆԻՉ:1 ԴԵՐ:1 ՆՈՐ:1 ԱՍՏԻՃԱՆ:1 ՀԵՌՈՒ:1 ԱՄԵՐԻԿՅԱՆ:1 ՀԱՅՐԵՆԱԿԻՑ:1 ՓԱՍՏՈՐԵՆ:1 ԻՆՔՆԱՏԻՊ:1 ՆԵՐԿԱ:3 ԻՆՔԸ:1 ԴՊՐՈՑԱԿԱՆ:1 ԱՄԵՆԱՏԵՍ:1 ԱՆՍՊԱՌ:2 ԽՈՀՈՒՆ:1 ԱՇԽԱՐՀԻ:1 ՈՒՇ:1 ԳՆՈՒՄ:1 ՆՇԱՆԱԿԱԼԻՑ:1 ԻՆՔՆԱԿԵՆՍԱԳՐԱԿԱՆ:1 ՃՈԽ:1 ՀՈՒՅԺ:1 ՆՈՒՅՆ:1 ՀԶՈՐ:1 ՄՇՏԱՊԵՍ:1 ՀԱԿՎԱԾ:1 ԲԱՐԴ:1 ՀԱՅ:1 ՀԵՃՈՒԿՍ:1 ՄԱՐԴԿԱՅԻՆ:1 ՎԱՏ:1 ԱՆՀԱՏԱԿԱՆ:1 ԱՄԵՆԱՅՆ:1 ԵՐԿԱՐ:1 ԿԱԶՄԵԼ:1 ԱՌԱՆՑՔԱՅԻՆ:2 ԸՆՏՐԵԼ:1 ԽԻՍՏ:1 ՆԵՐԱՌԵԼ:1 ԻՐԱՐ:1 ՈՒՐԵՄՆ:1 ԻՆՔՆԸՍՏԻՆՔՅԱՆ:1 ՀԵԹՈՒՄ:1 ԱՌՀԱՍԱՐԱԿ:1 ԵԶՐ:1 ՄՈՌԱՆԱԼ:1 ՀՈՄՈ:1 ԻՆՉՈՒ:1 ԿԱՐՈՏՈՒՄ:1 ՍՊԻՏԱԿ:1 ԹՈՂՆԵԼ:1 ՄԵԿՆԱԲԱՆՈՒԹՅՈՒՆ:1 ԱՆՈՒՆ:1 ՓՈՍՏ:1 ԿԱՅՔ:2 ՀԱՄԱՅՆՔ:2 ՀՐԱՏԱՐԱԿՉՈՒԹՅՈՒՆ:1 ԳՐԱԽԱՆՈՒԹ:1 ԱՐԽԻՎ:1 ԹՎԱՅԻՆ:1 ԳՐԱԴԱՐԱՆ:1 ԿԱՊ:2 ԽՄԲԱԳՐԱԿԱՆ:1 ԳՈՎԱԶԴ:1 ԸՆԴՈՒՆՈՒՄ:1 ԱՋԱԿՑԵԼ:2 ԳՈՐԾՈՒՄ:1 ՀԵՂԻՆԱԿԱՅԻՆ:2 ՈՒՄ:1 ՊԱՐՏԱԴԻՐ:1 ԱԿՏԻՎ:1 ՀՂՈՒՄ:1 ՓՆՏՐԵԼ:1 ՀԵՂԻՆԱԿ:1 ՏԵՔՍՏ:1
https://granish.org/saroyan-tolegyan/	ԵՐԿՈՒ:12 ՀԱՅ:3 ԶՐՈՒՑՈՒՄ:2 ՇՈՒՐՋ:4 ԳՐԱՆԻՇ:6 ԺԱՄԱՆԱԿԱԿԻՑ:7 ԳՐԱԿԱՆՈՒԹՅՈՒՆ:1 ՎԵՐՋԵՐՍ:4 ՊԱՏՄՎԱԾՔ:1 ՊՈԵԶԻԱ:1 ԷՍՍԵ:1 ԳՐԱԽՈՍԱԿԱՆ:1 ՄՐՑԱՆԱԿ:2 ՀԱՐՑԱԶՐՈՒՅՑ:3 ՆԿԱՐԻՉ:5 ՄԻՋԵՒ:14 ՄԱՍԻՆ:31 ԱՅՍ:39 ԱՆԱԿՆԿԱԼ:2 ՀԱՅՏՆՈՒԹՅՈՒՆ:2 ՔԱՆԻ:18 ՏԱՐԻ:9 ԱՌԱՋ:24 ԼՈՍ:2 ԱՐՎԵՍՏԱԲԱՆ:3 ՇԱՀԵՆ:3 ԺԱՄԱՆԱԿ:5 ՆՐԱՆ:8 ԺՈՒՌՆԱԼԻՍՏ:2 ԴԵԿՏԵՄԲԵՐ:1 ՐՈՊԵ:2 ՀՐԱՎԻՐՈՒՄ:1 ՀԵՏ:26 ՇԱՏ:40 ՋԵՐՄ:1 ԱՅԴ:122 ԱՐՎԵՍՏԱԲԱՆԱԿԱՆ:4 ՈՒՂԱՐԿՈՒՄ:1 ԵՐԵՒԱՆ:5 ԱՌԱՋԱԲԱՆ:1 ԱՅՍՏԵՂ:3 ՄԵԿ:12 ԻՆՔՍ:2 ՀԱՆԴԻՊՈՒՄ:1 ԸՆԴՀԱՆՈՒՐ:3 ԹԵՄԱՆ:4 ՍԿԻԶԲ:4 ԳԼԽԱՎՈՐ:4 ՊԱՐԶ:4 ՀԱՍԱՐԱԿ:5 ԼՈՒՐՋ:9 ԻՍԿ:15 ԱՌԿԱ:2 ՎԱՂ:8 ՄԻՆՉԵՒ:10 ՄԵՐ:24 ՄԵՆՔ:53 ՓՈՐՁԵԼ:2 ՊԱՏԱՍԽԱՆԵԼ:4 ՕՐԻՆԱԿ:21 ԻՐԱԿԱՆՈՒՄ:5 ԻՆՉՈ:7 ԸՆԴՀԱՆՐԱՊԵՍ:6 ԿԱՐԵԼԻ:31 ԳՆԱՀԱՏԵԼ:2 ԼԱՎ:29 ՏԱՐԲԵՐԱԿԵԼ:2 ՓՈՔՐԻԿ:4 ԴԵԿՈՐԱՏԻՎ:19 ԱՐԺԵՔ:7 ԱՌԱՎԵԼ:12 ՀԱՐՑ:6 ՆԱԵՒ:42 ԱՆՁՆԱԿԱՆ:4 ՀԱՅՏՆՈՒՄ:1 ՎԵՐԱԲԵՐՅԱԼ:9 ՔՆՆԱՐԿՈՒՄ:2 ՎԵՐՋԱՊԵՍ:1 ԿԱՏԱՐԵԼԱԳՈՐԾԵԼ:1 ԴԻՏՈՂԱԿԱՆ:1 ՏԵՍՈՂԱԿԱՆ:8 ՆԿԱՏԵԼ:4 ԻՐԵՆՔ:1 ՆԿԱՏԻ:7 ՎԱՐՊԵՏ:4 ՈՐՈՆՔ:23 ՍՏԵՂԾԵԼ:7 ՄՆԱՅՈՒՆ:2 ՔԻՉ:7 ԳՐՔԵՐ:3 ԳՐԵԼ:3 ՈՐՊԵՍ:22 ԿԱՆՈՆ:1 ԹՈՂԵԼ:2 ՄԻԱՅՆ:14 ԻՐԵՆՑ:27 ՍԵՓԱԿԱՆ:2 ԱՅԼԵՒ:2 ԱՌՀԱՍԱՐԱԿ:1 ԱՆԹԻՎ:2 ԱՆՀԱՄԱՐ:2 ՍԽԱԼ:1 ՏԵՂԻՔ:1 ՀԵՏԱՔՐՔՐԱԿԱՆ:6 ԿԱՐԴԱԼ:2 ԿԱՄ:114 ՆՄԱՆ:28 ՄԵԾ:28 ՀԱՋՈՂԱԿ:1 ՄԵԶ:10 ՀԱՐՈՒՍՏ:2 ՆՈՒՅՆԻՍԿ:8 ԵԹԵ:44 ՄԵԿԸ:11 ՈՒՍՈՒՑՈՂԱԿԱՆ:1 ՀՍԿԱՅԱԿԱՆ:3 ՆՇԱՆԱԿՈՒԹՅՈՒՆ:10 ԻՆՉՊԵՍ:37 ՄԱՍՆԱՎՈՐԱՊԵՍ:1 ԱՅՆՊԵՍ:19 ՄԵՐՕՐՅԱ:2 ՀԱՄԱՐ:40 ԲԱՅՑ:45 ԴԺԲԱԽՏԱԲԱՐ:3 ՆՐԱՆՔ:16 ՉՆՉԻՆ:2 ՀԱՏՈՒԿԵՆՏ:1 ԷՍԹԵՏԻԿԱԿԱՆ:12 ԱՅԴՊԻՍՈՎ:2 ԵՏԵՒՈՒՄ:2 ՈՐՈՎՀԵՏԵՒ:15 ԱՆՀՐԱԺԵՇՏ:5 ԱՐՀԵՍՏ:1 ՄԻՋՈՑ:10 ՊԵՏՔ:18 ՁԵՌՔ:5 ՋԱՆԱՍԻՐԱԲԱՐ:1 ԱՍԵՆՔ:8 ԱՅԼ:29 ԱՐԺԵՔԱՎՈՐ:3 ԿԱՐՈՂ:60 ԱՆՏԵՍՎԵԼ:1 ՏԵՂԻ:6 ԱՅՍՕՐ:7 ՍՏԵՂԾԱԳՈՐԾԱԿԱՆ:5 ԸՆԴՀԱԿԱՌԱԿԸ:1 ՈՐԵՒԷ:26 ՀԻՄՆԱԿԱՆ:12 ՕԺՏՎԱԾ:1 ՍԱԿԱՅՆ:8 ԱՄԲՈՂՋՈՎԻՆ:3 ԱՆՀՆԱՐ:2 ՄԱՆԱՎԱՆԴ:1 ՍԿՍՆԱԿ:1 ՔԵԶ:4 ՓՈՐՁՈՒՄ:3 ՀԱՊՃԵՊ:1 ԲԵՐԵԼ:3 ՍԿՍՈՒՄ:2 ՍՏԵՂԾՎԱԾ:8 ՔԵՐԱԿԱՆԱԿԱՆ:1 ՈՐՈՇԱԿԻ:25 ԱՐԴՅՈՒՆՔ:4 ԸՆԴՈՒՆԱԿ:1 ԽՄԲԱԿԱՅԻՆ:1 ՊԱՀՊԱՆԵԼ:2 ՏԵԽՆԻԿԱԿԱՆ:4 ԳՈՒՑԵ:4 ՄԻԵՒՆՈՒՅՆ:2 ՓՈԽԱՆՑԵԼ:3 ՎԵՐԱՄՇԱԿԵԼ:1 ԱՅՍՊԵՍ:5 ՀՈՒՅՆ:1 ՈՒՍՈՒՑԱՆԵԼ:1 ՇԱՐՈՒՆԱԿ:1 ԲՈԼՈՐՈՎԻՆ:3 ՊԱՏԱՀԱԿԱՆ:1 ՈՒՍՈՒՑԻՉ:2 ԵՂԵԼ:11 ԱՎԵԼՈՐԴ:2 ԱՍԵԼ:23 ՄԵԾԱՊԵՍ:4 ՆՊԱՍՏՈՒՄ:3 ԱՅԼԱՊԵՍ:1 ԱՐՎԵՍՏ:1 ՀԵՏԸՆԹԱՑ:1 ՎԱՐ:1 ՆԿԱՐՉԱԿԱՆ:4 ԷՆԵՐԳԻԱ:1 ԱՇԽԱՏԱՆՔԱՅԻՆ:1 ԱՐԴՅՈՒՆԱՎԵՏ:3 ԱՌՆՉՎՈՂ:2 ԷԱԿԱՆ:2 ԳՈՆԵ:1 ԲՈԼՈՐ:11 ՀԱՏԿԱՊԵՍ:5 ՉԱՓԱԶԱՆՑ:4 ՏՊԱՎՈՐԻՉ:2 ԵԶԱԿԻ:2 ՆՐԱ:15 ՀԱՍԿԱՆԱԼԻ:4 ԲԱՐԴ:2 ԳՐԱՎՈՐ:5 ՄԱՏՉԵԼԻ:2 ԵՐԵՒԻ:5 ՃԻՇՏ:11 ՄԱՏՈՒՑԵԼ:1 ՄԱՍՆԱԳԻՏԱԿԱՆ:1 ԳՐՎԱԾ:2 ՎՍՏԱՀ:4 ՀՈՒՆՎԱՐ:1 ԳԼՈՒԽ:5 ՏԱԼ:9 ԱՅՈ:29 ՄԱՐՏԱՀՐԱՎԵՐ:1 ԴԺՎԱՐ:1 ԲԱՆ:18 ԹՎԱԼ:1 ԻՄԱՆԱԼ:7 ՆԿԱՐԵԼ:8 ԻՄԱՍՏ:9 ԱՅՆՊԻՍԻ:3 ԱՆՏԵՍԱՆԵԼԻ:6 ՄԻԱՆԳԱՄԻՑ:1 ԿՈՆԿՐԵՏ:10 ՉՈՒՆԻ:1 ԱՅԴՈՒՀԱՆԴԵՐՁ:4 ԿՅԱՆՔ:2 ՇՈՒՆՉ:1 ԿԵՆԴԱՆՈՒԹՅՈՒՆ:1 ՀԱՂՈՐԴԵԼ:3 ԴԱՐՁՆԵԼ:5 ԱՅՆ:50 ԻՐԱԿԱՆ:10 ԱՌԱՅԺՄ:2 ԿԵՐՊ:3 ԱՍԵՄ:1 ՀՆԱՐԱՎՈՐ:11 ԲԱԶՄԱԹԻՎ:1 ԱՆԳԱՄ:3 ՊԱՏԿԵՐԵԼ:3 ԱՌԱՋԱՑՆԵԼ:5 ՀԱՆԳԵՑՆԵԼ:1 ԵՐԲ:9 ՎՐԱ:30 ԱԶԱՏ:4 ՏԱՐԱԾՈՒԹՅՈՒՆ:7 ՏԵՍՆԵԼՈՒ:1 ՊԱՐԶԱՊԵՍ:3 ՆԱՅԵԼ:4 ՈՒՍՈՒՄՆԱՍԻՐԵԼ:3 ԲՆԱՆԿԱՐ:1 ԿՏԱՎ:9 ԱՅՆՏԵՂ:5 ԱՆՊԱՅՄԱՆ:2 ՍՏԵՂԾՈՒՄ:3 ԲԱԺԱՆՈՒՄ:1 ՏԱՐԱԾԱԿԱՆ:2 ԱՌԱՆՁԻՆ:10 ԱՅԴՊԻՍԻ:2 ԳՈՅՈՒԹՅՈՒՆ:15 ՄԵՋ:37 ՊԱՏԿԵՐԱՑՆԵԼ:5 ՈՒՇԱԴՐՈՒԹՅՈՒՆ:3 ԻՐԸ:1 ՈՐԸ:14 ՉԵՆՔ:6 ՏԵՍՆԵԼ:9 ՄՅՈՒՍ:7 ԵՆԹԱԴՐԵԼ:1 ԴԱՍԱԿԱՆ:1 ԻՀԱՐԿԵ:8 ՆՅՈՒԹ:2 ԴԱՌՆԱԼ:2 ԲԱՌԱՑԻՈՐԵՆ:2 ՈՒՆԵՆԱԼ:7 ՈՉԻՆՉ:4 ԱՆՎԱՆՈՒՄ:7 ՊԱՐՏԱԴԻՐ:3 ԻՆՉ:32 ՈՒՐԻՇ:9 ԱՌՆՉՈՒԹՅՈՒՆ:3 ԱՄԵՆ:11 ՏԵՍԱՆԵԼԻ:6 ԱՌՆՉՎԵԼ:1 ԻՆՁ:4 ԹՎՈՒՄ:7 ՉԱՓԵԼ:1 ԱՎԵԼԻ:20 ԵՂԱԾ:2 ՈՒՐԵՄՆ:6 ՊԱՐՈՒՆԱԿՈՒՄ:2 ՄԵԿՆ:4 ԱՌԱՆՑ:10 ԲԱՑԻ:2 ՇՈՇԱՓԵԼԻ:2 ԱՄԲՈՂՋՈՒԹՅՈՒՆ:4 ԱՆԵԼ:4 ՆՈՒՅՆՔԱՆ:1 ՈՐՔԱՆ:1 ԴԱՏԱՐԿ:16 ԲԵՄ:3 ՄԱՐԴԻԿ:9 ՆՇՄԱՐԵԼԻ:1 ԼԻՆԵԼ:8 ՄԻԱՍԻՆ:2 ՈՐՊԵՍԶԻ:5 ԿԱՊ:5 ՄՏԱՅԻՆ:1 ՈՐԻ:11 ԻՐԱԿԱՆԱՑՆԵԼ:1 ԵՐԵՔ:3 ԳՏՆԵԼ:5 ԵՆԹԱԴՐՅԱԼ:3 ՏՎՅԱԼ:3 ԳՈՒՆԱՅԻՆ:2 ՄԻՆՉԴԵՌ:3 ՁԵՒ:6 ԵՐԿԱՐՈՒԹՅՈՒՆ:1 ԼԱՅՆՈՒԹՅՈՒՆ:1 ԽՈՐՈՒԹՅՈՒՆ:2 ՀԻՄՔ:1 ԸՆԴՈՒՆԵԼ:2 ՏԵՍՔՈՎ:1 ԱՌԱՐԿԱ:4 ՀԱՄԱՐԵԼ:7 ԱՅԺՄ:5 ԵՆԹԱԴՐԵՆՔ:4 ԴՈՒ:11 ԵՐԿՐԱՉԱՓԱԿԱՆ:1 ՆՈՒՐԲ:3 ՓՈՇԻ:1 ԵՐԲԵՒԷ:3 ԴԵՊԻ:8 ՆԵՐՔԵՒ:1 ՄԱՆՐ:2 ՔԱՇՈՒՄ:1 ԹԵՄԱ:2 ԿԱՐԵՒՈՐ:15 ՄԻԱՆԳԱՄԱՅՆ:2 ՆԵՐԿԱՅԱՑՆԵԼ:6 ՕԳՏԱԳՈՐԾԵԼ:2 ՏՈՆԱՅԻՆ:5 ԱՅՍԻՆՔՆ:11 ԱՍՏԻՃԱՆԱԿԱՆ:3 ԱՆՑՈՒՄՆԵՐ:1 ԿԱՏԱՐԵԼ:2 ԶՈՒՏ:8 ՍՊԻՏԱԿ:1 ՊԱՅԾԱՌ:3 ՄՌԱՅԼ:1 ՄՈՒԹ:1 ՏԵՍՔ:2 ԱՅՍՊԻՍՈՎ:2 ՍՏԱՆԱԼ:4 ՄԱՆՐԱՄԱՍՆ:1 ՆԿԱՐՈՒՄ:6 ԱՐՏԱՑՈԼԵԼ:1 ԼԻՔՆ:1 ՓՈՔՐ:6 ՀԵՆՑ:11 ԿԼԱՆՈՒՄ:1 ՈՐՍՈՒՄ:3 ՀԵՏՈ:4 ԱՐՏԱՑՈԼՈՒՄ:2 ՈՐՈՇ:12 ԱՌԱՏՈՐԵՆ:1 ԼՈՒՅՍ:1 ՔԱՆ:4 ՀԵՏԵՒԱՊԵՍ:2 ՇՈՂԻ:1 ՏՊԱՎՈՐՈՒԹՅՈՒՆ:2 ԲԱՑ:1 ՈՐՏԵՂ:12 ԼՈՒՍԱՎՈՐ:1 ՇՈՂ:1 ՑԱՆԿԱԼԻ:1 ԶԳԱԼԻՈՐԵՆ:3 ՄՈՒԳ:1 ՀՐԱՇԱԼԻ:13 ԾԱՌԱՅԵԼ:3 ԳԻՇԵՐԱՅԻՆ:1 ԽՈՀԱՆՈՑԱՅԻՆ:1 ՏԵՂ:2 ՀԱՋՈՐԴ:1 ԱՐՏԱՀԱՅՏԵԼ:7 ԶԳԱՑՈՒՄ:3 ԵՌԱՉԱՓ:4 ԱՆՈՒՄ:3 ՀԱՐԹ:1 ՆԱԽԱԳԾՈՒՄ:1 ՆՈՐ:10 ԺԽՏԵԼ:1 ԱՆՍԱՀՄԱՆ:3 ՄԻԱՍՆԱԲԱՐ:2 ԿԱԶՄՈՒՄ:3 ՆԵՐԿ:1 ՈՒՐՈՒՅՆ:2 ԿԻՐԱՌԵԼԻ:1 ԴԱՏԱՐԿՈՒԹՅՈՒՆ:3 ՍԱՀԵԼ:1 ԱՆՋՈՒՐ:1 ՖԻԶԻԿԱԿԱՆ:8 ՀԱՍԿԱՆԱԼ:2 ԱՌԱՋԱՐԿՈՒՄ:1 ՊԱՏԱՀԵԼ:1 ՓԱՍՏ:1 ԿՏՈՐ:4 ՆԿԱՐ:7 ՀԱԿԱՌԱԿ:1 ԱՅԼԵՒՍ:2 ՆԱՅԻ:2 ՍՈՎՈՐԱԿԱՆ:1 ԳՈՐԾԻՔ:7 ԹԱՏՐՈՆ:1 ԳԻՏԱԿՑՈՒՄ:3 ՀԱՃԱԽ:1 ԳՏՆՎԵԼ:1 ՄԱՔՈՒՐ:1 ԿԱՊՈՒՅՏ:1 ՀԻԱՍՔԱՆՉ:1 ԵՐԱԺՇՏՈՒԹՅՈՒՆ:1 ԻՐՈՔ:1 ՕԳՏԱԳՈՐԾՈՒՄ:12 ԶԱՐԿ:1 ԿԱԽՎԱԾ:8 ՄՏԱԾՈՒՄ:1 ԿԱՄԱՎՈՐ:1 ԸՆԴՈՒՆՈՒՄ:2 ԻՆՉՈՒ:2 ԱՌԱՆՁՆԱՊԵՍ:1 ՀԱՍՆԵԼ:1 ՀԵՏԵՒՅԱԼ:1 ՈՒՂՂԵԼ:1 ՊԱՏԱՍԽԱՆ:3 ՄՏԱՎՈՐ:4 ԶԱՐԴ:5 ՀԱՐԴԱՐԱՆՔ:1 ՀԱՃԵԼԻ:5 ՀԱՎԱՆԱԲԱՐ:3 ՊԱՐԳԵՒՈՒՄ:1 ՀՈԳԵՒՈՐ:1 ՊԱՏԿԵՐԱՎՈՐ:1 ՊԱՅՄԱՆԱԿԱՆ:3 ԲԱՑԱՀԱՅՏԵԼ:1 ԶԱՆԱԶԱՆ:2 ԱՐԻ:1 ԽՈՐԱՄՈՒԽ:1 ՏԱՆՔ:1 ՆՈՒՅՆ:8 ՊԱՏՃԱՌՈՎ:3 ՀԱՃՈՒՅՔ:2 ԻՆՔՆՈՒՐՈՒՅՆ:1 ՇՐՋԱՆ:2 ՆԱԽՆԱԴԱՐՅԱՆ:14 ՊՐԻՄԻՏԻՎ:2 ԳՈՐԾՆԱԿԱՆ:2 ՀԵՏԱՊՆԴՈՒՄ:1 ԿՐՈՆԱԿԱՆ:6 ԴԵՄ:3 ՏԱՐԱԾ:1 ՈՐՍՈՐԴԱԿԱՆ:1 ՈՒՏԵԼԻՔ:3 ՏԱՌ:1 ԲԱՌ:1 ԳՐՈՒԹՅՈՒՆ:1 ՊԱՏԳԱՄ:2 ՀԻԵՐՈԳԼԻՖ:1 ԱԿՆԿԱԼԵԼ:1 ԼՍԵԼ:1 ԲԱՑԱՏՐԵԼ:1 ԱՐՁԱՆԱԳՐՈՒԹՅՈՒՆ:1 ՓԱՍՏԱՑԻ:1 ՀԵՏՔ:1 ՑՈՒՅՑ:6 ԱՐՁԱՆԱԳՐԵԼ:1 ՍԱՀՄԱՆԱՓԱԿ:2 ԳԱՂԱՓԱՐ:8 ԱՅՆԺԱՄ:1 ՁԵՌՔՈՎ:2 ԱՐՀԵՍՏԱԳՈՐԾԱԿԱՆ:1 ԱՐՏԱԴՐԱՆՔ:3 ՆԵՏ:1 ԱՐԵՒԵԼՔ:1 ՍՈՍԿ:15 ԺԱՅՌ:1 ՆՅՈՒԹԱԿԱՆ:7 ՀՈՐԻՆՎԱԾՔ:1 ՓՆՏՐՈՒՄ:1 ՍԿԶԲՈՒՆՔ:1 ՀՈՐԻՆՎԱԾ:1 ՄԻՄՅԱՆՑ:1 ՆԵՐԱՌՈՒՄ:1 ՊԻՏԻ:2 ՀԱՐՄԱՐԱՆՔ:2 ՔԵՐԱԿԱՆՈՒԹՅՈՒՆ:1 ՇԱՐԱՀՅՈՒՍՈՒԹՅՈՒՆ:1 ՆՈՒՅՆՊԵՍ:6 ԾԱՌԱՅՈՒՄ:4 ՏԱՐԲԵՐ:6 ՏԵՍԱԿԵՏ:1 ՄԱՏՆԱՆՇԵԼ:1 ԱՐԺԵՔՆԵՐ:1 ԱՌԱՋԻՆ:6 ՈՒՂՂԱԿԻՈՐԵՆ:2 ԱՆՄԻՋԱԿԱՆՈՐԵՆ:2 ՏԵՂԵԿՈՒԹՅՈՒՆ:2 ՐՈՊԵԱԿԱՆ:1 ՈՒՂՂԱԿԻ:2 ԱՐԱԳ:1 ՀԱՆԴԵՊ:4 ԶՈՒՐԿ:2 ԽԻՍՏ:3 ՀԵՏԱՔՐՔՐԵԼ:1 ՃՇՄԱՐԻՏ:2 ՄԻՇՏ:2 ԴԻՄԱՑԵԼ:1 ԱՆՑԵԼ:1 ՍԵՐՆԴԵՍԵՐՈՒՆԴ:1 ԵՐԲԵՄՆ:2 ՎԵՐԱԲԵՐՈՒՄ:1 ԹՈՒՅԼ:4 ՏՈՒՐ:3 ՀԱՄԵՄԱՏՈՒԹՅՈՒՆ:1 ՄՏՈՎԻ:1 ՊԱՏՈՒՀԱՆ:1 ԸՆԿԱԼՈՒՄ:3 ԱՆՄԻՋԱՊԵՍ:2 ՍԵՒԵՌՈՒՄ:1 ՇՐՋԱՆԱԿ:3 ՀԱՂՈՐԴՈՒՄ:1 ԴԻՏՈՒՄ:2 ԱՆԲԱԺԱՆԵԼԻ:2 ԱՆՇՈՒՇՏ:9 ԸՆԴԳԾՈՒՄ:1 ԲԱԶՄԱՊԱՏԿՈՒՄ:1 ՆՎԱԶ:3 ՎԱՅՐ:1 ՃԱՐՏԱՐԱՊԵՏԱԿԱՆ:1 ԱՅԴՊԵՍ:1 ԿԵՐՊԱՐ:1 ԴԱԴԱՐՈՒՄ:1 ՔԱՐ:1 ՍՏԱՆՁՆՈՒՄ:1 ՀԱՏԿՈՒԹՅՈՒՆ:1 ԳՈՐԾ:9 ԳՈՐԾԻ:5 ԵԳԻՊՏԱԿԱՆ:5 ՀՌՉԱԿԱՎՈՐ:1 ՀԻԱՆԱԼԻ:4 ՊԱՏԿԵՐԱՑՈՒՄ:1 ՀՆՈՒՑ:1 ԵԿԱԾ:1 ՍԵՐՈՒՄ:1 ՀԻՄԱ:3 ԳՐԵԹԵ:5 ԹՈՒՂԹ:1 ՋՐԱՆԵՐԿ:1 ՅՈՒՂԱՆԵՐԿ:1 ՄԹՆՈԼՈՐՏ:1 ԳԵՂԱԶԱՐԴԱՅԻՆ:1 ԱՇԽԱՐՀԻ:2 ԱՄԵՆԱՏԱՐԲԵՐ:3 ԿՐՈՆԻ:2 ԸՆՏՐԵԼ:1 ԶԳԱԼ:1 ԻՆՔՆ:2 ՀԱՐՄԱՐ:2 ՀԱՆՈՒՄ:1 ՏԻՐԱՊԵՏՈՒՄ:1 ԳԻՏԻ:1 ՆԱՏՅՈՒՐՄՈՐՏ:2 ՄԻԱԺԱՄԱՆԱԿ:2 ՓՈՐՁԱՌԱԿԱՆ:1 ԺԱՄԱՆԱԿԱՎՈՐ:2 ՀԱՎԻՏԵՆԱԿԱՆ:2 ՄՈՏ:7 ՍՈՒԲՅԵԿՏԻՎ:1 ԲՆՈՒԹԱԳՐԵԼ:1 ԿԱՐԵՒՈՐՈՒԹՅՈՒՆ:1 ԲԵՐՈՒՄ:1 ՆՇԱՆԱԿՈՒՄ:3 ԱՆՊԱՅՄԱՆՈՐԵՆ:2 ՀԱՐԳԱՆՔ:2 ՍԵՐ:1 ԸՆՏՐՈՒՄ:1 ԹԵՄԱՅԻՆ:2 ԱՐԵՒԵԼՅԱՆ:1 ԲՆՈՒՅԹ:1 ԼՐԻՎ:2 ՈՒՐԱԽ:1 ԸՆԴՀԱՏՈՒՄ:1 ՆԱԽՔԱՆ:2 ՀԱՐՑՈՒՄ:2 ԱՎԱՐՏՎԱԾ:1 ԱՆԿԱԽ:4 ԿԱՆ:2 ԼՈԿ:3 ՏԱՐԲԵՐԱԿՈՒՄ:1 ԳԵՂԱՐՎԵՍՏԱԿԱՆ:2 ՄԻԱԿ:1 ՎԵՐՋԻՆ:3 ՀԱՄԵՄԱՏՈՒՄ:1 ՈՒՂԻՂ:2 ՀՈՒԶՈՒՄ:1 ԴՐԱՄԱՏԻԿԱԿԱՆ:2 ԻՐԵՆ:2 ԾԱՆՐԱԲԵՌՆՎԱԾ:1 ԿԱՐՃ:5 ԻՍԿԱԿԱՆ:7 ՆՈՐԱՐԱՐ:2 ԳՅՈՒՏԱՐԱՐ:4 ԱՐՎԵՍՏԱԳԵՏ:2 ՅՈՒՐԱՀԱՏՈՒԿ:3 ՆՇԵԼ:8 ՀԱԶԻՎ:2 ԴԵՊ:1 ՊՐՈՖԵՍԻՈՆԱԼ:1 ԱԶԳԱՅԻՆ:1 ԴԻՄԱՆԿԱՐԻՉ:1 ԿԵՂԾ:1 ԿԱՏԱՐԱԾ:1 ՆՈՐԱՐԱՐԱԿԱՆ:1 ԴԵԿՈՐԱՑԻԱ:2 ԱՆԴՐԱԴԱՌՆԱԼ:2 ՈՒՇ:2 ՃԱՆԱՉՎԱԾ:1 ՍՐԱՆՔ:1 ԳՆՈՒՄ:2 ՆՊԱՏԱԿ:1 ՄԻՏՔ:2 ԶԳԱՑՄՈՒՆՔ:2 ՅԱՆ:1 ԱՆԿԱՍԿԱԾ:8 ԱՍՏԻՃԱՆ:1 ՎԵՐԱԴԱՌՆԱԼ:1 ԱՂՄՈՒԿ:1 ՆԵՐԴԱՇՆԱԿՈՒԹՅՈՒՆ:1 ՊԱՏՄՈՒԹՅՈՒՆ:3 ԵՐՐՈՐԴ:1 ՄԵԾԱՐԺԵՔ:1 ԻՆՉՔԱՆ:5 ԳԵՂԵՑԻԿ:3 ԶԳԱՅԱԿԱՆ:1 ՀՈՒԶԱԿԱՆ:1 ԶԳԱՑՄՈՒՆՔԱՅԻՆ:2 ՀԵՌՈՒ:4 ՃԱՆԱՉՈՒՄ:1 ՀՈՅԱԿԱՊ:1 ԲԱՌԱՊԱՇԱՐ:1 ԴԵՐ:6 ԿՈՊԻՏ:1 ՏԱՂԱՆԴԱՎՈՐ:1 ՅՈՒՐԱՔԱՆՉՅՈՒՐ:2 ՄԱՐԴԿԱՅԻՆ:2 ՄԵՐԿ:1 ՎԱՐՊԵՏՈՐԵՆ:1 ԻՆՉԻ:1 ՏԱՐԲԵՐՈՒՄ:1 ԸՆԿԱԼՎԵԼ:1 ՀԱՄԱՐՎԵԼ:1 ՏԱՆ:2 ԳՐԱՎԵԼ:1 ՏԵՂԸ:1 ԿԱՅՈՒՆ:1 ՀԱԶՎԱԳՅՈՒՏ:2 ՄԱՍՆԱՎՈՐ:5 ՀԱՎԱՔԵԼ:1 ԱՊԱ:4 ՀԱՍԱՆԵԼԻ:2 ԲԱՐՈՅԱԿԱՆ:3 ՏԱՆԵԼԻ:1 ՍՈՑԻԱԼԱԿԱՆ:1 ՓՈԽԱՐԵՆ:2 ՀԱՆՐԱՅԻՆ:2 ՕԳՏԱԿԱՐ:4 ԿԱՏԱՐՈՒՄ:2 ԲԱՐՁՐԱՐԺԵՔ:1 ԳՆԵԼ:3 ՊԱՀԵԼ:1 ԼԱՅՆ:2 ԿԱՐԵՒՈՐԱԳՈՒՅՆ:1 ՊԱՏՃԱՌ:1 ԵՐԵՒՈՒՅԹ:2 ՀԱՄԵՍՏ:1 ՏԵՐ:2 ԿԱԽՈՒՄ:1 ՀԱՆԴԵՐՁ:2 ԷԺԱՆ:1 ԱՆԾԱՆՈԹ:1 ՄԱՆՐԱԿՐԿԻՏ:1 ԸՆՏՐՈՒԹՅՈՒՆ:1 ԶԱՐԴԱՐՈՒՄ:1 ԱՆԳԻՆ:1 ՎԵՐՋՆԱԿԱՆ:2 ԳՆՎԵԼ:1 ԺԱՄԱՆԱԿԻՆ:1 ՄԱՐԴ:2 ՀԱՍՈՒ:5 ՉԵՄ:1 ՀԱՆՁՆՎԵԼ:2 ՎԱՃԱՌՎԵԼ:1 ԿԱԽԵԼ:1 ԳՈՐԾԱՐԱՐ:1 ՊԱՏԿԱՌԵԼԻ:1 ՀԻՆ:7 ԱՌՔ:1 ԱՂԲՅՈՒՐ:2 ՎՐԻՊՈՒՄ:1 ՎԵՐՋ:2 ՄԵՏՐՈՊՈԼԻՏԵՆ:1 ՀԱԶԱՐ:4 ԵՐԿՐՈՐԴ:1 ՎԵՐ:1 ՍԿՍԵԼ:1 ԲԱՑԵԼ:1 ՏԱՐԵԿԱՆ:3 ԴԵՌԵՒՍ:3 ՉՈՐՍ:1 ՀԻՆԳ:1 ՀԱՍՏԱՏ:1 ՀՍՏԱԿ:2 ՊԱՏԿԱՆՈՒՄ:1 ՈՄԱՆՔ:2 ԳԻՏԱԿԱՆ:1 ԳՐԱԿԱՆ:4 ԶԱՐԴԱՐՈՒՆ:1 ՀԱՆԴԻՊԵԼ:1 ՊԱՏԿԵՐՈՒՄ:3 ՍՈՎՈՐԱԲԱՐ:1 ԱՎԵՏԱՐԱՆԱԿԱՆ:3 ԿԵՆՑԱՂԱՅԻՆ:2 ՀՈՂԱԳՈՐԾԱԿԱՆ:1 ԱՐՔՈՒՆԻ:1 ՀԱՏՈՒԿ:1 ԴՐՎԵԼ:1 ՄՈՏԱՎՈՐԱՊԵՍ:2 ՊԱՀՊԱՆՈՒՄ:1 ԱՅՆՔԱՆ:5 ԹԱՐՄ:1 ԵՐԵԿ:1 ՃԱՔ:1 ՉԵՔ:1 ԱՅՆՈՒԱՄԵՆԱՅՆԻՎ:2 ՍԵՂՄ:2 ՇԱՐԺԻՉ:2 ԳՈՐԾՈՆ:1 ՀԱՎԵՐԺՈՒԹՅՈՒՆ:1 ՀՆԱՐԱՎՈՐՈՒԹՅՈՒՆ:2 ՆՈՐԻՑ:2 ՌԱԶՄԱԿԱՆ:1 ԻՆՔՆԱՊԱՇՏՊԱՆԱԿԱՆ:1 ՀԱՎԵՐԺԱՑՆԵԼ:1 ՏՈՆԱԿԱՆ:1 ԴԱՐՁՅԱԼ:1 ԿՐԿԻՆ:1 ԲԱՆԵՐ:1 ԿՈՉՈՒՄ:2 ՏԵՍԱՐԱՆ:2 ՎԵՐԱՐՏԱԴՐՈՒՄ:1 ԾԻՍԱԿԱՏԱՐՈՒԹՅՈՒՆ:1 ՀԵՐՈՍԱԿԱՆ:1 ԱՐԱՐՔ:2 ԱՍՈՐԱԿԱՆ:1 ԷԻՐ:1 ԸՆԿԱԾ:1 ՀՊԱՐՏՈՒԹՅՈՒՆ:1 ՀԱԶԱՐԱՎՈՐ:3 ԴԵՌ:1 ԵՐԿԱՐ:1 ՆԿԱՐԱԳՐՈՒՄ:1 ՇԱՐՈՒՆԱԿՈՒՄ:1 ՀԱՅՏՆԱԲԵՐՈՒՄ:1 ՀՈԳԵԲԱՆԱԿԱՆ:1 ՀԱՏԿԱՆԻՇ:1 ԱՌՕՐՅԱ:2 ՊԱՏՄԱԿԱՆ:1 ՄԱՐՏԱԿԱՆ:2 ԽԱՂԱՂ:1 ԳՐԱՖԻԿԱԿԱՆ:1 ՈՐՍՈՐԴՈՒԹՅՈՒՆ:1 ՃԱՇ:2 ՊԱՏՐԱՍՏՈՒՄ:1 ՄՂՈՒՄ:1 ՏԵԽՆԻԿԱ:1 ՀՍԿԱ:1 ԳԱԶԱՆ:1 ՍՊԱՆՈՒՄ:1 ՍՊՈՐՏԱՁԵՒ:1 ԿԱՐԵԿՑԱՆՔ:1 ՊԱՇՏԱՄՈՒՆՔ:1 ՍՐԲԱԶԱՆ:1 ՊԱՏՎԱՎՈՐ:1 ՈՒԺ:1 ԻՆՉՊԻՍԻ:1 ԸՆՏԱՆԵԿԱՆ:1 ՀԱՅՏՆԱԲԵՐՎԵԼ:2 ՇԱՐՔ:1 ՄԱՍ:1 ԿԱԶՄԵԼ:1 ՀԱՄԸՆԴՀԱՆՈՒՐ:1 ԿԵՆՍԱԿԱՆ:1 ԿԱՏԱՐՎԵԼ:2 ՍՈՒՐԲ:1 ՆԿԱՐԱԳՐԵԼ:1 ԸՍՏ:2 ՀՆՈՒԹՅՈՒՆ:2 ԲՅՈՒԶԱՆԴԱԿԱՆ:1 ՊԱՏԿԱՆԵԼ:1 ԳՈՒՆԱՎՈՐ:2 ՔՐԻՍՏՈՆԵԱԿԱՆ:3 ԱՆԳՐԱԳԵՏ:1 ԾԱՐԱՎ:1 ԳՈՐԾՈՒՄ:4 ՏԵՍ:1 ՔՈՎ:1 ԴԻՄԵԼ:1 ԶԱՐԳԱՑՈՒՄ:1 ՆԵՑՈՒԿ:1 ՏՐԱՄԱԲԱՆԱԿԱՆ:1 ՄՇԱԿՈՒԹԱՅԻՆ:1 ԱՆԽՆԱՄ:1 ԲԱՑԱՌԻԿ:1 ԸՆՏԻՐ:1 ՀՄՏՈՐԵՆ:1 ՌԵԱԼԻՍՏԱԿԱՆ:1 ՀԵՂԱՓՈԽԱԿԱՆ:1 ԱԼԻՔ:1 ԶԱՐՄԱՆԱԼԻՈՐԵՆ:1 ՀԱՅԿԱԿԱՆ:2 ՀՈՒՆԱԿԱՆ:3 ՀԱՏԿԱՆՇԱԿԱՆ:1 ԴՅՈՒՐԱԿԻՐ:2 ՇԱՐԺԱԿԱՆ:2 ՆԿԱՐԱԶԱՐԴ:2 ՁԵՌԱԳԻՐ:2 ԽՈՍՔԻ:1 ԱՐԴԵՆ:1 ՀԵՏԱԳԱ:3 ՉԻՆԱՐԵՆ:2 ՃԱՊՈՆԵՐԵՆ:2 ԾԱՆՈԹ:1 ՍԱՂՄՆԱՅԻՆ:1 ՀԱՐՅՈՒՐ:1 ԱՄԲՈՂՋԱԿԱՆ:6 ԿՈՄՊՈԶԻՑԻԱ:1 ՀՅՈՒՍՈՒՄ:1 ՆՈՐՈՒԹՅՈՒՆ:1 ՏԵՂԱՓՈԽԵԼ:1 ԱՆՇԱՐԺ:1 ԱՌՆԵԼ:1 ԱՆՑՈՒՄԱՅԻՆ:3 ԱՌԱՆՁՆԱՀԱՏՈՒԿ:1 ԵՎՐՈՊԱԿԱՆ:2 ԱՆՑԱԾ:1 ՄԻՋԻՆ:1 ՍՈՎՈՐԵԼ:1 ԸՆԿԱԼԵԼԻ:1 ԼԵԶՎԱԿԱՆ:1 ԲԱՐՁՐ:1 ՆԱԽ:1 ԲԱՎԱԿԱՆՈՒԹՅՈՒՆ:1 ԼԵԶՈՒ:2 ՀԱՄԱՐՈՒՄ:1 ՆՇԱՆԱԿԱԼԻ:2 ՆՈՐԱՐԱՐՈՒԹՅՈՒՆ:1 ՀԵՂԱՓՈԽՈՒԹՅՈՒՆ:1 ՆԱԽԿԻՆ:1 ՈՒՐՎԱԳԾԱՅԻՆ:6 ԽՈՍՔ:1 ԻՆՔՆԻՆ:1 ՀՆԱՐ:1 ՔԱՐԱՆՁԱՎԱՅԻՆ:1 ԿԱՏԱՐՅԱԼ:1 ԱԿՆԱՐԿՈՒՄ:2 ՆԵՐՔԻՆ:5 ՄԱԿԵՐԵՍԱՅԻՆ:1 ԱՐՏԱՔԻՆ:3 ՈՒՍՏԻ:1 ՀԵՌԱՆԿԱՐԱՅԻՆ:1 ՄԵԿՆԱԲԱՆՈՒԹՅՈՒՆ:1 ԿԱՌՈՒՑՎԱԾՔԱՅԻՆ:1 ԿՈԼՈՐԻՏԱՅԻՆ:1 ՇՆՈՐՀԻՎ:1 ՎԵՐՋՆԱԿԱՆՈՐԵՆ:1 ԿՐԿՆԵԼ:1 ԽԵԼՈՔ:1 ՀԱՆՃԱՐԵՂ:1 ԱՆՄԱՀԱԿԱՆ:1 ՈՒՂՂՈՒԹՅՈՒՆ:1 ԽՈՐԱՊԵՍ:1 ԱԶԴՎԵԼ:1 ՊԱՀ:1 ԹՎԱՐԿԵԼ:1 ԹԱՓԱՆՑԵԼ:1 ՀԵՏԵՒԱԲԱՐ:1 ՄԱՍՆԱԿԻՈՐԵՆ:1 ՓՈԽՈՒՄ:1 ԵՐԲԵՔ:1 ՏԵՍԱԿ:1 ԱՆԸՆԹԵՌՆԵԼԻ:1 ԴԱՐԻ:1 ՎԱՌ:1 ՍԿԶԲՆԱԿԱՆ:1 ԽՈՐԱՔԱՆԴԱԿ:1 ԲԱՐՁՐԱԴԻՐ:1 ՊԱՏԿԵՐ:1 ՓԱՍՏՈՐԵՆ:1 ՏՈՆ:1 ՏՈՆԵՐ:1 ԲԵՐԵԼՈՒ:2 ՑՑՈՒՆ:1 ՈՒՐՎԱԳԾԵԼ:1 ՀՅՈՒՍԻՍԱՅԻՆ:1 ԺԱՄԱՆՈՒՄ:1 ՆԿԱՐՉՈՒԹՅՈՒՆ:1 ՇՐՋԱՆԱՁԵՒ:1 ՍԵՒ:1 ԱԾՈՒԽ:1 ԿԵՆՏՐՈՆ:1 ՍԵՒԻ:1 ՀԱՄԱԴՐՈՒԹՅՈՒՆ:1 ԱՐՏԱԿԱՐԳ:1 ՀԱՎԱՏԱՐՄՈՒԹՅՈՒՆ:1 ԶՐՈՒՅՑ:1 ՍՏՈՐԳԵՏՆՅԱ:1 ՀՈՒՇԱԳՐՈՒԹՅՈՒՆ:1 ՊԱՐՈՒՅՐ:1 ՍԵՒԱԿ:1 ԿԱՅՔ:1 ՀԱՄԱՅՆՔ:2 ՀՐԱՏԱՐԱԿՉՈՒԹՅՈՒՆ:1 ՀԱՆԴԵՍ:1 ԳՐԱԽԱՆՈՒԹ:1 ԱՐԽԻՎ:1 ԹՎԱՅԻՆ:1 ԳՐԱԴԱՐԱՆ:1 ԽՄԲԱԳՐԱԿԱՆ:1 ԳՈՎԱԶԴ:1 ԱՋԱԿՑԵԼ:2 ՀԵՂԻՆԱԿԱՅԻՆ:2 ՈՒՄ:1 ԱԿՏԻՎ:1 ՀՂՈՒՄ:1 ՓՆՏՐԵԼ:1 ՀԵՂԻՆԱԿ:1 ՏԵՔՍՏ:1
https://granish.org/event/	ԴԵՊՔ:3 ԳՐԱՆԻՇ:6 ԺԱՄԱՆԱԿԱԿԻՑ:1 ԳՐԱԿԱՆՈՒԹՅՈՒՆ:1 ՎԵՐՋԵՐՍ:1 ՊԱՏՄՎԱԾՔ:1 ՊՈԵԶԻԱ:1 ԷՍՍԵ:1 ԳՐԱԽՈՍԱԿԱՆ:1 ՄՐՑԱՆԱԿ:2 ՀՈՒՇԱԳՐՈՒԹՅՈՒՆ:5 ՀԻՆ:2 ՄԵՋ:12 ԲԱՆ:4 ՓՆՏՐՈՒՄ:2 ԱՆՑԱՎ:2 ՔՍԱՆՀԻՆԳ:2 ՏԱՐԻ:9 ԱՌԱՋ:7 ՏԵՂԻ:2 ԱՅՍ:9 ԹԵՊԵՏ:2 ՕՐԱԳՐԱՅԻՆ:2 ԲԱՅՑ:12 ՔԱՆԻ:3 ԱՌԱՆՁԻՆ:2 ՎՐԱ:5 ՏՎՅԱԼ:2 ԽԱՌՆՎԵԼ:2 ՈՒՐԻՇ:2 ՓԵՏՐՎԱՐ:2 ՐՈՊԵ:3 ԼԱՎ:3 ՀԻՇՈՒՄ:2 ԱՆՇՈՒՇՏ:3 ԻՍԿ:10 ԵՐԲ:9 ՆՄԱՆ:6 ԱՅԴ:15 ՔԱՌՈՐԴ:1 ԴԱՐ:1 ՀԵՏՈ:8 ՄԻԱՅՆ:5 ՏԱՐՕՐԻՆԱԿ:2 ԱՅԼԵՒ:2 ԳՐԵԹԵ:5 ԱՆՀԱՎԱՏԱԼԻ:2 ՆՈՒՅՆԻՍԿ:4 ԻՆՁ:16 ՈՐՔԱՆ:1 ՊԱՀՊԱՆԵԼ:1 ԱՆԳԱՄ:3 ՈՐՈՇ:1 ՈՒՐԵՄՆ:2 ԺԱՄԱՆԱԿԻՆ:1 ՀԵՆՑ:7 ՇԱՀԵԿԱՆ:1 ՄԱՏՈՒՑԵԼ:1 ԽՈՐ:5 ՁՅՈՒՆԱՌԱՏ:1 ՁՄԵՌ:4 ԶԱՆԳ:1 ՇՏԱՊ:2 ԿԱՆՉՈՒՄ:1 ԵՐԿՈՒ:5 ԽԵՆԹ:1 ԳՐՈՂ:2 ՁՅՈՒՆ:2 ԺԱՄԱՆԵԼ:1 ՄԻՈՒԹՅՈՒՆ:1 ԳԱԼՈՒ:5 ԹԱՐԳՄԱՆԻՉ:1 ԳԱՄ:1 ՀԵՏ:7 ԱՆՄԻՋԱԿԱՆՈՐԵՆ:1 ԱՆԳԼԵՐԵՆ:1 ԻՆՉ:3 ԻՐՈՔ:1 ՄՂԵԼ:3 ՄԵԿԸ:1 ՄԻՋԻՆ:1 ՔՆՆԱԴԱՏ:1 ԹՈՄ:3 ԵՐԻՏԱՍԱՐԴ:2 ԲԱՆԱՍՏԵՂԾ:2 ՍԻՐԱԼԻՐ:1 ԶՐՈՒՅՑ:1 ԸՆԴՀԱՆՈՒՐ:1 ԴԵՌ:1 ԿՈՆԿՐԵՏ:1 ԽՈՍՔ:1 ԻՐԵՆՑ:2 ՄԱՍԻՆ:2 ՄԵՆՔ:1 ԻՐԵՆՔ:1 ՔԻՉ:2 ՄԵՐ:7 ՊԱՏՄԱԿԱՆ:2 ՍԻՐՈՎ:1 ԻՆՉՊԵՍ:2 ՀԱՃԱԽ:1 ԵՂԵԼ:3 ՀԻՄԱ:3 ՄԵՏՐԱՆՈՑ:1 ՆՍՏԵԼ:1 ԱՄԵՆ:7 ԿՈՂՄ:1 ԱՄՊԱՄԱԾ:1 ՇԱՐՈՒՆԱԿՈՒՄ:1 ՀԱՆԿԱՐԾ:2 ԱՇԽՈՒՅԺ:1 ՄԱՐԴ:1 ԻՍԿՈՒՅՆ:3 ՀԱՏԿԱՊԵՍ:4 ՄԵԾ:5 ՔՉԱԽՈՍ:3 ՄԵՂՄ:2 ՄԱՐՏԻՐՈՍ:4 ՏՈՒՆ:3 ԱՀԱ:6 ԱՌԱՏ:1 ԾԱԾԿԵԼ:1 ԹՈՒՅԼ:1 ԽՆԴՐՈՒՄ:1 ՄԻՆՉԵՒ:1 ՍԵՒ:1 ՎԱՌ:1 ԿԱՐՄԻՐ:2 ԼՈՒՌ:3 ՔԱՅԼ:1 ԱՅՆՊԻՍԻ:1 ԶԳԱՑՈՒՄ:2 ՄԻՇՏ:2 ՆՐԱՆ:3 ՄԱՐՄՆԱՑՈՒՄ:1 ՊԱՅԾԱՌ:1 ԳԻՏԱԿՑԱԿԱՆ:1 ԱՆՍՈՎՈՐ:1 ՄԻԱԺԱՄԱՆԱԿ:1 ԹԱԽԾՈՏ:1 ՀՈՒՄԱՆԻՍՏ:1 ՎԵՐՋԱՊԵՍ:2 ԶԱՐՄԱՆԱԼԻ:1 ՄԵԶ:2 ՄՈՏ:3 ԱՅՍՏԵՂ:6 ՊԱՏԱՀԱԲԱՐ:3 ԳՈՀՈՒՆԱԿՈՒԹՅՈՒՆ:1 ԱՆՑԵԼ:1 ՆՐԱ:6 ՔՍԱՆԵՐԵՔ:1 ԱՄԲՈՂՋ:4 ԵՐԵԿՈ:1 ԱՆԱԿՆԿԱԼ:1 ՁԵԶ:2 ԳԵԹ:1 ԱՅՆ:8 ՀԱՐԱԶԱՏ:5 ՈՐՊԵՍ:1 ԱՐԵՒՄՏԱՀԱՅԵՐԵՆ:1 ԳԱՂԹԱԿԱՆ:1 ԶԱՎԱԿ:1 ՇԱՏ:4 ՀԵՌՈՒ:3 ԸՆՏԱՆԵԿԱՆ:1 ԱՅՆՔԱՆ:3 ԻՐԱՐ:1 ՄՈՏԻԿ:1 ՀԻՄՆԱՐԱՐ:1 ՊԱՏՄՈՒՄ:1 ԻՐԵՆ:4 ՀԱՏՈՒԿ:3 ՀԱՄՈՎ:1 ՀՈՏՈՎ:1 ՁԵՐ:1 ԱՊԱ:3 ԱՓՍՈՍ:2 ԲԱՑԱԿԱ:1 ՏՆՕՐԵՆ:1 ՀՄՈՒՏ:1 ԱՆԽՈՆՋ:1 ԱՆԸՆԴՀԱՏ:1 ՀԵՌՈՒՍՏԱՏԵՍԱՅԻՆ:1 ԱՅԼ:1 ԿԱԶՄԱԿԵՐՊՈՒՄ:1 ԱՄԵՆՈՒՐԵՔ:1 ՍՈՎԵՏԱԿԱՆ:1 ԵՐԵՔ:2 ՆԱԵՒ:4 ՀՌՉԱԿԱՎՈՐ:1 ՆԵՐԿԱՅԱՑՈՒՑՉԱԿԱՆ:1 ՀՈՒՅԺ:1 ԿԱՐԵՒՈՐ:1 ՈՒՐ:1 ԱՅՑԵԼԵԼ:1 ԳՐԵԼ:1 ՀՈԴՎԱԾ:1 ԱՆՄԻՋԱՊԵՍ:1 ԼՈՒՅՍ:4 ՊԵՏՔ:2 ԱՆՊԱՅՄԱՆ:2 ՈՐԻ:3 ՆՎԻՐԵԼ:1 ԱՆՁԱՄԲ:1 ԱՅՑԵԼՈՒՄ:1 ԹԱՆԳԱՐԱՆ:1 ՆՈՒՅՆ:1 ՋԵՐՄ:1 ԿՈՒՌ:1 ՄԱՏՈՒՑՈՒՄ:1 ԷԱԿԱՆ:1 ԻՆՔՍ:3 ԴԵՐ:1 ԿԱՐԻՔ:1 ՀԱՄԱՐ:2 ՆԿԱՐ:1 ԱՌՆՉՈՒԹՅԱՄԲ:1 ՀԻԱՑԱԿԱՆ:1 ԱՎԵԼԻ:4 ՍԻՐԱԾ:2 ԳՈՒՆԱՏ:1 ՎԱՐԴԱԳՈՒՅՆ:1 ՓԱՅԼ:1 ԲՈՒՆ:1 ԽԱՆԳԱՐԵԼ:1 ԹԱՆԿ:1 ԶԳՈՒՅՇ:1 ՎԵՐՋԻՆ:1 ԱՆԱՎԱՐՏ:1 ԻՆՔՆ:2 ՍՈՒՐԲ:1 ՏԵՂ:1 ԴՈՒՐՍ:1 ՎԵՐԱԴԱՌՆԱԼ:1 ՑՈՒՑԱՍՐԱՀ:1 ՄԵԿՆ:1 ԿԱՄ:2 ԱՌՋԵՒ:4 ՄԵԿՈՒՍԻ:1 ՀԵՏԵՒՈՒՄ:1 ԵՐԿԱՐ:1 ԽՈՐՀՐԴԱՎՈՐ:2 ԿԱՐ:1 ԻՆՔՆԻՆ:1 ԵԿԱԾ:1 ՎԱՅՐԿՅԱՆ:1 ԿՐԿԻՆ:1 ՎԵՐ:1 ԽՈՍԵԼ:2 ՄԵԿ:2 ԹԵԹԵՒ:1 ՊԵՍ:2 ԽՈՐՔԱՅԻՆ:1 ՆՎԻՐԱԿԱՆ:1 ԳԱՂՏՆԻՔ:1 ԲԱՑՈՒՄ:1 ԾՆՎԵԼ:2 ՓՈՔՐԻԿ:1 ԿԱՆԱՉ:1 ԼԵՌ:3 ՍՐԲԱԶԱՆ:2 ՏՈՆԻ:2 ԹԵՐԵՒՍ:1 ԱՎԱՆԴՈՒՅԹ:1 ՎԱՂ:2 ՄԱՍՆԱԿՑԵԼ:1 ՏՊԱՎՈՐՈՒԹՅՈՒՆ:1 ԹՈՂԵԼ:1 ՄՇՏԱԿԱՆ:1 ՎԵՐԱԾՎԵԼ:1 ԾԱԳՈՂ:2 ԳՐԱՎՈՒՄ:1 ՄԱՆԱՎԱՆԴ:1 ԱՌԱՋԻՆ:4 ՈՍԿԻ:1 ԵՐԵՒՈՒՄ:1 ՍԿՍՈՒՄ:1 ԲԱՐՁՐԱՆԱԼ:1 ԿԼՈՐ:1 ԿԵՆԴԱՆԻ:1 ԹՎՈՒՄ:4 ԱՍՏՎԱԾԱՅԻՆ:1 ԴԵՄՔ:1 ՏՈՆԱԿԱՆ:2 ԱՅԴՊԵՍ:1 ԸՆԿԱԼՈՒՄ:1 ՓՈՔՐ:3 ՄՈԳԱԿԱՆ:4 ԱՇԽԱՐՀ:1 ԱՅՆՏԵՂ:1 ԾԱԳՈՒՄ:1 ԱՐԵՒ:2 ԻՆՉԻ:1 ԽԱՎԱՐ:1 ՀՈՒԶՈՒՄ:1 ԳՈՒՑԵ:1 ԲԻԲԼԻԱԿԱՆ:1 ՈՐՈՎՀԵՏԵՒ:2 ՄԵՐՁԱՎՈՐ:1 ՃԻՇՏ:1 ԻՆՉՈՒ:1 ԿԱԽԱՐԴԱԿԱՆ:1 ՄԱՆԿԱՊԱՏԱՆԵԿԱՆ:1 ՉՆԱՅԱԾ:1 ՀԵՏԱԳԱ:1 ԱՇԽԱՐՀԱԳՐԱԿԱՆ:1 ՄՂՈՒՄ:1 ՃԱՄՓԱ:1 ԵԼՆԵԼ:1 ԳՆԱԼ:1 ՏԵՍՆԵԼՈՒ:1 ԳԵՂԱՆԿԱՐՉԱԿԱՆ:1 ԴԺՎԱՐ:1 ՆԿԱՐԱԳՐԵԼ:1 ՍԱԿԱՅՆ:1 ԱՆԾԱՆՈԹ:1 ՀԱՅ:2 ՆԿԱՐԻՉ:1 ՀԱՐՅՈՒՐ:1 ԱՊՐԵԼ:1 ԼՍԵԼ:1 ՈՒՂԻՂ:1 ԴԱՐՁՅԱԼ:1 ԼՍՈՒՄ:1 ՁԱՅՆ:1 ՀԻՍՈՒՆ:1 ԱՌԱՎՈՏՅԱՆ:2 ՈՐՊԵՍԶԻ:1 ԱՌԱՆՑ:1 ԵՐԳՈՒՄ:1 ԱՐԱՐԻՉ:1 ՊԱՀԻ:1 ԺԱՄԱՆԱԿ:1 ԱՅՍՊԻՍԻ:1 ՇՐՋԱՆԱՁԵՒ:1 ՈՒՍՈՒՑԻՉ:1 ՓԱՓՈՒԿ:1 ՆԺԴԵՀ:1 ՕՐԵՐ:1 ՄԱՅԻՍ:1 ԿԱՐԾԻՔ:1 ՈՆՑ:1 ԿԱՐՈՂ:1 ՊԱՐՈՆ:1 ՕԳՆԵԼ:1 ԹՈՂՆԵԼ:1 ՄԵԿՆԱԲԱՆՈՒԹՅՈՒՆ:1 ԱՆՈՒՆ:1 ՓՈՍՏ:1 ԿԱՅՔ:2 ԳՐԱԿԱՆ:3 ՀԱՄԱՅՆՔ:2 ՀՐԱՏԱՐԱԿՉՈՒԹՅՈՒՆ:1 ՀԱՆԴԵՍ:1 ԳՐԱԽԱՆՈՒԹ:1 ԱՐԽԻՎ:1 ԹՎԱՅԻՆ:1 ԳՐԱԴԱՐԱՆ:1 ԿԱՊ:2 ԽՄԲԱԳՐԱԿԱՆ:1 ԳՈՎԱԶԴ:1 ԸՆԴՈՒՆՈՒՄ:1 ԱՋԱԿՑԵԼ:2 ԳՈՐԾՈՒՄ:1 ՀԵՂԻՆԱԿԱՅԻՆ:2 ԲՈԼՈՐ:2 ՈՐՈՆՔ:1 ՈՒՄ:1 ՊԱՐՏԱԴԻՐ:1 ՆՇԵԼ:1 ՏԱԼ:1 ԱԿՏԻՎ:1 ՀՂՈՒՄ:1 ՓՆՏՐԵԼ:1 ՀԵՂԻՆԱԿ:1 ՏԵՔՍՏ:1
https://granish.org/%d5%a1%d5%b6%d5%b6%d5%a1-%d5%a4%d5%a1%d5%be%d5%a9%d5%b5%d5%a1%d5%b6-%d5%b0%d5%a5%d5%bf%d5%b8%d5%b5%d5%ab-%d5%a3%d6%80%d5%b8%d6%82%d5%a9%d5%b5%d5%b8%d6%82%d5%b6/	ԳՐՈՒԹՅՈՒՆ:2 ԷՍՍԵ:8 ԳՐԱՆԻՇ:6 ԺԱՄԱՆԱԿԱԿԻՑ:1 ԳՐԱԿԱՆՈՒԹՅՈՒՆ:2 ՎԵՐՋԵՐՍ:1 ՊԱՏՄՎԱԾՔ:1 ՊՈԵԶԻԱ:1 ԳՐԱԽՈՍԱԿԱՆ:1 ՄՐՑԱՆԱԿ:2 ՄՏԱԾՈՒՄ:2 ԱՄԵՆ:5 ՏԱՐԻ:4 ԼՈՒՍԱՆԿԱՐԵԼ:2 ԴԻՄԱՆԿԱՐ:2 ԲԱՅՑ:5 ՔԱՆԻ:5 ՀԵՌՈՒ:2 ՆՐԱՆ:4 ՀԵՇՏ:2 ԳՈՐԾ:2 ԱՎԵԼԻ:7 ՇԱՏ:7 ՄԵՋ:3 ՔԱՆ:4 ՄԵԿ:2 ԱՅԼ:3 ՏԵՂ:3 ԱՅՆ:5 ՊԱՏԿԱՆՈՒՄ:2 ԻՆՁ:8 ԴԵԿՏԵՄԲԵՐ:1 ՐՈՊԵ:1 ԻՆՉ:7 ԳՐՈՒՄ:1 ՆՐԱ:13 ՄԱՍԻՆ:2 ԳՐԵԼ:1 ԱՄԻՍ:1 ՍՊԱՍՈՒՄ:5 ԳՅՈՒՂ:2 ԳՆԱԼ:1 ՄԻՆՉԵՒ:2 ՄԱՀԱՄԵՐՁ:1 ՏԵՍՆԵԼ:1 ՀԻՄԱ:2 ՀԱՄՈԶՎԱԾ:1 ՉԵՄ:3 ՊԱՐԶԱՊԵՍ:3 ԱՆԸՆԴՀԱՏ:1 ԿԱՏԱԿ:1 ՊԵՍ:1 ՓԱԿՈՒՄ:1 ԲԱՑՈՒՄ:1 ՍԵՂՄՈՒՄ:2 ԻՆՉՊԵՍ:6 ՆՈՐԱԾԻՆ:1 ԱՌԱՆՑ:1 ԴԵՌ:1 ՓՈՐՁՈՒՄ:2 ԲՌՆԵԼ:1 ՄԻԱՅՆ:1 ՄԵԽԱՆԻԿԱԿԱՆ:1 ԱՊԱՀՈՎՈՒՄ:1 ԱՅԴ:4 ԽՈՍԵԼ:1 ՀԵՏ:7 ԱՐԴԵՆ:2 ԴՈՒՐՍ:3 ԲԱՐԱԿ:1 ՈՐՏԵՂ:2 ՎԵՐԱԾՎԵԼ:1 ՆՍՏԱԾ:3 ԿԱՐԴՈՒՄ:2 ԱՅՆՔԱՆ:9 ԳԵՂԵՑԻԿ:2 ՀԵՏՈ:8 ՔՆԵԼ:1 ԲԱՑ:3 ՉՈՐՐՈՐԴ:1 ՄՅՈՒՍ:2 ՀԱՄԱՐ:2 ՄԵՆՔ:3 ԱՆՀԱՄԲԵՐ:1 ԿԱՆՉՈՒՄ:1 ՄԵՐԻ:3 ԿԵՐՊ:1 ՀԱՍԿԱՆԱԼ:2 ԱՅԴՊԵՍ:1 ԱՅՍ:4 ՄՏՆՈՒՄ:2 ՓՈՔՐԻԿ:2 ԲՋՋԱՅԻՆ:1 ԵՐԱԺՇՏՈՒԹՅՈՒՆ:1 ԱՌԱՎՈՏՅԱՆ:3 ԼԱՎ:1 ՄԵԶ:3 ՏՈՒՆ:2 ՀԵՐԹՈՎ:1 ՄՈՒԳ:1 ՍԵՒ:1 ԲԼՈՒԶ:1 ՋԻՆՍ:1 ԵՐԿԱՐ:2 ԴԵՂԻՆ:2 ՆՈՐ:4 ԹԱՇԿԻՆԱԿ:1 ԵՐԲ:5 ՄՈՏ:1 ԳԱՆԳ:1 ՓՌՎԱԾ:1 ՎՐԱ:2 ԱՌԱՆՁԻՆ:1 ԳՈՅՈՒԹՅՈՒՆ:1 ՄԵՌԱԾ:1 ԹԱՐՄ:1 ՓՈՒՆՋ:1 ԱՆՏԱՆԵԼԻ:1 ԿԱՐՈՏԵԼ:1 ՔՆԱԾ:1 ՆՈՐԻՑ:2 ԿԱՊՈՒՅՏ:1 ՇՈՐ:1 ՀԱԳԵԼ:2 ԿԱՊԵԼ:1 ՆՈՒՅՆ:1 ՓՈՍ:1 ՓՈՐՈՒՄ:1 ՍԱՐՍԱՓԵԼԻ:1 ՊԵՏՔ:2 ՍՊԱՍԵԼ:1 ՄԱՐԴ:1 ԿԱՐ:1 ՍԵՆՅԱԿ:1 ԳՆՈՒՄ:1 ՄԻՇՏ:3 ԿԱՐՄԻՐ:1 ՀԱՐԱԶԱՏ:1 ՄԻԱՅՆԱԿ:4 ԿԱԽՎԱԾ:1 ՄՆԱՑԱԾ:1 ԻՐԵՆ:1 ԿԱՆԱՉ:1 ՍՊՈՐՏԱՅԻՆ:1 ՆՎԻՐԵԼ:1 ԻՆՔԸ:1 ՀԻՇՈՒՄ:3 ՆՎԱԳՈՒՄ:1 ԵԹԵ:1 ԹԱՂՄԱՆ:1 ԻՆՔՍ:1 ՊԱՀԵԼ:2 ԻՐԵՆՑ:2 ՊԱՀՈՒՄ:2 ԱՅՆՊԵՍ:2 ԿԱՆԱՅՔ:2 ՓՈԽԱՆԱԿՈՒՄ:1 ԵՐԿԻՆՔ:1 ԱՆՁՐԵՒ:1 ՆՇԱՆ:1 ԲԱՐՁՐ:1 ԼԱՑԵԼ:1 ԱՆՍՈՎՈՐ:1 ՇՈՅՈՒՄ:1 ԳԵՐԵԶՄԱՆԱՏՈՒՆ:1 ԵՐԵՔ:2 ՍԵՂԱՆ:1 ՀՈԳՆԵԼ:2 ԱՀԱՎՈՐ:1 ՏԱԿ:1 ԱՊՇԵԼ:1 ՄԵՂԱԴՐՈՒՄ:1 ԿԱՐԴԱԼ:1 ԻՆՔՆ:1 ԱՅՆՏԵՂ:1 ԱՄԲՈՂՋ:1 ՄԻԱՍԻՆ:1 ԿԱՆԽԱՏԵՍԵԼ:1 ԿԱՐՈՂ:1 ՈՒՆԵՆԱԼ:1 ԸՆԴԱՄԵՆԸ:1 ԵՐԿՈՒ:1 ՓԱՌԱՎՈՐ:1 ՊԱՏՃԱՌՈՎ:1 ՀԻՇԵԼ:1 ՀԱՄԱՐՈՒՄ:1 ՏՊԱԳՐՎԵԼ:1 ՆԿԱՐԵԼ:1 ԱՅՍԻՆՔՆ:1 ՎԱՏՆ:1 ԹՎՈՒՄ:1 ԳՈՒՑԵ:1 ՏՐՈՐՈՒՄ:1 ԱՐԴԻ:1 ՀԱՅ:1 ՆԱԵՒ:1 ՄՈՌԱՆԱԼ:1 ՃԻՇՏ:1 ՀՈՄՈ:1 ԿԱՄ:2 ԻՆՉՈՒ:1 ԿԱՐՈՏՈՒՄ:1 ՍՊԻՏԱԿ:1 ԿԱՐԾԻՔ:1 ԱՆՉԱՓ:1 ՀՈՒԶԻՉ:1 ԱՆԳԱՄ:1 ՆՈՐՈՒԹՅՈՒՆ:1 ԱՐՓԻ:1 ՀԻԱՆԱԼԻ:1 ԸՆԿԵՐ:1 ԴՈՒՐ:1 ԹՈՂՆԵԼ:1 ՄԵԿՆԱԲԱՆՈՒԹՅՈՒՆ:1 ԱՆՈՒՆ:1 ՓՈՍՏ:1 ԿԱՅՔ:2 ՄԵՐ:1 ԳՐԱԿԱՆ:3 ՀԱՄԱՅՆՔ:2 ՀՐԱՏԱՐԱԿՉՈՒԹՅՈՒՆ:1 ՀԱՆԴԵՍ:1 ԳՐԱԽԱՆՈՒԹ:1 ԱՐԽԻՎ:1 ԹՎԱՅԻՆ:1 ԳՐԱԴԱՐԱՆ:1 ԿԱՊ:2 ԽՄԲԱԳՐԱԿԱՆ:1 ԳՈՎԱԶԴ:1 ԸՆԴՈՒՆՈՒՄ:1 ԱՋԱԿՑԵԼ:2 ԳՈՐԾՈՒՄ:1 ՀԵՂԻՆԱԿԱՅԻՆ:2 ԲՈԼՈՐ:2 ՈՐՈՆՔ:1 ՈՒՄ:1 ՊԱՐՏԱԴԻՐ:1 ՆՇԵԼ:1 ՏԱԼ:1 ԱԿՏԻՎ:1 ՀՂՈՒՄ:1 ՓՆՏՐԵԼ:1 ՀԵՂԻՆԱԿ:1 ՏԵՔՍՏ:1
https://granish.org/journey/	ԶԲՈՍԱՆՔ:2 ԳՐԱՆԻՇ:6 ԺԱՄԱՆԱԿԱԿԻՑ:1 ԳՐԱԿԱՆՈՒԹՅՈՒՆ:2 ՎԵՐՋԵՐՍ:1 ՊԱՏՄՎԱԾՔ:5 ՊՈԵԶԻԱ:1 ԷՍՍԵ:1 ԳՐԱԽՈՍԱԿԱՆ:1 ՄՐՑԱՆԱԿ:3 ԲԵՐԵԼ:3 ՄԱՆ:3 ՏԱՍՆՀԻՆԳ:3 ՏԱՐԵԿԱՆ:3 ԵՐԲ:4 ՏԱՐՐԱԿԱՆ:2 ԳՆԱՑ:2 ՀՈՒԼԻՍ:1 ՐՈՊԵ:1 ՄԵՐ:4 ԱՄԵՆ:2 ԻՐԵՆՑ:3 ԾԱՆՐ:1 ՏԵՂԸ:1 ՆՈՅԵՄԲԵՐՅԱՆ:1 ԱՆՈՒՆ:3 ՀԵՏՈ:8 ՏԵՍԱԿ:1 ԳՅՈՒՂԱԿԱՆ:1 ԱՆՇՈՒՔ:1 ՄԵՋ:13 ԳՐԵԼ:1 ՓԱՓՈՒԿ:1 ՆԵՐ:1 ՔԱՂԱՔԱՅԻՆ:2 ՍԻՐՈՒՆ:3 ՄԵՆՔ:3 ԴԵՌ:2 ԺԱՄԱՆԱԿ:1 ԻՆՁ:2 ԵՐԱԽՏԱՊԱՐՏ:1 ՍԽԱԼ:2 ԳՐՈՒՄ:1 ՀԱՄԱՐ:5 ՔԱՂԱՔ:6 ՉԵՆՔ:3 ՀՈՒՍԱՀԱՏ:1 ԵՐԿԱՐ:6 ԲԱՐԱԿ:2 ՄՏԱԾՈՒՄ:5 ԳՆՈՒՄ:5 ՈՐՈՎՀԵՏԵՒ:3 ԱՐԴԵՆ:3 ՎԵՑ:2 ՏԱՐԻ:2 ՊԱՐԱՊՈՒՄ:1 ԴԱՇՆԱՄՈՒՐ:1 ՉՈՒՆԻ:1 ՆՐԱ:6 ՍՐԱՆՔ:2 ԵՐՐՈՐԴ:1 ԻՆՉԻ:3 ՊԵՏՔ:5 ԱՆՑԱԾ:1 ԱՊՐԻԼ:1 ՊԱՐԵԼ:1 ՀԱՐՍԻ:1 ՀԱՎԱՆԵԼ:1 ՇՈՐ:2 ՍՐԱ:1 ՊԵՍ:2 ՑՈՒՅՑ:2 ՀԱՐՍԱՆԵԿԱՆ:2 ՍՊԻՏԱԿ:2 ՍՊԱՍՈՒՄ:1 ԵՐԵՒԱՆ:2 ԲԱՅՑ:1 ԲՈՒԺՔՈՒՅՐ:6 ԴԱՌՆԱԼ:3 ԻՆՔՆ:1 ԻԲՐ:1 ԱՍԵԼ:2 ԿՈՎ:1 ՈՒՍԱՆՈՂ:1 ՆՈՒՐԲ:1 ԱՓՍՈՍ:1 ՀԱՍՏ:1 ՁԵՌՔՈՎ:2 ԲՌՆԻ:1 ՄՅՈՒՍ:1 ՎԵՐԵՒ:1 ՔԱՇԻ:1 ԿԵՂՏՈՏ:1 ՀԱՎԱՆՈՒՄ:1 ԳՅՈՒՂԱՑԻ:2 ԼԻՔՆ:1 ԼՑՎԵԼ:1 ԱՅՍՏԵՂ:1 ԻՐԵՆ:1 ՀԱՆԳԻՍՏ:1 ՏԱԿ:3 ԲԱՑ:1 ԴԵՄ:1 ԱՅՍ:2 ԼՍԵԼ:1 ՕՐԻՆԱԿ:1 ՀՂԻՈՒԹՅՈՒՆ:1 ՄԱՍԻՆ:1 ՖՈՒ:3 ԱՃՈՒՄ:1 ՆՈՐ:3 ՎԱՌՈՒՄ:1 ԼԱՎԱՇ:1 ԹԽՈՒՄ:1 ՀԵՌՈՒ:1 ԳԱԶԱՐ:1 ԸՆԴՀԱՆՐԱՊԵՍ:1 ՀԱՎ:1 ՀՂԻ:1 ՇՆՈՐՀԱԿԱԼ:1 ՄԵԶ:2 ՍՏԵՂԾԵԼ:1 ՔԱՆԻ:2 ՀԵՆՑ:1 ԴՈՒՐՍ:5 ԴԻՄԱՀԱՐԴԱՐՄԱՆ:1 ՀՆԱՐԱՎՈՐ:1 ՏԱՐԲԵՐԵԼ:1 ՈՍԿԵԳՈՒՅՆ:1 ԱՀԱԳԻՆ:1 ՓԱՅԼ:1 ԱՐԾԱԹ:1 ՓԻՐՈՒԶ:1 ՆՈՒՅՆ:1 ՀԱՏ:1 ԱՅԴ:1 ԻՐԱՐ:3 ԱՅՍԻՆՔՆ:1 ՆԵՐԿՈՒՄ:1 ՏԱՐԲԵՐ:1 ԿԱՄ:2 ԳՈՒՆԱՎՈՐ:1 ԿԱՐՈՒՄ:1 ԱՆՀԱՏԱԿԱՆՈՒԹՅՈՒՆ:2 ՇՆՈՐՀՈՒՄ:1 ԸՆՏՐՈՒՄ:1 ԳԱԼՈՒ:1 ՇՈՒՏ:2 ՀԵՏ:6 ԱՐԻ:1 ՏԵՂ:1 ԽՆՁՈՐ:2 ՋՐԻ:1 ԴՈՒ:1 ՆԵՐՍ:1 ՆՍՏՈՒՄ:2 ԳՅՈՒՂ:2 ՍՈՒՐ:2 ԿԼՈՐ:1 ՎՐԱ:7 ՎԱՐԴԱՆ:1 ԱՄԲՈՂՋ:1 ՁԵՐ:2 ՈՒԺԱՍՊԱՌ:1 ՆՄԱՆ:2 ՋՈՒՐ:1 ԽՄՈՒՄ:1 ԴԻՄԱՑԻ:1 ԱԶԻԶ:2 ՀՈԿՏԵՄԲԵՐՅԱՆ:1 ԿԱՐՄԻՐ:2 ԽՆՁՈՐԻ:1 ՀՅՈՒԹ:1 ԼՈՂԱՑՈՂ:2 ՁԿՆԵՐ:1 ՁԱԽ:1 ՀԱՄԱՐՁԱԿ:1 ԳՈՐԾԱԾԵԼ:1 ՊԱՏՄՈՒՄ:1 ԿԵՐԵԼ:1 ԱՐՔՈՒՆԱԿԱՆ:1 ԲԱՆ:2 ՀԱՄԵՄԱՏԵԼ:1 ԼՐԻՎ:1 ԱՆՈՒՆԻՑ:1 ԱՎԵԼՈՐԴ:1 ԱՆՀՐԱԺԵՇՏ:1 ԱՏՈՒՄ:1 ԻՆՉՊԵՍ:1 ԱՊՐԵԼ:1 ԱՊՐՈՒՄ:1 ՈՐՈՇ:1 ԲԱՆԵՐ:1 ՄՈՌԱՆԱԼ:1 ՈՐՏԵՂ:1 ԲԱՐԵԳՈՒԹ:1 ՃԻՇՏ:1 ԺԱՄԱՆԱԿԻՆ:1 ՄԱՍՆԱՎՈՐ:1 ԻՍԿ:1 ՄԵՌՆՈՒՄ:1 ՇԱՏ:2 ԱՆԳԼԵՐԵՆ:1 ԿԱՐ:2 ՍՏԻՊՎԱԾ:2 ՑԱՆԵԼ:1 ՄՇԱԿԵԼ:1 ՀԻՆԳ:1 ՉԱՓ:1 ՀՈՂ:1 ՉՆԱՅԱԾ:1 ԱՅՆՔԱՆ:1 ԱՅԴՔԱՆ:1 ՈՐՈՆՔ:2 ՎԱՂՈՒՑ:1 ԻՆՉՊԻՍԻ:1 ԾՆՎԵԼ:1 ՍՊՈՐՏԱՅԻՆ:1 ԿԱՆԱՉ:1 ՀԱՄՈԶՈՒՄ:1 ԾԱՂԿԱՎՈՐ:1 ԻՆՔԸ:1 ԳԵՂԵՑԻԿ:1 ՍԱՐՔՈՒՄ:1 ՆԵՐԿԵԼ:1 ՀԻՆ:1 ՊԱՐՏԱԴԻՐ:2 ԼԱՎ:2 ԲՆԱՏՈՒՐ:1 ԱՐՏԻՍՏ:1 ԿԱՐԵՒՈՐ:1 ԻՆՉ:1 ԶԱՆԳՈՒՄ:1 ՓՈԽԵԼ:1 ՈՐՈՇԵԼ:1 ԴԱՍԱՏՈՒ:1 ԱՐԴԻ:1 ՀԱՅ:1 ՆԱԵՒ:1 ՀԵՔԻԱԹ:1 ՀԱՆԴԻՊՈՒՄ:1 ԼԻԱՆ:1 ԿԱՐԾԻՔ:1 ՋԱՆ:3 ԿԱՐԵՆ:1 ՈՒՂԱՐԿԵԼ:1 ԱԼՖԱ:1 ՏԽՈՒՐ:1 ՉՈՐՍ:1 ԱՌԱՋ:1 ՀԱՃԱԽ:1 ԲԵՐՈՒՄ:1 ՈՐՔԱՆ:1 ԽԵԼՈՔ:2 ԹՈՂՆԵԼ:1 ՄԵԿՆԱԲԱՆՈՒԹՅՈՒՆ:1 ՓՈՍՏ:1 ԿԱՅՔ:2 ԳՐԱԿԱՆ:3 ՀԱՄԱՅՆՔ:2 ՀՐԱՏԱՐԱԿՉՈՒԹՅՈՒՆ:1 ՀԱՆԴԵՍ:1 ԳՐԱԽԱՆՈՒԹ:1 ԱՐԽԻՎ:1 ԹՎԱՅԻՆ:1 ԳՐԱԴԱՐԱՆ:1 ԿԱՊ:2 ԽՄԲԱԳՐԱԿԱՆ:1 ԳՈՎԱԶԴ:1 ԸՆԴՈՒՆՈՒՄ:1 ԱՋԱԿՑԵԼ:2 ԳՈՐԾՈՒՄ:1 ՀԵՂԻՆԱԿԱՅԻՆ:2 ԲՈԼՈՐ:2 ՈՒՄ:1 ՆՇԵԼ:1 ՏԱԼ:1 ԱԿՏԻՎ:1 ՀՂՈՒՄ:1 ՓՆՏՐԵԼ:1 ՀԵՂԻՆԱԿ:1 ՏԵՔՍՏ:1
https://granish.org/general-plan/	ԸՆԴՀԱՆՈՒՐ:3 ՊԼԱՆ:2 ԳՐԱՆԻՇ:6 ԺԱՄԱՆԱԿԱԿԻՑ:1 ԳՐԱԿԱՆՈՒԹՅՈՒՆ:2 ՎԵՐՋԵՐՍ:1 ՊԱՏՄՎԱԾՔ:5 ՊՈԵԶԻԱ:1 ԷՍՍԵ:1 ԳՐԱԽՈՍԱԿԱՆ:1 ՄՐՑԱՆԱԿ:3 ՓՈՔՐ:4 ԵՐԿԻՐ:2 ԾԱԿ:2 ՀԱՆԱԾ:2 ԲԱՅՑ:23 ԱՓՍՈՍ:3 ԱՅՍՏԵՂ:5 ԲԱՎԱԿԱՆ:3 ՎԱՏ:5 ԲԱՆԵՐ:4 ՄԱՅԻՍ:1 ՐՈՊԵ:1 ՓԱԿԵԼ:1 ԱՐՅՈՒՆՈՏ:1 ՄԵՋ:33 ՑԱՎ:2 ԻՆՉՈՒ:1 ՄԵՌՆՈՒՄ:1 ԲԱՑՈՒՄ:1 ՀԱՎԱՔՈՒՄ:2 ԿԱՊԵԼ:1 ԵՌԱՆԴ:1 ՍՈՎՈՐՈՒԹՅՈՒՆ:1 ՔԱՆԱԿ:1 ՍՈՎ:1 ԵՐԵԽԱ:1 ՆՐԱՆ:10 ՆՐԱ:22 ԱՏՈՒՄ:1 ՍԵՒ:1 ՏԱՌԱՊԱՆՔ:1 ՈՐՈՎՀԵՏԵՒ:12 ԱՄԵՆ:16 ԻՆՉ:9 ՆՄԱՆ:2 ԱՐԴԵՆ:11 ՀՈՐ:2 ՊԱՊԻ:2 ՄՈՐ:4 ՀԱՅՐԱԿԱՆ:1 ՈՐՊԵՍ:2 ՀԱՅԿԱԿԱՆ:3 ՓԻԼԻՍՈՓԱՅԱԿԱՆ:1 ԲԱՐՁՐԱԳՈՒՅՆ:1 ԴՐՍԵՒՈՐՈՒՄ:1 ԻՆՉՊԵՍ:6 ԻՆՁ:8 ԱՄԲՈՂՋ:2 ԸՆՏԱՆԻՔ:1 ԱՍԵԼ:1 ԴՈՒ:3 ԼԱՎ:6 ՀԻՆԳ:2 ՊԱՀԻ:1 ՀԱՅՐԻԿ:1 ՋԱՆ:3 ՄԱՐԴ:4 ՄԵԿԸ:1 ԻՐԵՆՑ:4 ՄԻՇՏ:1 ԱՎԵԼԻ:3 ՍԻՐՈՒՄ:10 ԲԱՑԱԿԱ:1 ՆՍՏՈՒՄ:1 ԳՆԱՑ:3 ՀՈՐՈՎԵԼ:2 ԲԵՐԱՆԱՑԻ:1 ԱՐԻՆ:1 ՀԱՐԵՒԱՆ:1 ԺՈՂՈՎՐԴԱԿԱՆ:1 ԵՐԳ:1 ՍՐԱ:1 ՀԱՄԱՐ:11 ԱՍԻ:2 ԿԱՐ:2 ՇԱՏ:17 ԿՈՊԻՏ:1 ԲԱՌ:1 ՆՍՏԵԼ:3 ՋՈՒՐ:1 ՄԻԵՒՆՈՒՅՆ:3 ԱՅՆՏԵՂ:1 ԱՆՀԱՄ:1 ՀՈՒՍԱՀԱՏ:3 ՄՅՈՒՍ:2 ՏԱՐԻ:2 ՆՈՒՅՆ:2 ՏԵՂՈՒՄ:4 ԱՆԴԱԴԱՐ:3 ՀԵՏ:5 ՔԱՆԻ:4 ԹՈՒՓ:1 ՄԱՂԱԴԱՆՈՍ:1 ԱՃԵԼ:1 ԱՌԱՆՁԻՆ:1 ԴՈՒՐՍ:2 ՊԵՍ:3 ԳՈՐԾ:1 ՊԻՏԻ:3 ՏՂԱ:2 ԱՌԱՆՑ:1 ԱՆԳԱՄ:4 ՏԱԿ:7 ՇՈՒՌ:3 ՀԻՄԱ:5 ՄՈՐՍ:3 ՎԱՅ:2 ԽԵՂՃ:2 ՀԱՅՏՆԻ:3 ԲՈՂՈՔՈՒՄ:1 ՇԱՀՈՒԹԱԲԵՐ:1 ՆՈՐ:2 ԽՄՈՒՄ:2 ՄԱՍԻՆ:7 ՄՏԱԾՈՒՄ:5 ՀԱՄՈՎ:1 ՀՈՏ:1 ԿԱՐՈՏՈՒՄ:3 ՉԵՄ:2 ԱՀԱՎՈՐ:3 ՓԱՓՈՒԿ:2 ՎՐԱ:14 ՀԵՏՈ:4 ԾԱՆՐ:2 ՇՆՉՈՒՄ:1 ԴՈՂ:1 ԳԻՏԻ:2 ՄԻԱՍԻՆ:1 ԱՆՀԱՐՄԱՐ:1 ԱՆԱՊԱՀՈՎ:1 ԿԱՐԻՔ:1 ԿԱՎԵ:1 ՓԱԿՈՒՄ:1 ԱՅՍՔԱՆ:1 ՀՈԳՆԵԼ:1 ԻՆՉՔԱՆ:2 ԿԱՆ:1 ԱՌԱՋ:2 ՄԱՆՐ:1 ԴԵՊԻ:2 ՌՈՒՍ:2 ԲԵՐԵԼ:3 ՀԱՅԵՐԵՆ:2 ՓԱՅԼՈՒՄ:1 ԲԱԺԱԿ:1 ԽՈՊԱՆ:1 ՀԱԶԱՐ:8 ԴՈԼԱՐ:1 ԲԱՆԱԿԻՑ:1 ՄԵԿ:5 ՉՆԱՅԱԾ:1 ԵՆԹԱԿԱ:1 ԲԱՑԵԼ:1 ԺԱՄԱՆԱԿ:1 ԱՄԻՍ:1 ՄԱԼ:1 ԲԱՆ:2 ԳԱՎԱՌԱԿԱՆ:1 ՓՈՔՐԻԿ:1 ԲԺԻՇԿ:1 ԲՈԼՈՐ:4 ՌՈՒԲԼԻ:1 ՓՈՂ:2 ԷԼԻ:1 ԵՐԵՒՈՒՄ:1 ԿՈՎ:1 ՄԻՆՉԵՒ:2 ՓՉԱՑԱԾ:1 ԿՈՏՐՎԱԾ:1 ԴՐԱՄ:3 ՄԱՆ:1 ԲԱՐՁՐ:1 ԼՍՈՒՄ:2 ԵՐԿՐՈՐԴ:1 ԳՈՌՈՒՄ:1 ԽԱՆԳԱՐՈՒՄ:1 ՍԱՐՔԵԼ:1 ԱՆՀԱՆԳԻՍՏ:1 ԻՆՔՆ:13 ԻՐԵՆ:9 ԱՌԱՋԱՐԿՈՒՄ:1 ԻՆՔԸ:6 ՊԱՏԱՍԽԱՆԵԼ:1 ՀԱՆԵԼ:1 ՍԱՌԱ:1 ԱՎԵԼ:2 ՏԱՍ:1 ՏՈՒՆ:2 ԵՐԿՈՒ:2 ՀԱՏ:1 ՈՒՂԻՂ:1 ՏԱՆ:1 ԱՂՋԻԿ:2 ՀԱՆԳԻՍՏ:2 ԿՅԱՆՔ:2 ՀԱՇՄԱՆԴԱՄ:1 ՀԱՐԲԵՑՈՂ:1 ԹԵԹԵՒ:1 ՔԱՐ:1 ԳՑՈՒՄ:1 ՆՍՏԱԾ:1 ՍՊԱՍՈՒՄ:2 ԽԱՆՈՒՄ:1 ԱՆԽԵԼՔ:1 ՏԵՂ:3 ՉՈՒՆԻ:1 ՄՈՏ:6 ՏԵՂԸ:1 ԳՏՆՈՒՄ:1 ՄԱՔՐՈՒՄ:1 ՍՐՏԱՆՑ:1 ՀԱՐՍԻ:1 ԿԻՍԱՏ:1 ԱՆՈՒՄ:2 ՍԻՐԱԾ:1 ՀԱՍՏ:1 ՀԵՌՎԻՑ:1 ՍԱՌԱԾ:1 ԵՐԵՔ:2 ՕՐԸ:1 ԴԺՎԱՐ:1 ՀԵՇՏՈՒԹՅԱՄԲ:1 ԹՔԵԼ:1 ՀԱՄԲՈՒՐՈՒՄ:1 ԲԱԶՄԱԹԻՎ:1 ՏԱՆՋԱՀԱՐ:1 ԵՂԱԾ:2 ՆՈՐԻՑ:1 ԼՈՂԱՆԱԼ:1 ՊԵՏՔ:1 ԵՐԵՒԻ:2 ԳԼԽԱՎՈՐ:1 ԹԱՑ:1 ՆԵՐՔԵՒ:1 ՍԱՌԸ:1 ՍԱՌԵԼ:1 ՀԱԼ:1 ԴՈՂՈՒՄ:1 ՏԱՔ:2 ԱՇԽԱՐՀԻ:2 ՉԱՓ:4 ԵՐԲԵՄՆ:2 ՍԱՐՍԱՓՈՒՄ:2 ՈՒՐԵՄՆ:4 ՈՉԻՆՉ:2 ԱՆՍԵՌ:4 ՄԻԱԿ:2 ԿԱՐԵԼԻ:2 ԿԱՄ:5 ՆՈՒՅՆԻՍԿ:2 ԱՅՍ:3 ԿԱՐՈՂ:3 ԼԻՆԵԼ:4 ՀՆԱՐԱՎՈՐ:2 ԱՅԴ:3 ՊԱՏՃԱՌՈՎ:2 ԱՆՀՆԱՐ:2 ԻՆՉԻ:2 ԲԱԺԱՆՈՒՄ:2 ԱՆՏԱՆԵԼԻ:2 ԵՂԵԼ:4 ԱՌԱՎՈՏ:1 ՄԵՏՐ:2 ՓՈՇՈՒ:1 ԶՈՒԳԱՀԵՌ:1 ՀԱՏՈՂ:1 ԿՈՎԵՐ:3 ԿԱՆԱՅՔ:1 ՀԱՆԴԱՐՏ:1 ՍԱՌՈՒՄ:1 ԻՍԿ:2 ՌՈՒՍԱԿԱՆ:1 ՈՐԵՒԷ:2 ՍԿՍԵԼ:1 ԷԺԱՆԱԳԻՆ:1 ՌՈՒՍԵՐԵՆ:1 ՀԻՆ:2 ԴՊՐՈՑ:2 ՈՒՍՄԱՍՎԱՐ:1 ՄԵԾ:1 ՁԵՌՔՈՎ:1 ՏԱՍՆԵՐԵՔ:1 ԳՆՈՒՄ:1 ԲԱՆՎՈՐ:1 ՉՈՐՍ:1 ՊԱՌԱՎ:1 ՕՋԱԽ:1 ՎԻՐՏՈՒԱԼ:1 ՏԱՐԱԾՈՒԹՅՈՒՆ:1 ՄԱՏՐԻՑԱ:1 ՈՐՏԵՂ:2 ՓՈԽԱՐԵՆ:1 ՇՐՋՈՒՄ:1 ԿԱՆԱՉ:1 ԳՈՅՈՒԹՅՈՒՆ:1 ՀԱՍԱՆԵԼԻՔ:1 ԻՄԻՏԱՑԻԱ:1 ՄԱՅՐ:1 ՕՐԻՆԱԿԵԼԻ:1 ԵՐՋԱՆԻԿ:2 ԿԻՆ:1 ՈՒՐԻՇ:2 ՊԵՏՈՒԹՅՈՒՆ:1 ԵՐԿԻՆՔ:1 ԱՆԻԾԵԼ:1 ՔՍԱՆՀԻՆԳ:1 ՏԱՐԵԿԱՆ:1 ՔՍԱՆՉՈՐՍ:1 ԵՐԲ:4 ԿԱՐԳԻՆ:2 ԱՅՍՊԵՍ:2 ՈՒՐ:1 ՀԱՍՏԱՏ:1 ՊԱՏՃԱՌԵԼ:1 ԱՅԴՊԵՍ:1 ՊԱՏՃԱՌ:1 ԴՈՒՐ:1 ՍԻՐՈՒՆ:2 ՕՐԻԳԻՆԱԼ:1 ԳԵՂԵՑԻԿԸ:1 ԳԵՂԵՑԻԿ:2 ՏԳԵՂ:1 ՀՈՒՅՍ:2 ԵԹԵ:1 ՄԵՆՔ:1 ԳԵՐԵԶՄԱՆՈՒՄ:1 ՎԱՂՈՒՑ:1 ՀԻՇՈՒՄ:1 ՑՈՒՑԱԴՐԱԲԱՐ:1 ՀՈՂ:1 ՇԱՂ:1 ՓՆՏՐՈՒՄ:1 ՀԵՐԹՈՎ:1 ԿԱՆԳՆՈՒՄ:2 ԲԱՐԵԽՈՍ:1 ՔԵՌԻ:1 ՍՊԻՏԱԿ:1 ԴԵՌ:1 ՏԱՆՋԱՄԱՀ:1 ՀԱՆՈՒՄ:1 ՖՈԿՈՒՍ:1 ՆԿԱՐՈՒՄ:1 ՓՈԽՈՒՄ:1 ՈՂԲԵՐԳԱԿԱՆ:1 ՀԱՐԱԶԱՏ:1 ԸՆՏՐՈՒՄ:1 ԼՈՒՍԱՆԿԱՐՈՒՄ:1 ՎՈԼՏ:1 ԾԱՂԻԿ:1 ԽՈՐ:1 ՎԻՇՏ:1 ՀԱՐՄԱՐ:1 ՀԵՐԹԱԿԱՆ:1 ՀԱՄՈԶՎԵԼ:1 ՎԵՐՋՆԱԿԱՆԱՊԵՍ:1 ՆՈՐՈՒԹՅՈՒՆ:1 ՆԵՂԼԻԿ:3 ԱՐԱԳՈՐԵՆ:1 ՊԱՏՐԱՍՏԱԿԱՄ:1 ՔԱՐՇ:1 ԲԵՐՈՒՄ:1 ՎԵՐՋԻՆ:1 ԱՐԴԻ:1 ՀԱՅ:1 ՆԱԵՒ:1 ՀԵՔԻԱԹ:1 ՀԱՆԴԻՊՈՒՄ:1 ԼԻԱՆ:1 ԿԱՐԾԻՔ:1 ՄԻՋԵՒ:1 ՀԱՎԵՐԺԱԿԱՆ:1 ՅՈՒՐՕՐԻՆԱԿ:1 ՄԵԿՆԱԲԱՆՈՒԹՅՈՒՆ:2 ԽՈՐՔԱՅԻՆ:1 ՈՆՑ:1 ՄԱՀԱՑԱԾ:1 ՏԱՏԻ:1 ԲԱՐԴ:1 ՔԵԶ:2 ՀԱՄԱՐՈՒՄ:1 ԳԵՆԵՏԻԿ:1 ՀՐԱՇԱԼԻ:1 ԳՐՈՒՄ:1 ԻՐԱՎԻՃԱԿ:1 ՀԱՆԴԵՊ:2 ՀՈԳՆԱԾ:1 ԽՈՍՏՈՎԱՆՈՒՄ:1 ԳԻՏԱԿՑՈՒՄ:2 ՆՈՒՅՆՔԱՆ:1 ՈՐՔԱՆ:1 ՍԿԻԶԲ:1 ԱՌԱԾ:1 ԲԱՑԱՐՁԱԿ:1 ՃՇՄԱՐՏՈՒԹՅՈՒՆ:1 ՈՐԻ:1 ԴԵՄ:2 ԱՆԶՈՐ:2 ԱՅՆՊԵՍ:2 ԱՆՑՆԵԼ:2 ԱՅՆ:2 ՄԵՐ:2 ԶԳԱԼ:1 ԱՏԵԼՈՒԹՅՈՒՆ:1 ԹՈՂՆԵԼ:1 ԱՆՈՒՆ:1 ՓՈՍՏ:1 ԿԱՅՔ:2 ԳՐԱԿԱՆ:3 ՀԱՄԱՅՆՔ:2 ՀՐԱՏԱՐԱԿՉՈՒԹՅՈՒՆ:1 ՀԱՆԴԵՍ:1 ԳՐԱԽԱՆՈՒԹ:1 ԱՐԽԻՎ:1 ԹՎԱՅԻՆ:1 ԳՐԱԴԱՐԱՆ:1 ԿԱՊ:2 ՄԵԶ:1 ԽՄԲԱԳՐԱԿԱՆ:1 ԳՈՎԱԶԴ:1 ԸՆԴՈՒՆՈՒՄ:1 ԱՋԱԿՑԵԼ:2 ԳՈՐԾՈՒՄ:1 ՀԵՂԻՆԱԿԱՅԻՆ:2 ՈՐՈՆՔ:1 ՈՒՄ:1 ՊԱՐՏԱԴԻՐ:1 ՆՇԵԼ:1 ՏԱԼ:1 ԱԿՏԻՎ:1 ՀՂՈՒՄ:1 ՓՆՏՐԵԼ:1 ՀԵՂԻՆԱԿ:1 ՏԵՔՍՏ:1
https://granish.org/%d5%a3%d6%80%d5%a5%d5%a9%d5%a5%d6%80%d5%a9-2009-%d5%bf%d5%a1%d6%80%d5%a5%d5%af%d5%a1%d5%b6-%d5%a3%d6%80%d5%a1%d5%af%d5%a1%d5%b6-%d5%b4%d6%80%d6%81%d5%a1%d5%b6%d5%a1%d5%af/	ԳՐԱԿԱՆ:13 ՄՐՑԱՆԱԿ:5 ԳՐԱՆԻՇ:7 ԺԱՄԱՆԱԿԱԿԻՑ:1 ԳՐԱԿԱՆՈՒԹՅՈՒՆ:1 ՎԵՐՋԵՐՍ:1 ՊԱՏՄՎԱԾՔ:3 ՊՈԵԶԻԱ:2 ԷՍՍԵ:1 ԳՐԱԽՈՍԱԿԱՆ:1 ԱՅՍՕՐ:2 ԵՐԻՏԱՍԱՐԴԱԿԱՆ:2 ՏԱՐԵԿԱՆ:2 ԱՐԴԵՆ:3 ԱՆԳԱՄ:5 ՄԵԿ:2 ԹԵՐԹՈՒՄ:2 ԴԵԿՏԵՄԲԵՐ:1 ՐՈՊԵ:1 ԲՈԼՈՐ:3 ՓԱԿ:1 ՀԱՄԱՐ:7 ԲԱՆԱՍՏԵՂԾԱԿԱՆ:1 ՇԱՐՔԻ:1 ԹԱՐԳՄԱՆՈՒԹՅՈՒՆ:1 ՊԱՏՄՈՒԹՅՈՒՆ:1 ՄՐՑԱՆԱԿԱԿԻՐ:1 ՆԱԵՒ:1 ԴՐԱՄԱՇՆՈՐՀ:1 ՓԱՌԱՏՈՆ:1 ԱՄՓՈՓՈՒՄ:1 ՏԱՐԻ:2 ԿԱՐԾԻՔ:1 ԱՄԵՆ:1 ՆՈՒՅՆ:1 ԱՅՆՊԻՍԻ:1 ՏՊԱՎՈՐՈՒԹՅՈՒՆ:1 ՄԻԱՅՆ:1 ԾԱՆՈԹ:1 ՄԱՐԴԻԿ:1 ՆՈՐ:5 ԱՆՈՒՆ:2 ՏԽՈՒՐ:2 ՁԵՐ:1 ՍԽԱԼ:1 ԱՅՍ:2 ՏՊԱԳՐՎԵԼ:2 ԵՐԵՒԻ:1 ՉԵՔ:1 ՏԱՍԸ:1 ԻՆԸ:1 ԱՌԱՋԻՆ:1 ԱՌՀԱՍԱՐԱԿ:1 ԱՍՊԱՐԵԶ:1 ՄՏՆՈՒՄ:1 ՄԻՇՏ:1 ՀԱՎԱՏԱՐԻՄ:1 ՃԱՆԱՊԱՐՀ:1 ԲԱՑԵԼ:1 ԵՐԻՏԱՍԱՐԴ:1 ՏԱՂԱՆԴԱՎՈՐ:1 ՈՐՔԱՆ:1 ՈՄԱՆՔ:1 ԻՐԵՆՑ:1 ՀԱՐՑՈՒՄ:1 ԱՅՆՈՒԱՄԵՆԱՅՆԻՎ:1 ՄԵԾ:2 ՀԱՄԱՁԱՅՆ:1 ՈՒՂՂԱԿԻ:1 ԻՆՁ:1 ԹՈՂՆԵԼ:1 ՄԵԿՆԱԲԱՆՈՒԹՅՈՒՆ:1 ՓՈՍՏ:1 ԿԱՅՔ:2 ՄԵՐ:1 ՀԱՄԱՅՆՔ:2 ՀՐԱՏԱՐԱԿՉՈՒԹՅՈՒՆ:1 ՀԱՆԴԵՍ:1 ԳՐԱԽԱՆՈՒԹ:1 ԱՐԽԻՎ:1 ԹՎԱՅԻՆ:1 ԳՐԱԴԱՐԱՆ:1 ԿԱՊ:2 ՄԵԶ:1 ՀԵՏ:1 ԽՄԲԱԳՐԱԿԱՆ:1 ԳՈՎԱԶԴ:1 ԸՆԴՈՒՆՈՒՄ:1 ԱՋԱԿՑԵԼ:2 ԳՈՐԾՈՒՄ:1 ՀԵՂԻՆԱԿԱՅԻՆ:2 ՈՐՈՆՔ:1 ՈՒՄ:1 ՊԱՐՏԱԴԻՐ:1 ՆՇԵԼ:1 ՏԱԼ:1 ԱԿՏԻՎ:1 ՀՂՈՒՄ:1 ՓՆՏՐԵԼ:1 ՀԵՂԻՆԱԿ:1 ԿԱՄ:1 ՏԵՔՍՏ:1
https://granish.org/yerevan/	ԵՐԵՒԱՆ:3 ԳՐԱՆԻՇ:6 ԺԱՄԱՆԱԿԱԿԻՑ:1 ԳՐԱԿԱՆՈՒԹՅՈՒՆ:1 ՎԵՐՋԵՐՍ:1 ՊԱՏՄՎԱԾՔ:1 ՊՈԵԶԻԱ:6 ԷՍՍԵ:1 ԳՐԱԽՈՍԱԿԱՆ:1 ՄՐՑԱՆԱԿ:2 ԻՆՉ:2 ԵՐԱԶԵԼ:2 ԴԵՌ:3 ՊՈԵՏ:3 ՈՐՊԵՍ:11 ԱՐԵՒ:2 ՍԻՆԻ:2 ԱՅՆ:3 ՀԱՐՍԱՆԻՔ:2 ՄԻՐԳ:2 ԽԱՂՈՂ:2 ՀՈԿՏԵՄԲԵՐ:1 ՐՈՊԵ:1 ԻՆՁ:3 ՀԱՄԱՐ:1 ԿԱՆԵ:1 ՊԵՍ:2 ՔՆՔՈՒՇ:1 ԲԱՅՑ:6 ԿԱՐՈՂ:4 ԵՐԿԱԹԵ:1 ՁԵՐ:3 ԵԹԵ:2 ԱՆԹԻՎ:1 ԴԵՊԻ:1 ԹԵՔԵԼ:1 ԹՈՂՆԵԼ:2 ՀՈՏԱՎԵՏ:1 ԳՐԱՆԻՏ:1 ՀԵՏՈ:1 ՀԻՆ:2 ՁԵԶ:1 ԵՐԳԱՀԱՆ:1 ՆՄԱՆ:1 ՔՆԵԼ:1 ԱՀԱ:2 ՍԻՐՈՒՄ:6 ՔԵԶ:2 ՔԱՐԵ:1 ԻՆՉՊԵՍ:3 ԽԱՆԻՆ:1 ԲԱՐԵՊԱՇՏ:1 ՄՏՆԵԼ:1 ՍԵՒ:1 ՀԱՆԿԱՐԾ:1 ԱՍԵՄ:1 ԴՈՒ:5 ԷԼԻ:3 ԽԵՂԴԱՄԱՀ:1 ԿԱԽՎԵԼ:1 ԲԱԶՈՒՄ:1 ԿԱՆ:1 ԱՆՀԱՆԳԻՍՏ:1 ՓԱՅԼՈՒՄ:1 ՆՐԱՆՔ:2 ԱՎՏՈ:1 ԱՅՆՏԵՂ:1 ԼՈՒՍԻՆ:1 ՇԱՐԵԼ:1 ԻՐԵՆՑ:1 ՊԱՅԾԱՌ:1 ԻՍԿ:2 ԳԱՂԹԱԿԱՆ:1 ՏԵՂ:1 ԹՈՂ:1 ԱՐԱ:1 ԱՅՍՏԵՂ:1 ՆՈՐ:1 ՔԱՂԱՔ:1 ՆՍՏԵԼ:1 ԱՐԹՈՒՆ:1 ԱՅԴ:1 ԱՐԾԱԹ:1 ՄԵՐ:2 ԻՐԱ:1 ՁԻՆ:1 ՆԱԵՒ:1 ՈՐՈՆՔ:2 ՄԵԿՆԱԲԱՆՈՒԹՅՈՒՆ:1 ԱՆՈՒՆ:1 ՓՈՍՏ:1 ԿԱՅՔ:2 ԳՐԱԿԱՆ:3 ՀԱՄԱՅՆՔ:2 ՀՐԱՏԱՐԱԿՉՈՒԹՅՈՒՆ:1 ՀԱՆԴԵՍ:1 ԳՐԱԽԱՆՈՒԹ:1 ԱՐԽԻՎ:1 ԹՎԱՅԻՆ:1 ԳՐԱԴԱՐԱՆ:1 ԿԱՊ:2 ՄԵԶ:1 ՀԵՏ:1 ԽՄԲԱԳՐԱԿԱՆ:1 ԳՈՎԱԶԴ:1 ԸՆԴՈՒՆՈՒՄ:1 ԱՋԱԿՑԵԼ:2 ԳՈՐԾՈՒՄ:1 ՀԵՂԻՆԱԿԱՅԻՆ:2 ԲՈԼՈՐ:2 ՈՒՄ:1 ՊԱՐՏԱԴԻՐ:1 ՆՇԵԼ:1 ՏԱԼ:1 ԱԿՏԻՎ:1 ՀՂՈՒՄ:1 ՓՆՏՐԵԼ:1 ՀԵՂԻՆԱԿ:1 ԿԱՄ:1 ՏԵՔՍՏ:1
https://granish.org/ea/	ԿԱՐԵՆ:3 ԳՐԱՆԻՇ:6 ԺԱՄԱՆԱԿԱԿԻՑ:1 ԳՐԱԿԱՆՈՒԹՅՈՒՆ:1 ՎԵՐՋԵՐՍ:1 ՊԱՏՄՎԱԾՔ:1 ՊՈԵԶԻԱ:5 ԷՍՍԵ:1 ԳՐԱԽՈՍԱԿԱՆ:1 ՄՐՑԱՆԱԿ:2 ՕԳՈՍՏՈՍ:1 ՐՈՊԵ:1 ՄԻՆՉ:5 ՀՐԱՇԱԼԻ:1 ԴՈՒ:5 ՄԻՋԵՒ:1 ՀԵՇՏ:1 ԽԱՌԸ:1 ՆԱՐԻՆՋ:1 ՏԱԿՈՎ:1 ՎԵՐՋԻՆ:1 ԱՆԳԱՄ:1 ԿԱՄ:3 ՔԱՐԵ:1 ՀԵՏ:6 ՈՂՈՐԿ:1 ՀԱՆԿԱՐԾ:1 ԻՆՉ:1 ՏԵՂ:1 ՀՆԴԿԱԿԱՆ:1 ՀԵՌԱՎՈՐ:1 ԱՆՀՈՒՆ:1 ԱՆԱՆՈՒՆ:1 ՔԱՌՈՐԴ:1 ՀԱՎԵՐԺՈՒԹՅՈՒՆ:1 ԴԵՌ:3 ԱՆՈՒՆ:2 ՀԻՆԳ:1 ՊԱՐՈՒՅՐ:1 ՀԱՍԱԿ:1 ԻՍԿ:2 ՆՐԱ:2 ԵՐԿՆԱՅԻՆ:1 ՎՐԱ:1 ԴԵՌԵՒՍ:1 ԱՆԱՍՏՎԱԾ:1 ՏԱՐԱԾՈՒԹՅՈՒՆ:1 ԺԱՄԱՆԱԿ:2 ՃԵՐՄԱԿ:1 ԱՌԱԳԱՍՏԱՆԱՎ:1 ԱՂՋԻԿ:1 ՃԱՅ:1 ԵՐԲԵՒԷ:1 ՄԵՋ:2 ԹԱՑ:1 ՔՆՔՇՈՒԹՅՈՒՆ:1 ԱՂՋԿԱԿԱՆ:1 ՔԵԶ:4 ՀՅՈՒՍԻՍԱՅԻՆ:1 ՍՈՒՐԲ:2 ԱՆՀՆԱՐԻՆ:1 ՇԱՏ:1 ԱՌԱՋ:1 ՍԱՌՑԵ:1 ՀԻՇՈՒՄ:1 ԱՅՆ:1 ՈՐԻ:1 ՋՐԱՇՈՒՇԱՆ:1 ԵՐԿՆԱԳՈՒՅՆ:1 ԱՅԴ:2 ԻՆՁ:2 ՊԵՍ:1 ՀԵՏՈ:1 ԻԲՐԵՒ:1 ԲԱՐԲԱՐՈՍ:1 ԱՄԵՆ:1 ԴԱՐԻ:1 ՏԱԿ:1 ԺԱՅՌԱՓՈՐ:1 ԱՐԴԵՆ:1 ԿԱԹՆԱՍՈՒՆ:1 ԱՆՁՐԵՒ:1 ՔԻՉ:4 ՕՐԸ:1 ԱՌԱՋԻՆ:1 ՆԱԵՒ:1 ՈՐՈՆՔ:2 ԿԱՐԾԻՔ:1 ԼՈՒՍԻՆ:1 ԹՈՂՆԵԼ:1 ՄԵԿՆԱԲԱՆՈՒԹՅՈՒՆ:1 ՓՈՍՏ:1 ԿԱՅՔ:2 ՄԵՐ:1 ԳՐԱԿԱՆ:3 ՀԱՄԱՅՆՔ:2 ՀՐԱՏԱՐԱԿՉՈՒԹՅՈՒՆ:1 ՀԱՆԴԵՍ:1 ԳՐԱԽԱՆՈՒԹ:1 ԱՐԽԻՎ:1 ԹՎԱՅԻՆ:1 ԳՐԱԴԱՐԱՆ:1 ԿԱՊ:2 ՄԵԶ:1 ԽՄԲԱԳՐԱԿԱՆ:1 ԳՈՎԱԶԴ:1 ԸՆԴՈՒՆՈՒՄ:1 ԱՋԱԿՑԵԼ:2 ԳՈՐԾՈՒՄ:1 ՀԵՂԻՆԱԿԱՅԻՆ:2 ԲՈԼՈՐ:2 ՈՒՄ:1 ՊԱՐՏԱԴԻՐ:1 ՆՇԵԼ:1 ՏԱԼ:1 ԱԿՏԻՎ:1 ՀՂՈՒՄ:1 ՓՆՏՐԵԼ:1 ՀԵՂԻՆԱԿ:1 ՏԵՔՍՏ:1
https://granish.org/artsakh-literature/	ՀԱՍՄԻԿ:3 ՀԱԿՈԲՅԱՆ:4 ԳՐԱԿԱՆՈՒԹՅՈՒՆ:6 ԳՐԱՆԻՇ:6 ԺԱՄԱՆԱԿԱԿԻՑ:2 ՎԵՐՋԵՐՍ:1 ՊԱՏՄՎԱԾՔ:1 ՊՈԵԶԻԱ:1 ԷՍՍԵ:1 ԳՐԱԽՈՍԱԿԱՆ:2 ՄՐՑԱՆԱԿ:2 ՃԻՇՏ:3 ԱՅՍ:9 ԱՌԱՋԻՆ:6 ՄՏԱՎԱԽՈՒԹՅՈՒՆ:3 ՓՈՐՁ:2 ՏԱՐԱՆՋԱՏՈՒՄ:2 ԿԱՏԱՐԵԼ:2 ՆԵՐԿԱՅԱՑՆԵԼ:3 ԸՆԴՀԱՆՈՒՐ:4 ՀԱՅ:3 ԴՈՒՐՍ:6 ՈՐՊԵՍ:4 ԼՈԿԱԼ:2 ԴԵԿՏԵՄԲԵՐ:1 ՐՈՊԵ:1 ՍԱԿԱՅՆ:6 ԱՅՍՏԵՂ:5 ՍԱՀՄԱՆԱՅԻՆ:2 ՄԵՋ:10 ԱՅԼ:12 ՏՎՅԱԼ:2 ՊԱՏՄԱԿԱՆ:1 ՎԵՐՋԻՆ:1 ՎՐԱ:3 ԱՅՍՕՐ:6 ՈՐՈՇԱԿԻ:2 ՀԱՆԴԵՐՁ:2 ԲԱՎԱԿԱՆԻՆ:2 ՏԱՐԲԵՐԱԿԻՉ:1 ՀԱՅՏ:1 ԱՅՆՔԱՆ:2 ՏԱՐԱԾՔԱՅԻՆ:1 ՈՐՔԱՆ:2 ՊԱՏՄԱԿԱՆՈՐԵՆ:1 ՄԱՐԴԿԱՅԻՆ:5 ԳՐԵԼ:1 ԳԵՂԱՐՎԵՍՏԱԿԱՆ:3 ՅՈՒՐԱՔԱՆՉՅՈՒՐ:1 ԿԱՆՈՆԻԿ:1 ԵՐԵՒՈՒՅԹ:4 ԶԱՏ:1 ՆՐԱ:11 ԱՄԲՈՂՋԱԿԱՆ:1 ՏԻՊԱԿԱՆ:2 ՈՐԵՒԷ:3 ԳԱՐՈՒՆ:1 ԹԻՎ:2 ԻՍԿ:13 ՆԿԱՏՈՒՄ:1 ԱՐՁԱԿՈՒՄ:3 ԳԵՐԻՇԽՈՂ:1 ՄԵՐՕՐՅԱ:2 ԻՐՈՔ:6 ԵԹԵ:4 ԳՈՆԵ:1 ՄԱՍԱՄԲ:1 ՊԱՐԶԵԼ:1 ԱՅՍՕՐԻՆԱԿ:1 ԲԱՐԴ:5 ԱՊԱ:4 ՊԵՏՔ:3 ՀԱՅԱՑՔ:1 ԱՆՑՅԱԼ:2 ԱՐԵՒՄՏԱՀԱՅ:1 ՎԱՐՈՒԺԱՆ:1 ԱՄԵՆ:5 ԽՓՈՒՄ:1 ԽՈՒԼ:1 ԱՆԸՆԴՀԱՏ:1 ՀԵՏ:8 ՁԳՈՒՄ:1 ԿԱԽՎԱԾ:1 ՓԱՍՏՈՐԵՆ:1 ՄԵՐ:9 ԿԵՆՍԱԿԱՆ:1 ԶՈՒԳԱՀԵՌ:2 ԱՌԱՎԵԼ:7 ԿԱՐՈՂ:8 ՕՐԻՆԱԿ:4 ԲԵՐԵԼ:2 ՎԱՐԴԱՆ:6 ԿԱՄ:9 ԿՏՐՈՒԿ:1 ՆԿԱՏԵԼ:2 ՄՅՈՒՍ:4 ԲԱՑԱՐՁԱԿ:1 ԼԱՅՆ:1 ԹՈՒՅԼ:1 ԱՅՆ:11 ՆԱԵՒ:8 ՓԻԼԻՍՈՓԱՅԱԿԱՆ:3 ՀՈԳԵԿԱՆ:3 ԱՆՏԵՍԱՆԵԼԻ:2 ԴԱՇՏ:1 ՕՂԱԿԱՁԵՒ:1 ՄԻՄՅԱՆՑ:1 ՄԻՇՏ:2 ՀԱՋՈՐԴՈՒՄ:1 ԱՊՐՈՒՄ:3 ՀԵՏՈ:3 ԿՐԿԻՆ:1 ԱՐԴԵՆ:4 ԵՐԿԻՆՔ:1 ԱՇՏԱՐԱԿ:1 ՈՐԻ:2 ԱՅԴՊԵՍ:1 ՀԱՍՆԵԼ:1 ԱՆՑՆԵԼ:1 ԲԱՅՑ:3 ԱՀԱ:9 ԿԱՆԳՆԵԼ:1 ՊԱՏՐԱՍՏ:1 ՍՊԱՍՈՒՄ:1 ՏԱՐԲԵՐՈՒԹՅՈՒՆ:2 ՀԱՋՈՐԴԱԿԱՆ:1 ՄՈՏ:2 ԱՌԱՎԵԼԱՊԵՍ:6 ԶԱՐԳԱՑԱԾ:1 ՀԱՄԱԴՐԱԿԱՆ:1 ՀԱՃԱԽ:2 ՆՈՒՅՆԻՍԿ:1 ԲԱՑԱԿԱՅՈՒՄ:3 ՎԵՐՋՆԱԿԱՆ:1 ԵԶՐԱՀԱՆԳՈՒՄ:1 ԻՆՉ:3 ՄՏԱՎՈՐ:1 ՄԵԿԸ:1 ՆՈՐԻՆ:1 ԻՆՔՆԻՆ:2 ԽՈՐԱՆԱՐԴ:1 ԽԱՂԱԼԻՔ:1 ԱՐՏԱՑՈԼՈՒՄ:1 ԱՄԵՆԱՏԱՐԲԵՐ:1 ԿԱՅԱՆՈՒՄ:1 ՔԱՆԻ:3 ՏԱՐԲԵՐ:1 ՍԻՐՈՒՄ:4 ԱՅԴ:5 ԲՈԼՈՐ:3 ՍԱՍՏԻԿ:1 ՆՐԱՆՔ:2 ՄԻՄԻԱՅՆ:1 ԼԵՑՈՒՆ:1 ԿԻՆ:1 ՈԳԻ:2 ՄԻՋՈՑ:1 ՄՇՏԱԿԱՆ:1 ՇՐՋԱՊՏՈՒՅՏ:1 ՁԳՏՈՒՄ:1 ՏՐԱՄԱԲԱՆԱԿԱՆ:1 ՍՈՎՈՐ:1 ԸՆԿԱԼՈՒՄ:1 ԱՆՏՐԱՄԱԲԱՆԱԿԱՆ:1 ՈՐՈՆՔ:5 ՍՈՎՈՐԱԲԱՐ:2 ԵՐԲ:3 ԳՐՈՒՄ:4 ԴԺԳՈՀԵԼ:1 ԲՈԼՈՐՈՎԻՆ:2 ՊԱՐՏԱԴԻՐ:2 ՀԱՋՈՐԴ:1 ԼԻՆԵԼ:4 ՄՏՈՐՈՒՄ:1 ՈՐԸ:6 ԲԱՆ:1 ՉՈՒՆԻ:2 ԵՆԹԱԴՐԱԲԱՐ:1 ՄԵԶ:4 ԱՅՆՊԵՍ:2 ՏԱՐՎԵԼ:1 ԿԱՄԱ:1 ԱԿԱՄԱ:1 ՍԿՍԵԼ:1 ՓՈԽԵԼ:1 ՀՈՎԻԿ:1 ՄԱՍԻՆ:3 ԱԶԱՏԱԳՐՈՒՄ:1 ՁԵՌՔ:1 ԲԵՐՈՒՄ:1 ՆՈՐ:3 ՎԻՃԱԿ:1 ՆԱԽՆԱԿԱՆ:1 ԱԶԴԵՑՈՒԹՅՈՒՆ:1 ՈՒՆԵՆԱԼ:1 ԲԱՆԱՍՏԵՂԾՈՒԹՅՈՒՆ:1 ՀԱՄԱՐ:4 ԱՌՀԱՍԱՐԱԿ:2 ԱՌԻԹ:1 ԲԱՆԱՍՏԵՂԾԱԿԱՆ:4 ՊԱՐԶԱՊԵՍ:2 ՄԵԿ:3 ՆԵՐԿԱ:1 ԵԿԱԾ:1 ՊԱՐԶ:2 ՓԱԿՈՒՄ:1 ԻՆՉՊԵՍ:4 ԱՆՋԱՏՎԵԼ:1 ՓՈԽԱՆՑՎԵԼ:1 ՀՈՂԵ:1 ԻՐԵՆՑ:2 ԱՊԱՀՈՎՈՒՄ:1 ԸՍՏ:1 ԳԱՂԱՓԱՐԱԿԱՆ:1 ՏԻԵԶԵՐԱԿԱՆ:1 ԱՆՎԵՐՋ:1 ՉԱՓԱԶԱՆՑ:4 ԿԵՆՍՈՒՆԱԿ:1 ՏԱՐԱԾՈՒԹՅՈՒՆ:1 ՔԱՈՍ:1 ԼՈՒՅՍ:1 ՌԵՔՎԻԵՄ:1 ԹԵԵՒ:1 ԿԱՆ:2 ԵԶԱԿԻ:2 ՉԱՓԱԾՈ:2 ԿՈՂՄ:2 ՎԱՂՈՒՑ:1 ԹՈԹԱՓԵԼ:1 ԶՈՒՏ:1 ԼԻՐԻԿԱԿԱՆ:2 ԶԳԱՅՈՒՆ:1 ՇՈՒՐՋԸ:1 ՆԿԱՏՄԱՄԲ:2 ՔԱՂԱՔԱԿԱՆ:1 ՀԵՏԱՔՐՔՐԱԿԱՆ:1 ՓԱՍՏԱԳՐԱԿԱՆ:2 ԿԱՏԱՐՈՒՄ:2 ԻՀԱՐԿԵ:1 ՇԱՏ:4 ՀԱՃԱԽԱԿԻ:1 ՀԱՆԴԻՊՈՒՄ:2 ԲԱԶՄԱԹԻՎ:2 ՊԱԹԵՏԻԿ:1 ՀԱՅՐԵՆԱՍԻՐԱԿԱՆ:1 ՆՎԻՐՎԱԾ:1 ԹՎՈՒՄ:1 ԱՅԼԵՒՍ:4 ԱՆՀՆԱՐ:2 ԽՈՍԵԼ:1 ԱՌԱՆՑ:3 ՎՍԵՄ:1 ՀԵՏԵՒՅԱԼ:1 ԵՐԱՆՈՒԹՅՈՒՆ:1 ՔԱՂԱՔԱՑԻ:1 ՆՄԱՆ:1 ԱՎԵԼՈՐԴ:1 ՁԵՌՔՈՎ:1 ՀՐՈՒՄ:1 ԿՈՐԵԼ:1 ՀԱՉՈՒՄ:1 ԲԱՑԱԿԱ:1 ՀԵՏԱԳԱ:1 ՈՐՈՇ:1 ՏԵՂԱՅԻՆ:1 ԲՆՈՐՈՇ:2 ԱՐՏԱՔԻՆ:1 ՆԵՐՔԻՆ:1 ՄԵՆԱԿ:1 ԳՆԱԼ:1 ԽԱԲԿԱՆՔ:1 ԱՆՇՈՒՇՏ:1 ԱՇԽԱՐՀԻ:1 ՃԱՆԱՊԱՐՀ:1 ՎԵՐՋ:1 ՆՈՐԵԿ:3 ՄԵՆՔ:1 ՊԱՐ:2 ՓՈՂՈՑԱՅԻՆ:1 ԱՆՇԱՐԺ:1 ՍՏԵՂԾՎԱԾ:1 ՆՐԱՆ:1 ՄԵԾ:2 ՍԵՐՈՒՆԴ:1 ԵՆԹԱԴՐԵԼ:1 ՆՍՏԱԾ:1 ԿՅԱՆՔ:2 ԹԱՏՐՈՆ:1 ՆՈՒՅՆՊԵՍ:3 ՇԱՐՈՒՆԱԿԱԿԱՆ:1 ՔԱՆԶԻ:2 ԲԱՆԱՍՏԵՂԾ:1 ՄԱՍՆԱԿԻ:1 ՀԱՅՐԵՆԻ:1 ՀՐԱՉՅԱ:1 ՀԱՆԳԻՍՏ:2 ԱՐՁԱՆԱԳՐԵԼ:2 ԲԱՐՁՐ:1 ՆԵՐԿԱՅԱՆԱԼԻ:1 ԱՐՎԵՍՏ:1 ՀԱՐՑՈՒՄ:1 ԼԱՎ:1 ՕԺՏՎԱԾ:1 ՍՏԵՂԾԵԼ:1 ԳԵՂԵՑԻԿ:1 ՊԱՏՈՒՄ:1 ԹԵՄԱՏԻԿ:1 ՄԻՆՉ:1 ԴԵՌ:1 ՄԻԱՅՆ:2 ԺԱՄԱՆԱԿԻՆ:1 ՓՈԽՎԵԼ:1 ԱՍԵՆՔ:1 ԿԻՄ:1 ԴԱՌԸ:1 ԽՆՁՈՐ:1 ԿՈԼՏՆՏԵՍԱԿԱՆ:1 ՄԱՐԴԻԿ:3 ՃԻՉ:2 ՊԱՏԵՐԱԶՄԱԿԱՆ:3 ՍՈՑԻԱԼԱԿԱՆ:1 ԴԵՌԱՀԱՍ:1 ԱՄԲՈՂՋ:2 ՏԱՆ:1 ՇՈՒՏ:1 ԻՆՔՆ:1 ԴԺՎԱՐ:1 ՊԱՀԻ:1 ԱՆԿԱՐՈՂ:1 ԴԻՄԱՆԱԼ:1 ՍԿՍՈՒՄ:1 ԼԱՑ:1 ՀԱՄԱՐՅԱ:2 ՀԱՄԱՆՄԱՆ:3 ԳԼԽԱՎՈՐ:2 ՊԱՏԱՆԻ:1 ՍՏԻՊՎԱԾ:1 ՄԻՆՉԵՒ:2 ՀՈՍՊԻՏԱԼ:1 ՀԱՍՑՆԵԼ:1 ԵՐԵԽԱ:1 ՍՊԱՍՈՂ:1 ԽՈՒՍԱՓՈՒՄ:1 ԱՆՄԻՋԱԿԱՆ:2 ԲԱՑԱՍԱԿԱՆ:1 ՓՈՐՁՈՒՄ:1 ՄԱՔՍԻՄ:1 ՑԱՎ:1 ԷՊԻԶՈԴԻԿ:1 ՕՐԸ:1 ՄԱՐՏ:1 ՍՏԵՂԾՈՒՄ:1 ՊԱՏՄՈՂ:1 ՓՈՔՐ:2 ՏԵՍԱՆԿՅՈՒՆ:1 ՑՈՒՑԱԲԵՐՈՒՄ:1 ԽԱՂ:1 ԲԱԶՄԱԶԱՆ:1 ՍԵՓԱԿԱՆ:1 ՇՈՒՐՋ:1 ԱՌՕՐԵԱԿԱՆ:1 ԱՌԱՆՁՆԱԿԻ:1 ԱՐԺԱՆԻ:1 ՀՐԱԺԵՇՏ:1 ԱՌԱՋ:2 ՏԵՍԱԿ:1 ԿԱՐԵՒՈՐ:1 ՀԱՄԱՀԱՎԱՍԱՐ:1 ՏԵՂԱՇԱՐԺՈՒՄ:1 ՏՊԱՎՈՐՈՒԹՅՈՒՆ:1 ՍՈՎՈՐԱԿԱՆ:1 ԵՐԻՏԱՍԱՐԴԱԿԱՆ:1 ՍԵՒ:1 ԳԻԾ:1 ՄԱՍՆԱԿԻՈՐԵՆ:1 ԺԱՄԱՆԱԿԱՅԻՆ:1 ԻՐԱԿԱՆ:1 ԲԱՑԻ:1 ԵՂԱ:1 ՏԵՂՈՒՄ:1 ՏԵՂ:2 ՊԻՏԻ:1 ԼՈՒՍԱԲԱՑ:1 ՄԻԱԿ:1 ԵՐԿՈՒ:1 ԺԱՄ:1 ՃԱՆԱՊԱՐՀԵԼ:1 ԴԵՊԻ:1 ՄԱՀ:1 ԵՐԲԵՔ:1 ՀԱՏՈՒԿ:1 ԹԱԽԻԾ:3 ԱՆՁՐԵՒ:1 ԼԱՎԱԳՈՒՅՆՍ:1 ԲՆՈՐՈՇՈՒՄ:1 ԳՐԱՎՈՒՄ:1 ՎՐԵԺԽՆԴՐՈՒԹՅՈՒՆ:1 ԾԱՂՐ:1 ԳՈՅՈՒԹՅՈՒՆ:1 ԱՆԿԵՂԾ:1 ՀՂՈՒՄ:2 ՊԱՏԱՍԽԱՆՈՒՄ:1 ԴՈՒ:1 ԻՐԱՐ:1 ՀԵՐԹԱԳԱՅՈՒՄ:1 ՔԻՉ:1 ԱՎԵՐԻՉ:1 ԱՄԲՈՂՋՈՎԻՆ:1 ԿԼԱՆԵԼ:1 ՏԱՐԵԼ:1 ԿԵՐՊ:1 ԱՆՏԵՍԵԼ:1 ՀԱԿԱՍԱԿԱՆ:1 ՄՈՏԵՑՈՒՄ:1 ՊԱՀԱՆՋՈՒՄ:1 ԴԵՌԵՒՍ:1 ՄՈՏԵՆԱԼ:1 ՀՈԴՎԱԾ:2 ՉԻՆԱԿԱՆ:1 ՀՈԳԵՒՈՐ:1 ՔԱՂԱՔԱԿԱՆՈՒԹՅՈՒՆ:1 ԿՐՈՆ:1 ՌՈՄԱՆՏԻԶՄ:1 ԿԱՐԾԻՔ:1 ԵՐԵՒԻ:1 ՊԱՐԶՈՒՆԱԿ:1 ԴՈՒՔ:1 ԿՈՆԿՐԵՏ:1 ՁԵՐ:1 ԵՐԿԻՄԱՍՏ:1 ԹՈՂՆԵԼ:1 ՄԵԿՆԱԲԱՆՈՒԹՅՈՒՆ:1 ԱՆՈՒՆ:1 ՓՈՍՏ:1 ԿԱՅՔ:2 ԳՐԱԿԱՆ:3 ՀԱՄԱՅՆՔ:2 ՀՐԱՏԱՐԱԿՉՈՒԹՅՈՒՆ:1 ՀԱՆԴԵՍ:1 ԳՐԱԽԱՆՈՒԹ:1 ԱՐԽԻՎ:1 ԹՎԱՅԻՆ:1 ԳՐԱԴԱՐԱՆ:1 ԿԱՊ:2 ԽՄԲԱԳՐԱԿԱՆ:1 ԳՈՎԱԶԴ:1 ԸՆԴՈՒՆՈՒՄ:1 ԱՋԱԿՑԵԼ:2 ԳՈՐԾՈՒՄ:1 ՀԵՂԻՆԱԿԱՅԻՆ:2 ՈՒՄ:1 ՆՇԵԼ:1 ՏԱԼ:1 ԱԿՏԻՎ:1 ՓՆՏՐԵԼ:1 ՀԵՂԻՆԱԿ:1 ՏԵՔՍՏ:1
https://granish.org/letters/	ԳՐՈՂԱԿԱՆ:6 ԳՐԱՆԻՇ:6 ԺԱՄԱՆԱԿԱԿԻՑ:1 ԳՐԱԿԱՆՈՒԹՅՈՒՆ:1 ՎԵՐՋԵՐՍ:1 ՊԱՏՄՎԱԾՔ:1 ՊՈԵԶԻԱ:1 ԷՍՍԵ:1 ԳՐԱԽՈՍԱԿԱՆ:2 ՄՐՑԱՆԱԿ:2 ՎԵՐՋԻՆ:2 ՍՏԵՂԾԱԳՈՐԾԱԿԱՆ:5 ԱՎԵԼԻ:2 ՇԱՏ:3 ԺԱՆՐԱՅԻՆ:4 ՄԵՋ:3 ԻՍԿ:2 ԱՀԱ:3 ՓՈՔՐ:7 ԱՅՆՔԱՆ:2 ՀԱՃԱԽԱԿԻ:3 ԴԵԿՏԵՄԲԵՐ:1 ՐՈՊԵ:1 ԻԲՐԵՒ:2 ՎԵՊ:1 ՄԻՋԱՆԿՅԱԼ:1 ԳՈՒՑԵ:2 ՃՇՄԱՐԻՏ:1 ՆԵՐԿԱ:2 ՍԱԿԱՅՆ:3 ԸՆԴՀԱՆՐԱԿԱՆ:1 ՆԱԽԸՆԹԱՑ:1 ՓԱՍՏ:1 ՄԵՐ:3 ԱՐԴԵՆ:3 ԿԱՐԵԼԻ:1 ԱՍԵԼ:1 ԻՍԿԱԿԱՆ:1 ՎԱՐՊԵՏ:1 ՈՒՄ:2 ՄԱՍՆԱՎՈՐ:1 ՄԵԾԱՊԵՍ:1 ՆՊԱՍՏԵԼ:1 ԱՐԴԻ:5 ԼՈՒՅՍ:1 ԴԵՊ:1 ԱՌԱՋԻՆ:1 ՈՐԸ:2 ՊԱՅՄԱՆԱՎՈՐՈՒՄ:1 ՀԱՄԱՊԱՏԱՍԽԱՆ:1 ԿԱՌՈՒՑՎԱԾՔ:1 ՊԱՏՈՒՄ:1 ԵՐԲԵՄՆ:1 ԻՆՉ:1 ԸՆԴՀԱՆՈՒՐ:3 ՀԱՅ:5 ՀԱՄԱՐ:3 ՆՈՐ:8 ՈՐԱԿԱԿԱՆ:1 ԱՍՏԻՃԱՆ:1 ՀԱՏԿԱՊԵՍ:3 ԵԹԵ:2 ՆԱԽՈՐԴ:1 ԱՌԱՎԵԼ:2 ՀԱՃԱԽ:1 ԱՊԱ:3 ԱՅՍՏԵՂ:3 ՏԱՆՈՂ:1 ՄԻԱՅՆ:2 ԶԳԱԼԻ:1 ԱՅԼԵՒ:2 ԻՐԵՆՑ:1 ՏԵՂԸ:1 ԶԻՋԵԼ:1 ՀՆԱՐԱՎՈՐՈՒԹՅՈՒՆ:1 ԸՆՁԵՌՈՒՄ:1 ՈՃԱԿԱՆ:1 ԹԵՄԱՏԻԿ:2 ՈՒՇԱԳՐԱՎ:1 ԱՆԵԼ:1 ՏՈՒՆ:1 ՏՊԱՎՈՐԻՉ:1 ՀԻՐԱՎԻ:2 ՄԱԿԱՐԴԱԿ:1 ԴԵՌ:1 ԱՄՓՈՓՈՒՄ:2 ԳՐԵԹԵ:3 ԲՈԼՈՐ:6 ՈՐՈՆՔ:2 ՎԵՐԸ:1 ԻՆՉՊԵՍ:2 ՆԱԵՒ:6 ՆՈՒՅՆ:1 ՀԵՏՈ:1 ԳՐԱԿԱՆ:4 ԱՅԼ:3 ԿԵՐՊ:1 ԱՅՍ:3 ՀԵՐԹԱՊԱՀ:1 ՄՏԱՀՂԱՑՈՒՄ:1 ԼՈՒՐՋ:1 ԻՐԱՑՈՒՄ:1 ՆՊԱՏԱԿԱՍԼԱՑ:1 ՈՐԻ:1 ՄԵԿ:1 ԳԻՐՔ:1 ԿԱՐԵՒՈՐՎԵԼ:1 ԵՐԿՈՒ:1 ՀԱՏՈՒՅԹ:1 ՆԱԽ:1 ԱՄԲՈՂՋՈՎԻՆ:1 ԿԱՄ:3 ՄԱՍՆԱԿԻՈՐԵՆ:1 ՎԵՐԱՄՇԱԿԵԼ:1 ՔԱՆԶԻ:1 ԱՌԿԱ:2 ԲՆՈՐՈՇ:2 ԱՊԱՀՈՎԵԼ:1 ՀԱՄԱՏԵՔՍՏ:1 ԱՅՍԻՆՔՆ:1 ԿԱՐԵՒՈՐ:1 ՎԵՐՆԱԳՐՈՒՄ:1 ՆԱՄԱԿ:1 ԼԱՎԱԳՈՒՅՆՍ:1 ՄԱՍՆԱՎՈՐԱՊԵՍ:1 ԱՅՍՊԵՍ:1 ՄՅՈՒՍ:2 ԽՈՍՏՈՎԱՆԱԿԱՆ:1 ՀԱՐԱԶԱՏ:1 ՄԱԿԻ:1 ՆԵՐՔԻՆ:1 ԱՆՑՅԱԼ:1 ՍՏԵՂԾՎԱԾ:1 ՄՂԵԼ:1 ՍԵՓԱԿԱՆ:1 ԸՆԿԱԼԵԼ:1 ԳՈՐԾՈՒՄ:2 ՆՇԱՆԱԿԱԼԻՑ:1 ՊԱՏԿԱՌԵԼԻ:1 ԾԱՎԱԼ:1 ՆՐԱ:3 ՅՈՒՐ:1 ՈՒՍՏԻ:1 ՍՏԱՑՎԵԼ:1 ԱՅՆՊԵՍ:1 ՄԱՍԻՆ:3 ԽՈՍԵԼ:1 ՉՆՉԻՆ:1 ԱՅԴ:1 ԹԱՏՐՈՆ:1 ԼԻԱՐԺԵՔ:1 ՊԱՏԿԵՐԱՑՈՒՄ:1 ԲԱԶՄԱԹԻՎ:1 ՉԻՆԱԿԱՆ:1 ՍԱՀՄԱՆԱՅԻՆ:1 ՀՈԳԵՒՈՐ:1 ՔԱՂԱՔԱԿԱՆՈՒԹՅՈՒՆ:1 ԿՐՈՆ:1 ՌՈՄԱՆՏԻԶՄ:1 ԿԱՐԾԻՔ:1 ԱՍԵՄ:1 ԱՇԽԱՏԱՆՔ:1 ՕԺՏՎԱԾ:1 ՏԵՂ:2 ԲԱՅՑ:1 ԸՆԴՀԱՆՐԱՊԵՍ:1 ՍՈՒՐԲ:1 ՊԵՏՔ:1 ԶԳՈՒՅՇ:1 ԱՇԽԱՏԵԼ:1 ՇՈՒՐՋ:1 ԺԱՄԱՆԱԿ:1 ԹՈՂՆԵԼ:1 ՄԵԿՆԱԲԱՆՈՒԹՅՈՒՆ:1 ԱՆՈՒՆ:1 ՓՈՍՏ:1 ԿԱՅՔ:2 ՀԱՄԱՅՆՔ:2 ՀՐԱՏԱՐԱԿՉՈՒԹՅՈՒՆ:1 ՀԱՆԴԵՍ:1 ԳՐԱԽԱՆՈՒԹ:1 ԱՐԽԻՎ:1 ԹՎԱՅԻՆ:1 ԳՐԱԴԱՐԱՆ:1 ԿԱՊ:2 ՄԵԶ:1 ՀԵՏ:1 ԽՄԲԱԳՐԱԿԱՆ:1 ԳՈՎԱԶԴ:1 ԸՆԴՈՒՆՈՒՄ:1 ԱՋԱԿՑԵԼ:2 ՀԵՂԻՆԱԿԱՅԻՆ:2 ՊԱՐՏԱԴԻՐ:1 ՆՇԵԼ:1 ՏԱԼ:1 ԱԿՏԻՎ:1 ՀՂՈՒՄ:1 ՓՆՏՐԵԼ:1 ՀԵՂԻՆԱԿ:1 ՏԵՔՍՏ:1
https://granish.org/dejavu/	ԳՐԱՆԻՇ:6 ԺԱՄԱՆԱԿԱԿԻՑ:3 ԳՐԱԿԱՆՈՒԹՅՈՒՆ:1 ՎԵՐՋԵՐՍ:3 ՊԱՏՄՎԱԾՔ:1 ՊՈԵԶԻԱ:1 ԷՍՍԵ:1 ԳՐԱԽՈՍԱԿԱՆ:1 ՄՐՑԱՆԱԿ:2 ԴՐԱՄԱՏՈՒՐԳԻԱ:4 ՆԱԽԿԻՆ:2 ՈՒՍՈՒՑԻՉ:3 ՖԵՐՄԵՐ:4 ՆՈՒՅՆ:7 ԻՆՔԸ:11 ԴԱՐԲԻՆ:3 ԻՇԽԱՆ:31 ԹԱԹՈՒԼ:6 ՆԺԴԵՀ:68 ԿՈՍՄՈՊՈԼԻՏ:3 ՆԱԽԱԳԱՀ:4 ՎԵՍՏ:23 ՎԱՍԻԼ:11 ՏԵՐ:28 ՀԱԿՈԲՅԱՆ:5 ՄԵԾԱՄԱՍՆԱԿԱՆ:3 ՄԱՅԻՍ:1 ՐՈՊԵ:3 ՊԻԵՍ:2 ԵՐԿՈՒ:13 ԳՈՐԾՈՂ:1 ԱՆՁԻՔ:1 ՊԱՏԳԱՄԱՎՈՐ:3 ՑԵՂԱԿՐՈՆ:3 ՏՆՕՐԵՆ:2 ՆԱԽԱՐԱՐ:11 ՊԱՏԱՀԱԿԱՆ:22 ՔՆՆԱԴԱՏ:1 ՔՈՒՅՐ:26 ԳԵՏԱԴԱՐՁ:16 ԿԱԹՈՂԻԿՈՍ:1 ԼՐՏԵՍ:4 ԲԵԿ:17 ՊԱՇՏՈՆՅԱ:1 ՊԱՐՍԻԿ:5 ՀՐԱՉՅԱ:11 ՄԱՏՈՒՑՈՂ:4 ԱՎԱԳ:2 ԼԵՅՏԵՆԱՆՏ:2 ԹՈՒՐՔ:15 ՉԵԿԻՍՏ:1 ՔԱՆԻ:21 ԳՈՐԾՈՂՈՒԹՅՈՒՆ:2 ԱՌԱՋԻՆ:3 ՏԵՍԱՐԱՆ:9 ԼՈՒՌ:7 ԱՆՈՒՄ:6 ԴՈՒՐՍ:13 ՁԱՅՆ:7 ՇՈՒՏ:4 ՁԵՐ:48 ԼՈՒՅՍ:2 ՏՂԱ:4 ԻՆՉ:60 ԲԱՆ:28 ԱՊՐԵՍ:2 ՈՆՑ:4 ԱՄԵՆ:13 ԼԱՎ:38 ԲԱՎԱՐԱՐ:2 ԱՍԵԼ:7 ԸՆԴԱՄԵՆԸ:7 ԾՆՎԵԼ:5 ԻՍԿ:75 ԱՐԱ:11 ԲԵՐԵՔ:4 ԿՐԿԻՆ:7 ԱՌՈՂՋ:4 ԵՐԵԽԱ:6 ԹՈՂ:10 ԱՊԱ:17 ՇՏԱՊ:3 ՆՈՒՅՆՊԵՍ:8 ՄԵՐՍԻ:4 ԻՆՉՔԱՆ:2 ԻՆՉՊԵՍ:17 ԻՐԵՆ:13 ՀԻԱՆԱԼԻ:1 ՀԵՐԹՈՎ:2 ՄԵԿԸ:16 ՇԱՄՊԱՅՆ:2 ԲԱԺԱՆՈՒՄ:4 ԵՂԲԱՅՐ:2 ՔԵԶ:27 ԼՈՒՐ:2 ՀԱՅԿՈՒՀԻ:3 ԴԵՌ:11 ԵՐԵՒԻ:4 ԴՈՒՔ:38 ՊԵՏՔ:17 ԱՅԴՊԵՍ:9 ԿԱՐՈՂ:27 ՇԱՐՈՒՆԱԿՎԵԼ:1 ՉԵՄ:31 ԲԱՅՑ:51 ԵԹԵ:35 ՇԱՏ:16 ՍՏԻՊՎԱԾ:6 ԽԹԱՆԻՉՆԵՐ:1 ՆԵՐԱՐԿԵԼ:2 ՁԵԶ:34 ՈՒՂՂԱԿԻ:13 ՉԵՔ:8 ՈՐՔԱՆ:5 ՈՒՐԱԽ:3 ՀԱՄԱՐ:32 ԿՑԵԼ:1 ՄԵՐ:42 ՁՐԻ:4 ԸՆԿԵՐ:15 ՋԱՆ:8 ՆՈՒՅՆԻՍԿ:12 ՀԻՄԱ:37 ԱՌԱՎԵԼ:2 ՑՈՒՅՑ:17 ԴԺԳՈՀ:4 ՃԻՇՏ:11 ՈՒՐԵՄՆ:7 ԱՌՈՂՋՈՒԹՅՈՒՆ:1 ԽՄՈՒՄ:7 ՎԵՐԱԲԵՐՈՒՄ:5 ՄԵԾ:32 ՁԵՒ:1 ԵԿՈՂ:5 ՈՒՐԻՇ:4 ԻՐԵՆՔ:1 ԻՐԵՆՑ:15 ՉՊԵՏՔ:2 ՀԵՆՑ:11 ԱՐՄԱՏԱԽԻԼ:1 ԱՆԵԼ:2 ԱԶԳԻ:3 ԴԵՊ:4 ՄԵԿՆՈՒՄ:2 ՀԱՍԱՐԱԿԱԿԱՆ:4 ԱԶԳԱՅԻՆ:8 ԲԱՐԵԳՈՐԾԱԿԱՆ:1 ԳՈՐԾԱԴԻՐ:1 ՀԱՃԵԼԻ:1 ԳԱԼ:3 ՆԵՂ:1 ՍԱՀՄԱՆԱՓԱԿ:2 ՆԵՏՎԵԼ:1 ՀԱՄԱՇԽԱՐՀԱՅԻՆ:1 ԱՌԱՋԱԴԵՄ:3 ԱՅԴ:33 ԾԱՆՐ:5 ԱՎԵԼՈՐԴ:2 ՆՄԱՆ:12 ՁԳՈՒՄ:1 ՄԵԶ:16 ԽԱՆԳԱՐՈՒՄ:1 ՈՏՔ:2 ԳՑԵԼ:3 ԱՇԽԱՐՀԻ:2 ՀԵՏ:26 ՇՈՒՏՈՎ:2 ՀԱՆՈՒՆ:1 ՄԻԱՍՆԱԿԱՆ:2 ՓՈԽԱՐԵՆ:2 ՀՈԳԵԲԱՆ:1 ԲԱԺԱԿ:4 ՋՈՒՐ:2 ՆՐԱ:21 ՆՈՐ:6 ՈՐԸ:7 ՍԻՄՎՈԼԻԿ:1 ԷԻՐ:1 ՀԱՐՍ:1 ՏՈՒՆ:6 ԵՐԵԿՈՅԱՆ:2 ԱՌԱՋ:15 ԵՐԲ:16 ԱՐԴԵՆ:16 ԻՆՉՊԻՍԻ:1 ԵՐԿԻՐ:2 ԴԻՄՈՒՄ:1 ԻՆՉԻ:8 ՊԱՐԶ:1 ԱՅՆՏԵՂ:4 ՄԱՐԴԻԿ:8 ԿՈՂՄ:8 ՄԻԱՍԻՆ:2 ՈՂՋ:2 ԲԱՐԵԿԵՑԻԿ:1 ԴԵՄՈԿՐԱՏԱԿԱՆ:1 ՍՈՒՐԲ:3 ԱՆԿԵՂԾ:4 ԻՆՁ:30 ԱՄԵՆԵՒԻՆ:1 ԻԶՈՒՐ:3 ԿԱՐԵԼԻ:6 ԻՄԱՆԱԼ:2 ՀԱՅՏՆԻ:4 ԱՅՆ:30 ՄՇԱԿՈՒՄ:1 ՄՇԱԿԵԼ:4 ՇԱՐՈՒՆԱԿ:1 ԱՅԴՔԱՆ:7 ՀԱՆԳԻՍՏ:10 ՄԱՍԻՆ:11 ԱՆՎԵՐՋ:1 ԱՅՈ:27 ԶԱՐՄԱՆԱԼԻ:2 ԱՅՍ:24 ԽԱՌԸ:1 ԼՈՒՐՋ:7 ՀԱՇՎԱՐԿԵԼ:1 ՎԵՑ:1 ԱՄԻՍ:2 ՈՐՈՇԵԼ:3 ՀԱՐՑՈՒՄ:2 ԼՐԻՎ:1 ՀԱՄԱՁԱՅՆ:2 ԱՆՏԱՐԲԵՐ:1 ԱՆՊԱՏԱՍԽԱՆԱՏՈՒ:1 ԼԻՆԵԼ:6 ՍԵՓԱԿԱՆ:2 ՆԿԱՏՄԱՄԲ:1 ՈՒԹ:1 ԱՆՈՒՆ:3 ԱՅԴՏԵՂ:2 ՄԵԿՆ:2 ԳՆԱՑ:3 ԲՈԼՈՐՈՎԻՆ:2 ԱՅԼ:9 ԱՅՆՔԱՆ:6 ԱՐԱԳ:4 ԱՆՈՒՆԻՑ:2 ԵՎՐՈՊԱԿԱՆ:3 ԱՍԵՄ:1 ՀԵՇՏ:2 ՈՐՈՇՈՒՄ:3 ԿԱՐԱ:2 ԴՈՒ:35 ԻՀԱՐԿԵ:9 ԿԱՄ:11 ԷԼԻ:8 ՀՈՐՍ:2 ԵՐԲԵՔ:4 ՊԱՏՃԱՌՈՎ:1 ԳՈՒՑԵ:13 ՄԱՆՐ:1 ԱՆՑՈՂԻԿ:1 ԺԱՄԱՆԱԿԱՎՈՐ:1 ՄՏԱԾԵԼ:1 ՄԵՋ:17 ԻՆՔՆ:9 ԵՂԵԼ:13 ՔԻՉ:12 ԱՅՍՏԵՂ:10 ՇԱՀԱՎԵՏ:1 ՇԱՀ:2 ՀԱՐՅՈՒՐ:2 ՏԱՐԻ:6 ԱՇԽԱՐՀ:1 ԿՈՆԿՐԵՏ:6 ՇՈՇԱՓԵԼԻ:1 ԼՍԵԼ:8 ԱՍԵՆՔ:3 ՀԵՏՈ:23 ՀԱԶԱՐԱՎՈՐ:2 ՀԱՅԵՐ:1 ԻՐԱՆՑ:1 ՓՈԽՀԱՏՈՒՑՈՒՄ:1 ՍՏԱՆԱԼ:1 ՀԻՇՈՒՄ:3 ՏԵՂ:9 ՀԵՏԱՔՐՔՐՎԵԼ:1 ՕԳՆԵԼ:2 ԽԱՉՄԵՐՈՒԿ:1 ՆԵՐՔԵՒ:1 ԿԱԶՄԱԿԵՐՊՈՒԹՅՈՒՆ:3 ՏՈՀՄԱԾԱՌ:6 ՍԵՐՎԻՍ:4 ՀԱՍՏԱՏ:4 ՓՈՐՁԵԼ:3 ՀԱՋՈՂՈՒԹՅՈՒՆ:2 ԳՈՐԾ:4 ՊԻՏԻ:19 ՄԻՄՅԱՆՑ:4 ՁԵՌՔ:3 ՍԵՂՄՈՒՄ:1 ՏԱՐԲԵՐ:2 ԵՐԿՐՈՐԴ:4 ԳՐԱՍԵՆՅԱԿ:2 ԲԱՐՁՐ:1 ԳՈՎԱԶԴԱՅԻՆ:1 ՊԱՍՏԱՌ:2 ՈՐԻ:6 ՎՐԱ:16 ԳՐՎԱԾ:3 ՆՍՏԱԾ:3 ՄՈՏ:11 ՄԵԿԻՆ:8 ԲԱՐՁՐԱՁԱՅՆ:2 ՀԻՇԵԼ:1 ԱՄԲՈՂՋ:4 ՕՐԸ:3 ՄՈՌԱՆԱԼ:3 ՊԵՍ:3 ՆՍՏԵԼ:1 ՍՊԱՍՈՒՄ:7 ՎԵՐՋԻՆ:8 ԲԱԽՏ:2 ԿԱՆ:3 ՄԻԱՅՆ:17 ՈՐՈՆՔ:4 ԹԵԿՈՒԶ:3 ՀԱԶԱՐ:2 ՕՐԻՆԱԿ:2 ԽԵԼՈՔ:1 ՄԱՐԴ:5 ԵՂԱԾ:2 ԿԱՐԳԻՆ:2 ՖԻՆԱՆՍԱԿԱՆ:1 ՀԵՏԵՒԱՆՔ:1 ՀԻՄԱՐ:9 ՄԻԵՒՆՈՒՅՆ:3 ԿԱՍԵՆ:1 ԳՐՔԵՐ:2 ՆԵՐՍ:11 ՄՏՆՈՒՄ:9 ԱՀԱ:4 ԴԻՄԱՑ:4 ԲՈԼՈՐ:5 ԳԼՈՒԽ:7 ՀԱՆԵԼ:3 ՀԻՆ:4 ՍԿՍԵԼ:2 ՀԱՆՈՒՄ:1 ԲԱՑՈՒՄ:1 ԱՎԵԼԻ:15 ՈՉԻՆՉ:11 ՈՄԱՆՔ:3 ՀՊԱՐՏ:1 ՄԵՆՔ:10 ՄԵՂԱՎՈՐ:3 ՏԵՂԻ:1 ԱՆԸՆԴՀԱՏ:2 ԿՈՂՄՆԱԿԻՑ:1 ԱՅՆՊԵՍ:8 ՉՆԱՅԱԾ:2 ՆՐԱՆ:9 ՎԱՂՈՒՑ:3 ՊԱՏՄՈՒԹՅՈՒՆ:1 ՀԱՆԿԱՐԾ:5 ԻԲՐ:3 ՀԱՐԲԱԾ:1 ՍԵՂՄԵԼ:1 ԱՏՈՄԱՅԻՆ:1 ՌՈՒՄԲԻ:1 ԻՆՉՈՒ:13 ՈՒՂԻՂ:2 ՉԱՓԱԶԱՆՑՈՒԹՅՈՒՆ:1 ՄԱՀՄԵԴԱԿԱՆ:2 ԿԱՆԱՅՔ:1 ԱՆՀԱՋՈՂ:1 ՆՐԱՆՔ:5 ՄԻԱԿ:6 ՃԱՆԱՉԵԼ:1 ՈՒՍՏԻ:2 ԻՐԱՎՈՒՆՔ:1 ՎԱՏ:2 ԲՈՒՆ:1 ԱՅՍՊԵՍ:3 ԹԵՐԹՈՒՄ:3 ՀԱՋՈՂՎԵԼ:1 ՀԱՅՏՆԱԲԵՐԵԼ:1 ԺԱՄԱՆԱԿ:9 ՀԵՏԱՔՐՔԻՐ:5 ԶԲԱՂՎԱԾ:1 ՆԱԽ:1 ԹԱԳԱՎՈՐԵԼ:1 ՄԻՆՉԵՒ:4 ԱՐԵՒՄՏՅԱՆ:1 ՄԻԱՆՇԱՆԱԿ:2 ԻՐԱԿԱՆ:2 ԽՈՐԻՆ:1 ԳՈՀ:3 ՈՐՈՎՀԵՏԵՒ:1 ԿՈՉՈՒՄ:1 ՄԻԱՆԳԱՄԱՅՆ:1 ՆԱԽՆԻ:1 ՃԱԿԱՏԱԳՐԱԿԱՆ:1 ԴԵՐ:1 ՄԻԱՆԳԱՄԻՑ:2 ԵՐՐՈՐԴ:2 ՍՐԱՀ:1 ՆՅԱՐԴԱՅԻՆ:1 ՀԵՌՎԻՑ:2 ՊԱՏԱՀԵԼ:7 ՏԱՆՋՈՒՄ:1 ՎԵՀԱՓԱՌ:7 ՔՍԱՆ:1 ԱՆՑԵԼ:1 ՀԱՆՁՆԵԼ:1 ՋԱՆՔ:1 ԱՆՈՒՆՈՎ:1 ԳԼԽԱՎՈՐՈՒՄ:1 ՀԱՄԱՁԱՅՆՈՒՄ:1 ՎԱՅՐ:4 ԴՆԵԼ:3 ԱՆԳԱՄ:16 ԳՈՐԾԻ:2 ԿԱՅՍԵՐ:2 ՎՃԱՐԵԼ:1 ՀՍԿԱՅԱԿԱՆ:1 ԳԱՎԱՌ:2 ԳՆԵԼ:2 ՀԵՌՈՒ:2 ՇԵՆՔ:1 ԱՅՆՈՒՀԱՆԴԵՐՁ:1 ՈՒՂԱՐԿԵԼ:4 ՄԱՆԱՎԱՆԴ:3 ԱՅՍՔԱՆ:1 ՄՏԱԾՈՒՄ:1 ՊԱՏՄՈՒՄ:2 ՄԻՏՔ:1 ՆԵՏԵԼ:2 ՑԱԾ:2 ՀԱՄՈԶԵԼ:3 ՀԱՅԿԱԶՈՒՆ:1 ՀԱՃԱԽ:3 ՊԱՏԱՀՈՒՄ:1 ԱՌԱՆՁՆԱՀԱՏՈՒԿ:1 ԱՍՏՎԱԾ:9 ԽԱԲԵԼ:3 ՀՆԱՐԱՎՈՐ:8 ԿԵՐՊ:5 ԿՈՊԻՏ:3 ՄՏԱԴԻՐ:2 ԵՐԿԱՐ:5 ԲԱՐԱԿ:1 ԴԱԺԱՆ:1 ՎԱՐՎԵԼ:1 ԽԵԼԱՄԻՏ:3 ԴԱՎԱՃԱՆՈՒԹՅՈՒՆ:1 ՀԱՎԵՐԺ:3 ԸՆԴԴԻՄԱՆԱԼ:1 ՄԱՀԿԱՆԱՑՈՒ:1 ԿԱՄՔ:2 ՈՒՆԵՆԱԼ:1 ՎՍՏԱՀ:6 ԴԱՎԱՃԱՆ:1 ՓՈՔՐ:4 ՈՐՊԵՍ:3 ԺԱՌԱՆԳՈՒԹՅՈՒՆ:1 ԳՅՈՒՂ:1 ԱՅԼԵՒՍ:3 ՄՈՒՐՃ:2 ԳՈՐԾԱԾԵԼ:1 ԺԱՄԱՆԱԿԻՆ:1 ԹՈՒՅԼ:3 ՎԱՅԵԼԵԼ:1 ԿԱՐՃԱՏԵՒ:1 ՀԱՄԱՐՎԵԼ:1 ԶՐԿՈՒՄ:1 ԱՆՑ:2 ԱՂՔԱՏ:1 ԽՈՐՀՈՒՐԴ:1 ՏԱԿՈՎ:1 ՓՈԽԱՐԻՆԵԼ:1 ՈՒԺԵՂ:1 ՎԵՐՑՆԵԼ:1 ԱՓՍՈՍ:1 ԲԱԶՈՒՄ:1 ՀԵՌԱՏԵՍ:1 ՏԱԿ:7 ԿԵՐ:2 ՎԱՅՐԻ:1 ՓՈՔՐԻԿ:2 ԵՐԿԱԹ:1 ՆԱԵՒ:8 ՔԱՋ:1 ՈՒՐԱԽՈՒԹՅԱՄԲ:2 ՔԱՆ:6 ՍՏՐՈՒԿ:1 ՄՈՒՐԱՑԿԱՆ:1 ԱՆՇՈՒՇՏ:1 ՀԱՆԳՈՒՑՅԱԼ:2 ԱՐՔԱ:1 ՁԵՌՔՈՎ:6 ԿՏԱԿԵԼ:2 ՕՐԻՆԱՎՈՐ:1 ՏԵՐԸ:2 ԱՆՀԱՂԹԱՀԱՐԵԼԻ:1 ՉԱՐԻՔ:1 ԱՆԲՈՒԺԵԼԻ:1 ԳՈՐԾԱԴՐԵԼ:1 ԿԱՆՉՈՒՄ:2 ԻՆՔՆԱԿԱՄ:2 ՀԱՐԿԱՎՈՐ:2 ՏԱՐԱԾԵԼ:1 ՀՐԱԺԱՐՎԵԼ:1 ՏԱՐԱԾՈՒՄ:1 ԲԱՎԱԿԱՆ:5 ԳՈՆԵ:3 ՀԱՄԱՌՈՒԹՅՈՒՆ:1 ՎՍՏԱՀՈՒԹՅՈՒՆ:1 ԱՊԱՀՈՎ:1 ՄՆԱԼ:2 ՉԱՓ:4 ՍԱՀՄԱՆ:4 ՉՈՒՆԻ:4 ՍԱԿԱՅՆ:14 ԲԱՐԵԲԱԽՏԱԲԱՐ:1 ԿԱՐՃ:3 ՀԱԶԻՎ:3 ՏԱՍԸ:2 ՀԱՍԱՆԵԼԻ:1 ՈՒՄ:12 ԱՆՀՈԳ:1 ԴԱՐ:2 ՀԱՎԱՏԱԼ:1 ՉԱՐ:1 ԿԱՍԿԱԾ:1 ՀՈՒՇՈՒՄ:1 ԱՆԲԱՑԱՏՐԵԼԻ:1 ԸՆԴՈՒՆԱԿՈՒԹՅՈՒՆ:1 ՑՈՒՑԱԲԵՐՈՒՄ:1 ԱՆՍՊԱՍԵԼԻ:2 ԱՆՑԱՆ:1 ՊԱՏԻԺ:3 ԶԻՋԵԼ:1 ԴԵՊԻ:4 ՔԱՂԱՔ:1 ՁԵՌՆԱՄՈՒԽ:1 ՉՈՐՐՈՐԴ:1 ՔՈՉՎՈՐ:1 ԲՆՈՐՈՇ:1 ՎՐԱՆ:2 ԿԵՌ:1 ԿԻՍԱՄԵՐԿ:3 ԽԱՂՈՂ:1 ՈՒՏՈՒՄ:2 ԾԱՌԱ:6 ԱՆՊԱՐՏԵԼԻ:1 ՄԻՇՏ:3 ՍՈՒԼԹԱՆ:7 ԴՈՂՈՒՄ:1 ՀԱՅ:1 ԱՆԹԻՎ:1 ԲԵՐԵԼ:5 ԲԵՐՈՒՄ:7 ԲԱՎԱԿԱՆԻՆ:3 ՍՆԴՈՒԿ:1 ՈՒԺԳԻՆ:1 ՀԱՐՎԱԾՈՒՄ:1 ԱԿԱՄԱ:1 ԱՌՋԵՒ:6 ԸՆՏՐՅԱԼ:1 ՏՈՒՐ:2 ԱՆՀԱՎԱՏ:1 ՇՈՒՆ:6 ԳՐԱՎԱԿԱՆ:1 ՀՊԱՏԱԿՈՒԹՅՈՒՆ:1 ՊԱՀԱՆՋԵԼ:1 ԽՈՐԱԹԱՓԱՆՑ:1 ՆԿԱՏՈՒՄ:1 ԳԱՂՏՆԻՔ:1 ՑԱՆԿՈՒԹՅՈՒՆ:2 ԱՐԾՎԻ:1 ՎՐԻՊԵԼ:1 ԿՏՐԵԼ:3 ՇՊՐՏԵԼ:1 ՀԱՄԱՐՁԱԿՎԵԼ:1 ԶԵՆՔ:1 ԲԱՐՁՐԱՑՆԵԼ:1 ԴԵՄ:3 ԳԵՐԻ:1 ԽՆԴՐՈՒՄ:3 ՀԱՆՁԻՆ:1 ՀԱՎԱՏԱՐԻՄ:1 ԽՈՆԱՐՀ:1 ՀՐԱՄԱՅԵԼ:2 ԱՌԱՆՑ:5 ՎՍՏԱՀԵԼ:1 ՀԱՐՄԱՐ:2 ԲԱՑ:4 ԿՈՂՔ:1 ԿՈՂՔԻ:1 ԱՊՐԵԼ:2 ՈՐԵՒԷ:3 ՍԱՌՆՈՐԱԿ:1 ՀԱՑ:3 ԿԻՍԵԼ:1 ՈՒՂՂՈՐԴՈՒՄ:1 ՉՆՉԻՆ:3 ԱՆՊԵՏՔ:3 ՊԱՏԱՀԱԲԱՐ:1 ՈՐՊԵՍԶԻ:2 ԱՅՍՈՒՀԵՏԵՒ:1 ԱՄԵՆԱԶՈՐ:1 ԾԱՌԱՅԻՆ:1 ԾԱՓ:1 ՍԿՍՈՒՄ:4 ՊԱՐԵԼ:1 ԵՐԵՒՈՒՄ:4 ՆՇԱՆ:2 ՓՈՐՁՈՒՄ:5 ՍՏԻՊԵԼ:2 ԱՊԱՐԴՅՈՒՆ:3 ՍՈՎՈՐ:1 ԱԶԱՏ:4 ՀԱՅԱՑՔ:5 ԻՍԿՈՒՅՆ:1 ՎՏԱՆԳԱՎՈՐ:1 ԱՆՄԻՏ:1 ՏԱՍ:1 ՀՆԱԶԱՆԴՈՒԹՅՈՒՆ:1 ՆԵՐՈՒՄ:1 ԱՆՉԱՓ:1 ԳԹԱՍԻՐՏ:1 ԴԱՌՆԱԼ:2 ՄԹԱԳՆԵԼ:1 ՀԱՅՐԱԿԱՆ:3 ԱՊՐՈՒՄ:1 ՈՒԹՍՈՒՆԱՄՅԱ:1 ԾԵՐ:1 ԶԻՆՎԱԾ:1 ՏԱՆ:2 ԱՆՎԱԽ:1 ՎԻՐԱՎՈՐԵԼ:1 ՍԻՐԵԼԻ:1 ԱՆՊԱՏԿԱՌ:2 ՀԱՆԴՈՒԳՆ:2 ՄԱՏԱՂ:2 ԱՆՍԱՀՄԱՆ:1 ԵՐԻՏԱՍԱՐԴ:1 ՍՐԱ:4 ՀԻՆԳԵՐՈՐԴ:1 ԱՆՀԱՆԳԻՍՏ:3 ՎԵՐՋ:5 ՊԱՀ:7 ԿԱՆԳ:2 ՍԱՏԱՆԱ:1 ԸՆԴՀԱՆՐԱՊԵՍ:4 ՍՐԱՆՔ:5 ՍՏՈՐ:1 ՀԱՆԴԵՊ:1 ՆՈՒՐԲ:1 ՄԵԿ:11 ԿՐԿՆԵԼ:1 ՉԵՆՔ:2 ԱՊԱՑՈՒՑԵԼ:1 ՊԱՏՎԵՐ:1 ԿԱՏԱՐՈՒՄ:1 ԶԳԱՑՈՒՄ:1 ՀԵՏԱՊՆԴՈՒՄ:1 ԻՆՔՍ:3 ԶԲԱՂՎԵԼ:2 ՖԻՆԱՆՍԱՎՈՐՈՒՄ:1 ԱՅՆՊԻՍԻ:1 ՏՊԱՎՈՐՈՒԹՅՈՒՆ:1 ԿԱԶՄԱԿԵՐՊՎԱԾ:1 ԴԱՎԱԴՐՈՒԹՅՈՒՆ:4 ՀԱՋՈՂ:1 ԻՍԿԱԿԱՆ:2 ԿԱՍԿԱԾԵԼԻ:2 ՏԻՊ:1 ՀԱՏՈՒԿ:7 ԳՈՐԾԱԿԱԼ:5 ՍՈՎՈՐՈՒԹՅՈՒՆ:1 ՀՈՂ:3 ՀԻՎԱՆԴԱՆՈՑ:1 ԽՈՍԵԼ:1 ԱՅԴՊԻՍԻ:3 ՆԿԱՏԻ:1 ՉԱՓԱԶԱՆՑ:3 ՎԵՐՋՆԱԿԱՆԱՊԵՍ:1 ԽՆԴՐԵԼ:1 ՀԱՆԴՈՒՐԺԵԼ:1 ՏԵՍԱԿ:5 ԱՆՀԻՄՆ:1 ՎԻՐԱՎՈՐԱԿԱՆ:1 ԽԱԽՏՈՒՄ:1 ԴԱՏԱՐԱՆ:2 ՎԵՑԵՐՈՐԴ:1 ԿՐԱԿ:1 ՏԱԿՆՈՒՎՐԱ:1 ԱՆԵՐ:1 ԻՐԱՆ:1 ԲԱՐԵՒ:4 ԲԱՆԵՐ:2 ԴՈՒՐ:2 ՍԿԱՆԴԱԼ:1 ԿՈՂՄՆԱԿԻ:1 ՀԱՍԿԱՆԱԼԻ:1 ՏԵՂԵԿՈՒԹՅՈՒՆ:1 ԳՏՆԵԼ:1 ՓՈԽԵԼ:2 ԱՅԼԵՒ:2 ՄԱՍԱՄԲ:1 ԿՌԱՀՈՒՄ:1 ԿԱՐԵՒՈՐ:4 ՊԱՀԱՆՋՈՒՄ:1 ՏԻՐԱՊԵՏԵԼ:1 ԿՐՈՒՄ:1 ԾԵԾ:1 ԾԵԾԵԼ:1 ՊԵՏԱԿԱՆ:1 ՓՈԽԱՆԱԿ:2 ՍՈՎԱՄԱՀ:1 ԱՊՇՈՒՄ:1 ՍԱՌԱԾ:1 ԲԱՌ:2 ՀԻՇԵՔ:3 ՑԵԼ:1 ՍԽԱԼՄԱՄԲ:1 ԳՐԵԼ:1 ԱՅՆՈՒՀԵՏԵՒ:2 ԳՆՈՒՄ:3 ՋՐԻ:1 ՅՈԹԵՐՈՐԴ:1 ԽՐՃԻԹ:2 ՄՅՈՒՍ:2 ՍԿԶԲՈՒՆՔԱՅԻՆ:1 ԵՐԵՍՈՒՆ:5 ԹՈՒՄԱՆ:6 ՊԱԿԱՍ:1 ՓՈՂ:2 ՏԱՍՆՀԻՆԳ:2 ԿՐԿՆԱԿԻ:2 ԱՎԵԼ:2 ՍՈՎԱԾ:3 ԾԱՐԱՎ:2 ՀԱԳԻ:1 ՀԱՑԻ:3 ՊԱՀՈՒՄ:2 ՀԱՐԿ:2 ՏԱՆՔ:2 ԿՏՐՈՒԿ:2 ՀՈՒՍԱՀԱՏ:2 ԺՈՂՈՎՈՒՐԴ:2 ԸՆԴԱՌԱՋ:2 ՊԱՐՈՆ:15 ԼԱՍՏԻ:5 ՄԵՆԱԿ:1 ԽԱՌՆՎԵԼ:1 ԻՐԱՐ:1 ՀՈՍՈՒՄ:3 ԼՌՈՒՄ:1 ՑԻՆԻԿ:1 ՇԱՐՈՒՆԱԿՈՒՄ:1 ԿԱՏԱԿ:1 ԱՆՑՆԵԼ:1 ԴԱՆԴԱՂ:2 ԹԱԿՈՒՄ:1 ՍԱԼԱՄ:2 ԱՂԱ:4 ԹԱԶԱ:1 ՕԳՆԱԿԱՆ:1 ԿՏՈՐ:1 ԱՇԽԱՏԵԼ:1 ՊԱՏՐԱՍՏԱԿԱՄ:1 ՊԱՅՄԱՆԱՎՈՐՎԵԼ:1 ՔՍԱՆՀԻՆԳ:1 ՇՆՈՐՀԱԿԱԼ:2 ԱՆՀԱՍԿԱՆԱԼԻ:1 ԱՂՄՈՒԿ:1 ՈՒՐ:3 ԱՆՀԱՆԳՍՏԱՑԱԾ:1 ՊԱՏԱՌ:2 ԳԱՐԻ:1 ԽԵՂՃ:3 ՀԱՅԿԱԿԱՆ:1 ԴՐԱՄ:2 ՈՐՏԵՂ:6 ՈՒՂՂՈՒԹՅՈՒՆ:1 ԲԱԺԱՆԵԼ:1 ԳՆՈՐԴ:1 ԻՆՔՆՈՒՐՈՒՅՆ:5 ՀԱՇՎԵՏՈՒ:1 ՓՆՏՐՈՒՄ:1 ԸՆԿՆԵԼ:1 ԽԵԼԱՑԻ:1 ՄԱՐՍՈՒՄ:1 ՊԱՀԵՍՏԻ:1 ՍՏԱՑԱԿԱՆ:1 ՀՐԱՄԱՅՈՒՄ:1 ՄՈՏԱԿԱ:1 ԳԱՄ:1 ՀԵՌԱՆԱԼ:1 ՇՏԱՊՈՒՄ:3 ԱՆՀԵՏԱՁԳԵԼԻ:2 ՀԱՐՑ:5 ՍՊԱՐԱՊԵՏ:3 ԲՈՂՈՔՈՒՄ:2 ՆՈՐՄԱԼ:1 ԱՎԱԶ:2 ՍՈՒՏ:1 ԽԱՌՆՈՒՄ:2 ՈՒՂԱՐԿՈՒՄ:2 ԲՈՒՌ:2 ԿԱՐՈՏ:1 ԿՈՒՇՏ:1 ՏԱՔ:2 ԱՓԻ:1 ԳՆԱՀԱՏՈՒՄ:1 ՍՏԱԽՈՍ:1 ՀԱՎԱՏԱՑՅԱԼ:1 ԱՐԳԵԼՈՒՄ:1 ԿՈՂՈՊՏԵԼ:1 ՏԱՄ:1 ՃԱՆԱՉՈՒՄ:6 ԶԻՆՎՈՐ:2 ԲՌՆՈՒՄ:2 ԱՆԳՐԱԳԵՏ:2 ՁԵՐԲԱԿԱԼԵԼ:1 ՍՏՈՐԱՑՈՒՑԻՉ:1 ԿԱԽՎԱԾ:1 ՍՈՒՂ:2 ԿԱՏԱՐՈՂ:1 ԲՌԻ:1 ՀԱՆՁՆՈՒՄ:1 ԴԱՏԻ:1 ՊԱՏԻՎ:1 ՈՍԿԵ:1 ԱՄՈՒՐ:1 ՍՐԻԿԱ:1 ԱՆՁՆԱԿԱՆ:2 ԸՆԴՀՈՒՊ:1 ՈՒԹԵՐՈՐԴ:1 ԱՄԱՌԱՅԻՆ:1 ԵՐԵԿՈ:1 ՌԵՍՏՈՐԱՆ:1 ԿԱՐՄԻՐ:2 ԵՐԱԺՇՏՈՒԹՅՈՒՆ:1 ՏԻՐԱԿԱՆ:1 ՆՍՏՈՒՄ:2 ՇՈՒՐՋ:6 ԶՈՎ:1 ԱՆՎՍՏԱՀ:1 ԱՅՍՊԻՍԻ:2 ԱՆՏԱՆԵԼԻ:4 ՓՐԿՈՒԹՅՈՒՆ:1 ՍԱՌԸ:4 ԻՐՈՔ:1 ԱՄԵՆՈՒՐ:1 ԿԱՆԳՆՈՒՄ:3 ՁՄԵՐՈՒԿ:3 ՎԱՅԵԼ:1 ՎԱՅՐԿԵՆԱԿԱՆ:1 ԺԱՄԱՆԱԿԱՎՈՐԱՊԵՍ:1 ԱՅՆԺԱՄ:2 ՆԿԱՏԵԼ:1 ԿՈՆՅԱԿ:2 ՄԻՆՉ:3 ՇԱՐՈՒՄ:1 ՀՐԱՉ:1 ԹԵՅ:1 ԱՆՊԱՅՄԱՆ:2 ԱՌԱՎՈՏՅԱՆ:1 ՀԵՏՔ:1 ՏԵՍ:1 ԿԻՍԱՏ:1 ՑՈՒՐՏ:2 ՀԱՅՏՆՎԵԼ:1 ԱՐԺԵՔ:1 ՏԱՐՐԱԿԱՆ:1 ԶԳՈՒՇԱՎՈՐՈՒԹՅՈՒՆ:1 ՆԵՐԻ:1 ՀԱՅՐԵՆԱՍԵՐ:1 ՎՐԱՑԻ:1 ՀԱՆԴԵՍ:4 ՈՒՂՂՈՒՄ:2 ՀՐԱՏԱՐԱԿԵԼ:1 ԽՓՈՒՄ:2 ԱԿՆՀԱՅՏ:1 ԳՑՈՒՄ:2 ԹԱՇԿԻՆԱԿ:1 ՄԱՔՐԵԼ:1 ԿԱՊՈՒՏԱՉՅԱ:1 ԹԱՓԱՌՈՂ:1 ՊՈԵՏԱԿԱՆ:2 ԱՐՀԵՍՏԱԿԱՆ:1 ԿԵՑՑԵ:2 ՆԵՏՈՒՄ:1 ՀԱՆԴԻՊՈՒՄ:1 ՄԱՏՆԱՑՈՒՅՑ:1 ՍՊԱՍՈՂԱԿԱՆ:1 ՓՆՏՐԵԼ:2 ԽՄԲԱԳՐՈՒԹՅՈՒՆ:2 ՏԵՂՈՒՄ:1 ԻՆՉՈ:1 ԱՆԽԱԽՏ:1 ՊԱՀՈՂ:1 ԱՆՓՈԽԱՐԻՆԵԼԻ:1 ԾԱՂՐԱԿԱՆ:1 ԳՐԱԿԱՆ:4 ԻՍԿԱՊԵՍ:1 ՆԱՑԻՈՆԱԼԻՍՏԱԿԱՆ:1 ԱՌԱՅԺՄ:1 ԽՈՐՀՐԴԱՅԻՆ:2 ԱՌԱՋԻԿԱ:1 ՀԵՐԹԱԿԱՆ:1 ՇԱՐԺԵԼ:1 ԱՆԿԱՍԿԱԾ:3 ԱՐԴԱՐԱՑԻ:1 ԹԱՔՈՒՆ:1 ՀԱՆԴԻՊԵԼ:1 ՆՐԲԱՃԱՇԱԿ:1 ԲԱՆԻՄԱՑ:1 ԱԹՈՌ:2 ԱՆՁԱՄԲ:1 ՇՆՈՐՀԱԿԱԼՈՒԹՅՈՒՆ:1 ՈՒՇԱԴԻՐ:1 ՍԹԱՓ:1 ԿՈՐԾԱՆԱՐԱՐ:1 ՀԱԿԱՀԱՐՎԱԾ:1 ՍԵՐ:1 ԿԱՊ:6 ՊԱՏԱՍԽԱՆ:1 ՏԱԼ:3 ՏԻՐԱՊԵՏՈՒՄ:1 ՔՆՆԱԴԱՏԱԿԱՆ:1 ԳԱԼՈՒ:1 ՆՐԲԱՆԿԱՏ:1 ՀԱՐԱԶԱՏ:1 ԱՆԱՐԴԱՐԱՑԻ:1 ՀԵՌԱՑՎԵԼ:1 ՀԱԿԱՀԵՂԱՓՈԽԱԿԱՆ:2 ԱՆԿՅՈՒՆ:1 ԲՈՒՅՆ:1 ԱՄԵՆԱՏԱՐԲԵՐ:1 ԽԱՆԳԱՐԵԼ:3 ՅՈՒՐԱՔԱՆՉՅՈՒՐ:1 ԱՐԺԱՆԻ:1 ԽՍՏՈՐԵՆ:1 ՀԱՐՑՆԵԼ:2 ԿԱՐԾԻՔ:1 ԴԱՍԱԿԱՆ:8 ՄԱՍՆԱՎՈՐԱՊԵՍ:1 ԱԶԱՏՎԵԼ:1 ԲՈՒՐԺՈՒԱԿԱՆ:1 ԽՈՍՔ:1 ՃՇՄԱՐԻՏ:1 ՄՏԱՀՈԳՈՒԹՅՈՒՆ:1 ՎԵՐԱԲԵՐՅԱԼ:1 ՌԵԱԼԻՍՏԱԿԱՆ:1 ԿԱՐԻՔ:1 ԽՈՉԸՆԴՈՏ:1 ՊՐՈԼԵՏԱՐԱԿԱՆ:2 ՆՊԱՏԱԿ:1 ԾԱՌԱՅԵԼ:1 ԿՈՄՈՒՆԻՍՏԱԿԱՆ:1 ՇՈՒՏԱՓՈՒՅԹ:1 ԳԻՏԱԿ:1 ԱՌԻԹ:1 ՀՈՒՅՍ:1 ՏԱՂԱՆԴԱՎՈՐ:1 ԿՈՂՄՆՈՐՈՇՎԵԼ:1 ԿԱՐԵՒՈՐԱԳՈՒՅՆ:1 ՄՏԱԴՐՈՒԹՅՈՒՆ:1 ՑՏԵՍՈՒԹՅՈՒՆ:1 ՎԱՂԸ:1 ՀՐԱԺԵՇՏ:1 ՇՈՒՆՉ:1 ՔԱՇՈՒՄ:1 ՈՐՈՇ:2 ԼՌՈՒԹՅՈՒՆ:1 ՏԻՐՈՒՄ:1 ՎԱՂՎԱ:1 ՀՈԴՎԱԾ:1 ԱՅՍԻՆՔՆ:1 ԳԼԽՈՎ:2 ԽՈՍՔԻ:1 ԾԻԾԱՂԵԼԻ:1 ԱԿՆԹԱՐԹ:1 ԵՐԵՔ:2 ՀՈԳԻ:2 ԱԿՆՀԱՅՏՈՐԵՆ:1 ԻՆՔՆԱԲԵՐԱԲԱՐ:1 ՍԵՒԵՌՈՒՆ:1 ՔԱՂԱՔԱՑԻ:2 ԿՈՉՎԱԾ:1 ՀԵՏԵՒՈՒՄ:2 ԽՈՒԶԱՐԿՈՒՄ:1 ԲԱԺՆՈՒՄ:1 ԽԻՍՏ:1 ԵԿԱԾ:1 ԹԵԹԵՒ:1 ՀՐՈՒՄ:1 ԱՆՄԵՂ:1 ԻՆՆԵՐՈՐԴ:1 ՄԻԱՅՆԱԿ:1 ԲԱՑԻ:2 ՏՂԱՄԱՐԴ:1 ՋԱՀԵԼ:2 ԶՈՀՎԵԼ:1 ԱՆԱՆՈՒՆ:1 ԶՈՀ:1 ՀՈԳՆԵԼ:1 ՆՈՐՈՒԹՅՈՒՆ:2 ԽԹԱՆԻՉ:2 ԱՐԱԳԱՑՆԵԼ:1 ՇՏԱՊԵԼ:1 ՏԱՐԵԼ:1 ԳԻՏԻ:1 ԱՆՀՐԱԺԵՇՏՈՒԹՅՈՒՆ:1 ՈՐՍ:1 ԽԹԱՆԵԼ:1 ԻՄԱՍՏ:1 ԽԹԱՆՎԵԼ:1 ԼԱՐՎԱԾ:1 ԱԳՐԵՍԻՎ:1 ՀՈՂԱԳՈՐԾ:1 ՈՐԴԻ:2 ԱՆՁՆԱԳԻՐ:1 ԽՆԴԻՐ:1 ԹՎՈՒՄ:1 ՔԱՐՇ:1 ՀԱՄԱՐՅԱ:2 ԿԻՍԱՄԵՌ:1 ԴԻՐ:1 ԿՐԿՆՈՒՄ:1 ԾԱՌԱՅՈՒԹՅՈՒՆ:1 ԴԵՊՈՒՏԱՏ:1 ՀԱՅՑ:1 ՆԵՐԿԱՅԱՑՆԵԼ:1 ՃՇՏԵԼ:1 ՇԵՖ:5 ՄԱՆՐԱՄԱՍՆ:1 ՆՈՐԻՑ:1 ԹԻԿՆԱՊԱՀ:5 ԸՆԿԱԾ:2 ՊԱՏՄԻՉ:1 ԿՈՄՈՒՆԻՍՏ:1 ԻՐԱ:3 ԿՌԻՎ:1 ՍԻՐՈՒՄ:1 ԹԱԼԱՆՈՒՄ:1 ՍԱՐՔԵԼ:1 ԱՐԻ:1 ՆՎԱԶ:1 ՀԱՏ:1 ԷԴԻ:1 ԱՆՇԱՐԺ:1 ՕԳՆՈՒԹՅՈՒՆ:1 ԼՍԵԼԻ:1 ԱԶԴԵՑԻԿ:1 ԹՈՂՆԵԼ:1 ՄԵԿՆԱԲԱՆՈՒԹՅՈՒՆ:1 ՓՈՍՏ:1 ԿԱՅՔ:2 ՀԱՄԱՅՆՔ:2 ՀՐԱՏԱՐԱԿՉՈՒԹՅՈՒՆ:1 ԳՐԱԽԱՆՈՒԹ:1 ԱՐԽԻՎ:1 ԹՎԱՅԻՆ:1 ԳՐԱԴԱՐԱՆ:1 ԽՄԲԱԳՐԱԿԱՆ:1 ԳՈՎԱԶԴ:1 ԸՆԴՈՒՆՈՒՄ:1 ԱՋԱԿՑԵԼ:2 ԳՈՐԾՈՒՄ:1 ՀԵՂԻՆԱԿԱՅԻՆ:2 ՊԱՐՏԱԴԻՐ:1 ՆՇԵԼ:1 ԱԿՏԻՎ:1 ՀՂՈՒՄ:1 ՀԵՂԻՆԱԿ:1 ՏԵՔՍՏ:1
https://granish.org/that-night/	ՀԱՄԲԱՐՁՈՒՄ:4 ԳԻՇԵՐ:14 ԳՐԱՆԻՇ:6 ԺԱՄԱՆԱԿԱԿԻՑ:1 ԳՐԱԿԱՆՈՒԹՅՈՒՆ:2 ՎԵՐՋԵՐՍ:1 ՊԱՏՄՎԱԾՔ:5 ՊՈԵԶԻԱ:1 ԷՍՍԵ:1 ԳՐԱԽՈՍԱԿԱՆ:1 ՄՐՑԱՆԱԿ:3 ԵՐԿՈՒ:4 ԱՆՉԱՓԱՀԱՍ:2 ՏԱՍՆՎԵՑ:2 ՄԵԾ:2 ԲՌՆԱԿԱԼ:2 ՓԱԽԱՎ:2 ԿՐՔՈՏ:2 ՄՈՏ:6 ՍԵՐ:2 ՆՐԱ:9 ՀԵՏ:4 ՆԱԽ:2 ՎՐԱ:8 ՀԵՏՈ:4 ՇՔԵՂ:2 ԱՊԱ:2 ՋՐԻ:2 ՏԱԿ:6 ԴԵԿՏԵՄԲԵՐ:1 ՐՈՊԵ:2 ՀԱՍՄԻԿ:1 ԽԵՂՃ:1 ՀԱՅ:3 ԿԱՆԱՅՔ:3 ՏԵՂԸ:1 ԼԻՆԵԼ:1 ԻՍԿ:4 ԵՐԲ:6 ԱՅԴ:4 ԿՏՈՒՑ:1 ԿԻՍԱՄԵՐԿ:1 ՄԵՐ:13 ՀԱՐԵՒԱՆ:1 ՄԻՆՉԵՒ:1 ՔԱՇԱԾ:1 ԱՇԽԱՏՈՂ:2 ԱՌԱՋ:2 ՏՂԱՄԱՐԴ:1 ՏԱՐ:1 ԱՅԼ:1 ՊԱՐՍԻԿ:1 ՀԱՆԳԻՍՏ:1 ՇՈՒՆՉ:1 ԲԱՅՑ:4 ՀԵՐԹԱԿԱՆ:1 ԿԵՂՏՈՏ:1 ՀԱՐՅՈՒՐ:1 ՔՍԱՆ:1 ՍԵՐԻԱ:1 ՆՐԱՆՔ:3 ՃԻՇՏ:1 ԿԱՄ:3 ԹԱՂՈՒՄ:1 ՄԻԱԿ:1 ԻՐԵՆՑ:5 ՀԱՄԱՐ:5 ՀԱՄՈՎ:2 ԿԵՐԱԿՈՒՐ:1 ԻՆՉ:6 ԵՓԵԼ:1 ԻՐԵՆՔ:1 ԲԵՐԵԼ:1 ՎԵՃ:1 ՄԱՐԴ:1 ԹԱՂԻ:1 ՄԱՐԴԻԿ:1 ՀԱՎԱՔՎԵԼ:2 ՔԱՆԻ:3 ՇԻՇ:1 ՔԱՇ:1 ԹԹՈՒ:1 ՆՇՈՒՄ:1 ԿՈՇԻ:1 ԽՄՈՒՄ:1 ԱՅՆ:2 ԺԱՄԱՆԱԿ:2 ԱՆՈՒՄ:1 ՏՈՒՆ:4 ԵԿԱԾ:1 ԱՉՔ:1 ՊՈՏԵՆՑԻԱԼ:1 ԱՐՀԵՍՏԱԿԱՆ:1 ՍԱՐՔՈՒՄ:1 ԱՆՍՊԱՍԵԼԻ:1 ԱՅԴՔԱՆ:1 ԷԼԵԿՏՐԱԿԱՆ:1 ՇՈՒՏ:1 ՄԵՆՔ:4 ՆՍՏԱԾ:2 ՎԵՐ:1 ԾԱՓ:1 ԿԵՂԾ:1 ԲՅՈՒՐԵՂԱՊԱԿԵ:1 ՄԵՋ:3 ԱՆՄԻՋԱՊԵՍ:1 ԳՈՐԾԻ:1 ԱՆՑԱՎ:1 ՋՈՒՐ:1 ԴԵՌ:5 ՀԱՎԱՔՈՒՄ:1 ՉՈՐՍ:1 ՀԻՆԳ:3 ՄԵՏՐ:1 ՓՉՈՒՄ:1 ՀԱՐԲԱԾ:1 ԿՌԻՎ:1 ԲՈԼՈՐ:4 ԴՈՒՐՍ:6 ՓՈՂՈՑ:2 ԱՆԶԵՆ:1 ԴԵՄ:1 ԻՆՁ:1 ՈՐԻ:1 ԲՈՂՈՔԵԼ:1 ԱՄԵՆ:1 ԱՍՏԻՃԱՆ:1 ԱՀԱ:1 ԲՌՆԵԼ:1 ՀՈՐՍ:7 ԲԱՑ:2 ԲԱԺԱՆԵԼ:2 ՈՐՈՎՀԵՏԵՒ:2 ԿԱՆԳՆԵԼ:3 ԹԵԵՒ:1 ՇԱՏ:4 ՕԳՆԵԼ:1 ԿԱՐՈՂ:1 ԿԱԶՄ:1 ՊԱՏՐԱՍՏ:1 ԼԱՎ:2 ՀԱՐՎԱԾ:1 ՆՈՐ:1 ԹԱՓ:1 ՍՐԱՆՔ:1 ՇՈՒՌ:1 ՄՈՐՍ:3 ՈՍԿԵ:1 ԱՆԸՆԴՀԱՏ:1 ՏԱՔ:1 ԽՈՑՎԱԾ:1 ՆՄԱՆ:1 ՄԵԿ:1 ՇԱՂ:2 ԻՆՉՔԱՆ:1 ՈՒԺ:1 ԿԱՐ:1 ԳՆԱՑ:1 ԽՈՀԱՆՈՑ:1 ԼՈՒՑԿԻ:2 ՄՅՈՒՍ:1 ՈՒՂՂՈՒԹՅՈՒՆ:1 ԴԵՊԻ:1 ՄՈՏԱԿԱ:1 ԵՐԵՔ:1 ԱՆԳԱՄ:1 ՀԵՆՑ:1 ՎԵՐՋԻՆ:1 ՈՐՈՇՈՒՄ:1 ՁԱՅՆ:1 ՈՍՏԻԿԱՆ:1 ՏԱՆ:1 ՆՌՆԱԿ:2 ՆԵՏԵԼ:1 ԱՆՑ:1 ՎԱՅՐ:1 ՁԵՐ:1 ԵՐԵՍՈՒՆ:1 ԿԻՍԱՄԵՌ:1 ՆԵՐՍ:1 ՏԱՐԱՆ:1 ՈՐՁ:1 ԵՐԳՈՒՄ:1 ՏԱՐԻ:1 ԱՅԴՊԵՍ:1 ԵՂԵԼ:1 ԾԵԾՎԱԾ:1 ԻՆՔՆ:1 ԻՐԵՆ:1 ԱՅՐԵԼ:1 ՆՍՏԵԼ:1 ՄՏՆՈՒՄ:1 ԼԱՑ:1 ԱՌԱՆՑ:1 ԱՐԴԻ:1 ՆԱԵՒ:1 ՀԵՔԻԱԹ:1 ՀԱՆԴԻՊՈՒՄ:1 ԼԻԱՆ:1 ԿԱՐԾԻՔ:1 ԿԱՐԵՆ:1 ԳՈՐԾ:1 ԱՆՈՒՇ:1 ՀԻԱՆԱԼԻ:1 ԳՐՈՒՄ:1 ԻՐԱԿԱՆ:1 ՇԱՐԺՈՒՆ:1 ՊԱՐԶ:1 ԹՈՂՆԵԼ:1 ՄԵԿՆԱԲԱՆՈՒԹՅՈՒՆ:1 ԱՆՈՒՆ:1 ՓՈՍՏ:1 ԿԱՅՔ:2 ԳՐԱԿԱՆ:3 ՀԱՄԱՅՆՔ:2 ՀՐԱՏԱՐԱԿՉՈՒԹՅՈՒՆ:1 ՀԱՆԴԵՍ:1 ԳՐԱԽԱՆՈՒԹ:1 ԱՐԽԻՎ:1 ԹՎԱՅԻՆ:1 ԳՐԱԴԱՐԱՆ:1 ԿԱՊ:2 ՄԵԶ:1 ԽՄԲԱԳՐԱԿԱՆ:1 ԳՈՎԱԶԴ:1 ԸՆԴՈՒՆՈՒՄ:1 ԱՋԱԿՑԵԼ:2 ԳՈՐԾՈՒՄ:1 ՀԵՂԻՆԱԿԱՅԻՆ:2 ՈՐՈՆՔ:1 ՈՒՄ:1 ՊԱՐՏԱԴԻՐ:1 ՆՇԵԼ:1 ՏԱԼ:1 ԱԿՏԻՎ:1 ՀՂՈՒՄ:1 ՓՆՏՐԵԼ:1 ՀԵՂԻՆԱԿ:1 ՏԵՔՍՏ:1
https://granish.org/farewell-merine/	ՄՀԵՐ:6 ՀՐԱԺԵՇՏ:2 ԳՐԱՆԻՇ:6 ԺԱՄԱՆԱԿԱԿԻՑ:1 ԳՐԱԿԱՆՈՒԹՅՈՒՆ:1 ՎԵՐՋԵՐՍ:1 ՊԱՏՄՎԱԾՔ:5 ՊՈԵԶԻԱ:1 ԷՍՍԵ:1 ԳՐԱԽՈՍԱԿԱՆ:1 ՄՐՑԱՆԱԿ:3 ԲԱՐԻ:4 ԼՈՒՅՍ:4 ԴԵՌ:7 ՊԱՐԶԵԼ:3 ՄԻԱՅՆ:6 ԱՄԵՆ:8 ԳԻՇԵՐ:2 ՔԵԶ:43 ՀԵՏ:12 ԱՆԿՈՂԻՆ:2 ՄՏՆՈՒՄ:2 ԻՍԿ:5 ՊԱՏԱՀԱԲԱՐ:2 ԴԵԿՏԵՄԲԵՐ:1 ՐՈՊԵ:1 ԱՐԻ:2 ԳԻՏԻ:2 ԳՐԱՎՈՒՄ:1 ՄԱՍՆԱԿԻ:1 ՈՐՈՎՀԵՏԵՒ:7 ՆՄԱՆ:3 ՍԱՀՈՒՄ:1 ՇՈՅՈՒՄ:1 ԲԱՑՈՒՄ:1 ԻՋԵԼ:1 ՆԱՅԵԼ:2 ՊԵՏՔ:7 ՆՐԱ:5 ՓՉՈՒՄ:1 ԲԱՑ:4 ՆՐԱՆ:7 ՄԵՋ:3 ՈՐԸ:2 ԱՆՈՒՄ:2 ՎԵՐ:2 ԿԱՑ:2 ՍԻՐՈՒՆԻԿ:1 ՍՊԱՍՈՒՄ:1 ԵՐԲ:13 ՊԻՏԻ:8 ԱՌԱՋ:1 ՍԻՐՈՒՆ:7 ԱՂՋԻԿ:9 ՓԱՅԼՈՒՄ:1 ՄԵՆԱԿ:2 ԴՈՒ:22 ԻՆՁ:19 ՄՏԱԾՈՒՄ:6 ՊԻՆԴ:1 ԳՐԿՈՒՄ:1 ԲԱՑԻ:1 ՏԱԳՆԱՊ:1 ԿԱՐԳԻՆ:2 ԿԵՐ:1 ՀԱՄԲՈՒՐՈՒՄ:4 ԵՐԵՍ:1 ԱՅՆՔԱՆ:2 ՎԱՏ:1 ԲԱՆ:8 ՄԻԱԿ:2 ՄԻԱՆԳԱՄԻՑ:2 ՄԵՂԱՎՈՐ:1 ՓՈՔՐԻԿ:1 ՀԱՆԴԵՊ:3 ՃԻՇՏ:1 ԾՆՎԵԼ:1 ԲԱՅՑ:19 ՄԻՇՏ:3 ԶՐՈՒՑՈՒՄ:2 ԱՌԱՆՑ:3 ԱՐԴԵՆ:9 ԿԱՐՈՂ:2 ԱՊՐԵԼ:2 ՉԵՄ:10 ԿՈՂՄ:1 ՀՐՈՒՄ:1 ՀԵՏՈ:6 ԻՆՉ:12 ԳԵՂԵՑԻԿ:1 ԱՅԴ:2 ՏԱՐՕՐԻՆԱԿ:1 ԽԱՆԴ:2 ԱՆՊԱՅՄԱՆ:2 ԵԹԵ:9 ԱՅԴՊԵՍ:4 ԱՍԵՄ:1 ՄԻՆՉԵՒ:4 ԲԵՐԵՔ:1 ՈՐՊԵՍԶԻ:2 ԴԵՊԻ:1 ԱՄՈԹ:3 ՓԱԿՈՒՄ:1 ԼՍՈՒՄ:4 ՍԵՆՅԱԿ:1 ՁԵԶ:1 ԴՈՒՐՍ:3 ԵՐԵԽԱ:3 ՀԻՄԱ:8 ՄԻԼԻՈՆ:1 ԱՎԵԼԻ:5 ԼԱՎ:3 ԲԵՐԵԼ:1 ՀԱՄ:2 ՎՍՏԱՀ:2 ԱՅՍՕՐ:3 ՀԵՆՑ:2 ՇԱՏ:6 ԳՈՒՑԵ:2 ՏԱԿՈՎ:1 ԱՆՑԵԼ:1 ԿԱՄ:6 ՀԱՆԴԻՊԵԼ:1 ՁԵՐ:3 ՀԵՌՈՒ:1 ՆԿԱՏԵԼ:1 ՈՒՐԻՇ:2 ԵՂԵԼ:1 ԿՏՐՈՒԿ:2 ԿԱՆԳ:4 ՖԻԶԻԿԱԿԱՆ:1 ՑԱՎ:1 ՊԱՏՃԱՌՈՒՄ:1 ՀՆԱՐԱՎՈՐ:1 ՇՇՆՋՈՒՄ:2 ՊԵՍ:2 ՆԵՐԵԼ:1 ԻՀԱՐԿԵ:1 ՊԱՐԶԱՊԵՍ:3 ՓԱԽՉԵԼ:1 ԲՈԼՈՐ:3 ՍԻՐԱՀԵՏՈՒՄ:1 ԱՆՏԱՐԲԵՐ:2 ՓՈՐՁՈՒՄ:1 ԳՈՆԵ:1 ԳՐԱՎԵԼ:1 ԸՆԴԱՄԵՆԸ:1 ՏԱՐԵԿԱՆ:4 ՏԱՆ:1 ԹԱԿՈՒՄ:1 ՏԱՐԲԵՐ:3 ԾԱՆՈԹ:1 ԱՆԳԱՄ:5 ԱՏՈՒՄ:3 ՇՈՒՏ:1 ԼԵԶՈՒ:1 ՑՈՒՅՑ:1 ՈՒՇԱԴՐՈՒԹՅՈՒՆ:1 ՎԱՐԺՎԵԼ:1 ՀԱՏԿԱՊԵՍ:1 ՓՉԱՑԱԾ:3 ԽՈՍԵԼ:1 ՀԵՐԻՔ:2 ԽԵԼՔ:1 ՏԵՂ:2 ՍՈՒՐԲ:1 ԱՅՆ:4 ՄԵՂՄ:1 ԱՆԻՄԱՍՏ:1 ԱՆԹԵՐԻ:1 ԱՐԱՏԱՎՈՐ:1 ՈՒՂՂԱԿԻ:2 ՉՆԱՅԱԾ:1 ԵՐԵՒԻ:4 ՔԻՉ:1 ՕՐԻՆԱԿ:1 ՈՆՑ:3 ԿՈՒԼ:1 ՖՈՒ:1 ԻԲՐ:3 ՏԱԼ:2 ԴՈՒՐ:2 ՀԱՍՏԱՏ:2 ԿԱԽՎԱԾ:1 ՈՒՄ:3 ԳՈՌՈՒՄ:1 ԱՅՍԻՆՔՆ:1 ՓՆՏՐՈՒՄ:1 ԴԱԺԱՆ:1 ՑԱՆԿՈՒԹՅՈՒՆ:1 ԽԵՂՃ:1 ԵՐԿԱՐ:3 ԱՌԱՋԻՆ:1 ՄԵԿԸ:1 ԴԱՍ:2 ՍԻՐՈՒՄ:2 ՀԵՏԱՔՐՔԻՐ:4 ԱՐԺԱՆԻ:2 ՊԱՏԱՆԻ:1 ԱՆԱՐԱՏ:1 ՔԱՆ:1 ԻՐԱԿԱՆՈՒՄ:2 ՄՈՏ:3 ՃԱՆԱՉՈՒՄ:2 ԿՏՈՐ:1 ՀԱՄԱՐ:8 ՄԵՂՔ:1 ԳՆՈՒՄ:3 ՊԱՏԱՍԽԱՆՈՒՄ:1 ՈՒՐ:2 ՊԱՐԶ:1 ԳՐԱԴԱՐԱՆ:3 ԿՐԿՆՈՒՄ:1 ՎԱՅ:1 ԱՆՑՈՐԴ:1 ՄԱՍԻՆ:4 ՎԵՐԱԲԵՐՈՒՄ:1 ՏԱՍՆԵՐԿՈՒ:1 ՏԱՐԻ:1 ՄԵԾ:1 ՈՒՐԵՄՆ:4 ԽՈՐՀՐԴԱՎՈՐ:1 ՆՈՒՅՆԻՍԿ:1 ՏԵՍԱԿ:1 ԳՐՈՒՄ:2 ԻՆՉԻ:2 ԵՐԲԵՔ:3 ՄՏԱԾԵԼ:2 ՍԵՐ:3 ԿԱՐԵԼԻ:1 ՄԻՋԵՒ:1 ԽԵԼԱԳԱՐՈՒԹՅՈՒՆ:1 ՇՏԿՈՒՄ:1 ԽՈՐԱՄԱՆԿ:1 ԺՊԻՏ:1 ԺԱՄԱՆԱԿ:3 ՎԵՐՋ:1 ՆՍՏԱԾ:3 ՄՏՈՎԻ:1 ՄԱՏԻՍ:1 ՄԱՏԱՆԻ:1 ՈՒՐԱԽ:1 ԹՈՂ:2 ՄԱՄԱ:1 ՀԱՄԱՌ:2 ԱՊԱՑՈՒՑԵԼ:2 ԿԱՍ:2 ԿԱՏԱԿ:1 ՄԵԿ:1 ԸՆԴԱՌԱՋ:1 ԹՔԱԾ:1 ԱՀԱՎՈՐ:1 ՊԱՐԶՈՒՄ:1 ՍԿՍՈՒՄ:2 ԲԱՐՁՐ:1 ԼԱՑԵԼ:1 ԿՐԿՆԵԼ:1 ՄԱՆԿԱՊԱՐՏԵԶ:2 ՏԱՆԵԼ:1 ՆՈՒՐԲ:1 ՍՏԵՂԾՎԱԾ:1 ԳԱԼՈՒ:1 ԷԼԻ:1 ԿԱՐՄԻՐ:1 ՀԱԳԵԼ:1 ՄԻԱՍԻՆ:1 ՎԵՐՋԱՊԵՍ:1 ԽՆԴՐՈՒՄ:2 ԵՐԿՐՈՐԴ:2 ՔԱՆԻ:1 ԱՍԵԼ:2 ԽՆԴՐԵԼ:1 ՆԿԱՐԱԳՐԵԼ:2 ԻՆՉՊԵՍ:2 ՀՈՐԻՆԵԼ:1 ԱՆՈՒՆ:2 ԿՌԱՀՈՒՄ:1 ՇՈՒՆՉ:1 ՊԱՀԱԾ:1 ԱՆՑԱՎ:1 ԽԵԼԱՑԻ:1 ԿՌԱՀԵԼ:1 ՏԱՍԸ:1 ԳԻՐՔ:1 ՊԱՏՎԻՐՈՒՄ:1 ՆՈՐԻՑ:2 ՀՈԳՆԱԾ:1 ԼՔՈՒՄ:1 ՔՆԵԼ:1 ՊԱՅՔԱՐՈՒՄ:1 ՀԱՆՈՒՄ:1 ԴՊՐՈՑԱԿԱՆ:1 ՊԱՏՌՈՒՄ:1 ԽՈՒՍԱՓՈՒՄ:1 ՋՆՋՈՒՄ:1 ՈՉԻՆՉ:1 ԲԱՎԱԿԱՆ:1 ԵՐԱԶ:2 ՎՐԱ:2 ԽԵՆԹ:2 ՆԱՄԱԿ:1 ԿԱՐԵՒՈՐ:1 ՉԵՆՔ:1 ՄՆԱՍ:3 ԲԱՐՈՎ:3 ԳԱԼՈՒՍՏ:1 ԱՇԽԱՏԱՆՔԱՅԻՆ:1 ՍՈՑԻԱԼ:1 ՏՆՏԵՍԱԿԱՆ:1 ԱՆՔՈՒՆ:1 ԳԵՐԱՃ:1 ՊԱՐԵՆԱՅԻՆ:1 ՆՎԱԶՈՒՄ:1 ԻՐԱՐ:1 ՕՐԵՐ:1 ԾՈՒՅԼ:1 ՏԱՆՋԱԼԻ:1 ԴԱՆԴԱՂ:1 ՍՂՈՑԻ:1 ԵՐԵԿՈՅԱՆ:1 ԱՌԱՎՈՏՅԱՆ:1 ՄԱՄՈՒԼ:1 ԸՆԴԴԻՄԱԴԻՐ:1 ՆԱԽԱՆՁ:1 ՀԱՄԱՏԱՐԱԾ:1 ԿԱՐՃ:1 ԹՎՈՒՄ:1 ՀՐԱՇՔ:1 ՈՐԻ:2 ԱՅԼԵՒՍ:1 ՆԱԵՒ:3 ՀԵՔԻԱԹ:1 ՀԱՆԴԻՊՈՒՄ:1 ԼԻԱՆ:1 ԿԱՐԾԻՔ:1 ԿԱՐԵՆ:1 ՀԻՄԱՆ:1 ԳՐՎԵԼ:1 ՀԱՄԱՆՈՒՆ:1 ԿԱՐՃԱՄԵՏՐԱԺ:1 ՆԵՐԿԱՅԱՑՎԵԼ:1 ՈՍԿԵ:1 ԾԻՐԱՆ:1 ՀԱՅԿԱԿԱՆ:1 ՀԱՄԱՅՆԱՊԱՏԿԵՐ:1 ՎՐԵԺ:1 ԴԵՐԱԿԱՏԱՐ:1 ՊԱՏՄՈՒՄ:1 ԳՈՅՈՒԹՅՈՒՆ:1 ՉՈՒՆԻ:1 ԱՆՈՒՇ:1 ՀԱՄՈՎ:1 ԿԱՐԴՈՒՄ:1 ՀԱՄԲԱՐՁՈՒՄ:1 ԻՍԿԱՊԵՍ:1 ԱՌՆՎԱԶՆ:1 ԹԵԹԵՒ:1 ՆՈՐ:1 ԻՐԱԿԱՆ:1 ԻՆՔՍ:1 ՆԿԱՐՈՒՄ:1 ՎԱՀԱՆ:1 ՖԻԼՄ:1 ՀՈԼՈՎԱԿ:1 ԹՈՂՆԵԼ:1 ՄԵԿՆԱԲԱՆՈՒԹՅՈՒՆ:1 ՓՈՍՏ:1 ԿԱՅՔ:2 ՄԵՐ:1 ԳՐԱԿԱՆ:3 ՀԱՄԱՅՆՔ:2 ՀՐԱՏԱՐԱԿՉՈՒԹՅՈՒՆ:1 ՀԱՆԴԵՍ:1 ԳՐԱԽԱՆՈՒԹ:1 ԱՐԽԻՎ:1 ԹՎԱՅԻՆ:1 ԿԱՊ:2 ՄԵԶ:1 ԽՄԲԱԳՐԱԿԱՆ:1 ԳՈՎԱԶԴ:1 ԸՆԴՈՒՆՈՒՄ:1 ԱՋԱԿՑԵԼ:2 ԳՈՐԾՈՒՄ:1 ՀԵՂԻՆԱԿԱՅԻՆ:2 ՈՐՈՆՔ:1 ՊԱՐՏԱԴԻՐ:1 ՆՇԵԼ:1 ԱԿՏԻՎ:1 ՀՂՈՒՄ:1 ՓՆՏՐԵԼ:1 ՀԵՂԻՆԱԿ:1 ՏԵՔՍՏ:1
https://granish.org/muse/	ՏԱՍՆԵՐՈՐԴ:3 ԳՐԱՆԻՇ:6 ԺԱՄԱՆԱԿԱԿԻՑ:1 ԳՐԱԿԱՆՈՒԹՅՈՒՆ:3 ՎԵՐՋԵՐՍ:1 ՊԱՏՄՎԱԾՔ:1 ՊՈԵԶԻԱ:5 ԷՍՍԵ:1 ԳՐԱԽՈՍԱԿԱՆ:2 ՄՐՑԱՆԱԿ:2 ԴԵԿՏԵՄԲԵՐ:1 ՐՈՊԵ:2 ՍՈՒՄ:1 ԻՆՆ:2 ՈՐՔԱՆ:2 ՄԱՐԴԻԿ:2 ՆԱԵՒ:12 ԿԱՆԱՅՔ:8 ԹՈՂ:1 ԹՈՒՂԹ:1 ԸՆԴՀԱՆՐԱՊԵՍ:3 ՈՒԺՈՎ:1 ՀԵՆՑ:5 ԱՅՆ:13 ԻՆՉ:8 ՆՅՈՒԹ:1 ՀԱՂԹԱՀԱՐՈՒՄ:3 ՔԱՐ:1 ՄԵՏԱՂ:1 ՀՈԳԻ:1 ՄԱՐՄԻՆ:1 ԿԱՆՉ:1 ԿԱՄ:15 ԻՆՉՊԵՍ:4 ԱՐՓԻ:2 ՀԱՆՐԱՀԱՅՏ:1 ՉԵՄ:2 ՎԱՂՈՒՑ:1 ԼՈՒԾԵԼ:1 ՀԻՄԱ:3 ՍԱՐՔՈՒՄ:1 ԴՈՒՐՍ:3 ՍԵՓԱԿԱՆ:3 ՀԱՃԱԽ:4 ԼՈԿԱԼ:1 ՓՈՐՁՈՒՄ:2 ԳՏՆԵԼ:1 ՆՈՐ:14 ԱՎԱՆԴԱԲԱՐ:1 ՈՐՊԵՍ:10 ԱՌԱՎԵԼ:9 ՀՈԳԵՒՈՐ:2 ԿԱՌՈՒՅՑ:2 ԸՍՏ:9 ՈՒՆԱԿ:2 ՀԱՇԻՎ:1 ՈՐՈՇԱԿԻ:5 ՊԱՏՄԱԿԱՆ:3 ՀԱՍԱՐԱԿԱԿԱՆ:1 ԱՇԽԱՐՀԱՅԱՑՔԱՅԻՆ:1 ԱՎԵԼԻ:6 ՔԻՉ:1 ԱԶԱՏՈՒԹՅՈՒՆ:2 ՀԱՄԱՐ:8 ՊԵՏՔ:4 ՆԱԽ:5 ԱՌԱՋ:5 ԱՅՍԻՆՔՆ:6 ԲԱՆԱՍՏԵՂԾՈՒՀԻ:11 ՍՈՆԱ:2 ՎԱՆԻ:2 ՄԵՋ:12 ՆՄԱՆ:10 ԵՐԵՒԻ:1 ԱՅՍ:15 ՈՐՈՇ:3 ՈՒՂՂԱԿԻ:2 ԲԱՑԻ:2 ՄԵԿ:6 ԴԺՎԱՐ:4 ՏԱՐԲԵՐԱԿ:1 ԿԻՆ:11 ՖԻԶԻԿԱԿԱՆ:2 ՎՐԱ:2 ԳԻՏԱԿՑԱԲԱՐ:1 ԻՐԵՆ:2 ԸՆԿԱԼՈՒՄ:3 ԱՆՄԻՋԱԿԱՆ:5 ՄԱՍՆԱԿԻՑ:1 ԱՅԴ:8 ԲՌՆՈՒՄ:1 ԴԱՐԻ:2 ԳՐՈՒՄ:8 ԸՆԴԳՐԿՈՒՆ:1 ՔԱՆ:5 ՏԱՂԱՆԴ:1 ԳԱԼՈՒ:1 ԱՆՀԱՏԱԿԱՆ:3 ԲՈԼՈՐ:7 ՀՆԱՐԱՎՈՐ:4 ԵՐԲ:6 ԻՆՔՆ:2 ԿԱՆԱՑԻ:8 ԿԱՐՈՂ:8 ՄԵԾ:4 ԲԱՆԱՍՏԵՂԾ:3 ԼԻՆԵԼ:2 ՎԻՃԵԼ:2 ՀԵՏ:4 ՍԱԿԱՅՆ:8 ԲԱՆ:4 ՊԱՐԶ:4 ԿԱՐԵԼԻ:6 ՏԱՐԲԵՐԱԿԵԼ:1 ԱՐԴԵՆ:9 ԻՍԿ:8 ԱՌԿԱ:2 ՀԱՏԿԱՊԵՍ:7 ՌՈՒՍԱԿԱՆ:5 ԳՐԱԿԱՆ:8 ՄՇԱԿՈՒԹԱՅԻՆ:4 ՄԻՆՉ:2 ԱՆՏԻԿ:1 ԵԿՈՂ:2 ՔՐԻՍՏՈՆԵԱԿԱՆ:1 ՄԻՋԵՒ:1 ԼՈԿ:4 ԿՐՈՆԱԿԱՆ:1 ԱՅԼԵՒ:2 ԸՆԴՀԱՆՐԱԿԱՆ:1 ՀՈՐԻՆԵԼ:1 ԵԹԵ:8 ԳՈՐԾԵԼ:1 ԱՊԱ:7 ՀԻՄՆԱԿԱՆ:1 ԱՌԱՎԵԼԱՊԵՍ:6 ԻՆՉԻ:3 ՇՆՈՐՀԻՎ:2 ՄԱՐՄՆԱԿԱՆ:1 ԿԱՆՈՆ:1 ՅՈՒՐԱՔԱՆՉՅՈՒՐ:2 ԿԵՐՊ:3 ԱՍԵԼ:2 ՎԱՏ:1 ԼԱՎ:3 ՀԻՆ:2 ԳՆԱՀԱՏՈՒՄ:1 ԱԶԱՏ:7 ՄԻԱՅՆ:7 ՆՈՒՅՆ:3 ՆԿԱՏԵԼԻ:1 ՀԱՅՏ:5 ՆՈՒՅՆԻՍԿ:2 ԱՎՐՈՐԱ:1 ՍԿՍԵԼ:1 ԳՐԵԼ:2 ՍԱՆԴ:1 ՏՂԱՄԱՐԴԿԱՅԻՆ:7 ՏԱԿ:2 ՆՐԱՆ:2 ԹԵՐԵՒՍ:6 ՖՐԱՆՍԻԱՑԻ:1 ՌՈՄԱՆՏԻԿ:1 ՈՐԸ:9 ՆԱՄԱԿ:1 ՆՐԱ:8 ԳԵՂԵՑԻԿ:2 ԲԱՐՁՐԱՇԽԱՐՀԻԿ:1 ՄՅՈՒՍ:4 ՊԱՏՃԱՌՈՎ:2 ՇԱՐՈՒՆԱԿ:2 ՄԱՏՆՎԵԼ:1 ԱՄԵՐԻԿՅԱՆ:1 ՏԱՂԱՆԴԱՎՈՐ:6 ՕՐՈՔ:1 ՇՈՒՐՋ:2 ԵՐԿՈՒ:2 ՀԱԶԱՐ:1 ՏՊԱԳՐՎԵԼ:1 ԸՆԴԱՄԵՆԸ:3 ՔԱՆԻՍԸ:1 ԱՅՍՏԵՂ:6 ԹԱՔՆՎԱԾ:1 ԱՅԼ:12 ՍՏԵՂԾԱԳՈՐԾՈՒՄ:3 ՀԱՆՁՆՈՒՄ:1 ՎԱԽ:1 ԼԻՈՎԻՆ:2 ՏՂԱՄԱՐԴ:1 ԿՐՔՈՏ:1 ՓԻԼԻՍՈՓԱՅԱԿԱՆ:3 ՄԻՄԻԱՅՆ:2 ՀԱՆՈՒՆ:1 ԸՆՏՐՈՒՄ:2 ՓԱԿՈՒՄ:1 ԱՍՏՎԱԾԱՅԻՆ:1 ԶԱՐՄԱՆԱԼԻ:2 ԻՍԿԱՊԵՍ:1 ԽՈՍՔԻ:2 ՕՐԻՆԱԿ:2 ՎԱՂԱՄԵՌԻԿ:2 ԱՇԽԱՐՀԻ:1 ԶԳԱՅԱԿԱՆ:9 ԱՌԱՆՑ:3 ԳԻՏԱԿՑԱԿԱՆ:1 ԱՀԱ:1 ՄԻԱՅՆԱԿ:1 ՍԱՌԸ:1 ԲԵՏՈՆԵ:1 ՏԱՐԲԵՐՈՒԹՅՈՒՆ:2 ԲԱՆԱՍՏԵՂԾԱԿԱՆ:5 ԹԵՄԱՏԻԿ:2 ՄԱՍԱՄԲ:1 ՍՏԵՂԾՈՒՄ:2 ԲԱՅՑ:10 ԿԱՆ:2 ՍՏԵՂԾՎԱԾ:2 ԼԵԶՈՒ:1 ՈՐՍԱԼ:1 ՊԱՏԿԵՐԵԼ:1 ԱՅՆՊԻՍԻ:1 ՈՐՈՆՔ:7 ՀԱՍՈՒ:2 ՏԵՂԻ:1 ՀԱԿԱԴՐՈՒԹՅՈՒՆ:1 ՎԵՐԼՈՒԾԱԿԱՆ:1 ՆՎԱԶ:1 ԻՐԵՆՑ:5 ԱՆՈՒՆԻՑ:3 ԱՄԲՈՂՋ:1 ԳԼՈՒԽ:1 ՆՎԻՐԵԼ:1 ԳՈՅՈՒԹՅՈՒՆ:1 ՄԱՐԴԿԱՅԻՆ:1 ՆՐԱՆՔ:1 ԱՆԸՆԴՀԱՏ:1 ԱՊՐՈՒՄ:1 ՇԱՏ:10 ԼՈՒՐՋ:1 ԸՆԴՈՒՆՈՒՄ:4 ՄԱՍԻՆ:11 ԼՌՈՒՄ:1 ՊԱՏՄՈՒՄ:1 ԲԱՆԵՐ:1 ՀՆՉՈՒՄ:1 ՈՒՂԻՂ:1 ՓՈԽԱԲԵՐԱԿԱՆ:1 ՉԱՓԱԶԱՆՑ:1 ՀԱՄԱՐՁԱԿ:1 ԵՐԲԵՄՆ:4 ԱՆԲԱՐՈՅԱԿԱՆ:1 ԲՆՈՐՈՇ:4 ԻՀԱՐԿԵ:7 ԱՐԴՅՈՒՆՔ:1 ՎԱԽԻ:1 ԺԱՄԱՆԱԿԻՆ:1 ԱՅՍՊԵՍ:2 ԳՐԵԹԵ:6 ՀԶՈՐ:1 ՄԱՐԻՆԱ:1 ԲԱՎԱԿԱՆ:9 ԿՈՇՏ:1 ՄԵՐԺՈՒՄ:1 ՍԱԼՈՆԱՅԻՆ:3 ՀՌՉԱԿՈՒՄ:1 ԵՆԹԱԳԻՏԱԿՑԱԿԱՆ:1 ԱՐՁԱՆԱԳՐՈՒՄ:1 ԳԱԼ:1 ՍԵՌԱՅԻՆ:3 ԶՈՒՐԿ:2 ԴԱՌԸ:1 ԽԱՌՆԱԿ:1 ՊԱՏՃԱՌ:2 ԶՈՒՏ:4 ԱՆՁՆԱԿԱՆ:1 ՍԻՐԱՅԻՆ:1 ՆՈՒՅՆՊԵՍ:3 ԿԵՆՍԱԿԱՆ:3 ԱՐՎԵՍՏ:1 ՄԻՇՏ:2 ԿԱՐՃ:1 ՏԵՍԱՆԵԼԻ:1 ԱՌԱՎԵԼՈՒԹՅՈՒՆ:1 ԹԵՐՈՒԹՅՈՒՆ:1 ԼՈՒԾՈՒՄ:1 ՎԵՐԱՑԱԿԱՆ:1 ՀԱՅԱՑՔ:1 ՊԱՀԱՆՋՈՒՄ:1 ՄՆԱՅՈՒՆ:2 ԷՈՒԹՅՈՒՆ:1 ՈՂՋ:1 ԵՐԵԽԱ:1 ՏԵՂ:1 ԻՆՏՈՒԻՏԻՎ:1 ՍՈՒՐ:1 ՆԵՂ:2 ՏԵՍԱՆԿՅՈՒՆ:1 ՄԵՐ:7 ՏԵՍՆԵԼ:1 ՏԱՆՈՂ:1 ՄԵՆՔ:2 ՀԵՌՈՒ:2 ԲԱՑ:1 ՀԱՅ:8 ԿԱԽՎԱԾ:1 ԵՂԵԼ:6 ԺԱՄԱՆԱԿ:1 ԵՎՐՈՊԱԿԱՆ:1 ԲԱՐՁՐԱՁԱՅՆՈՒՄ:1 ՕՐՀԱՍԱԿԱՆ:1 ԱՌՋԵՒ:1 ԱՐԵՒՄՏԱՀԱՅ:2 ԳԱՆ:1 ՀԱՍՈՒՆ:1 ԱՐՏԱՀԱՅՏՈՒԹՅՈՒՆ:2 ԲՆՈՒԹԱԳՐԻՉ:2 ՏԱՆ:1 ՍՈՒՐԲ:1 ԱՆՊԱՅՄԱՆ:1 ԱՅԴՈՒՀԱՆԴԵՐՁ:2 ՕԲՅԵԿՏԻՎ:1 ՍՏԵՂԾԵԼ:2 ԱՄԲՈՂՋԱԿԱՆ:1 ԳԵՐ:1 ՇԱՐՔ:2 ՀԱՋՈՂՎԱԾ:2 ՀԵՏԱԳԱ:1 ՆՈՐԱԳՈՒՅՆ:1 ՇՐՋԱՊԱՏՈՒՄ:1 ՔԱՆԻ:4 ԱՅԼՔ:1 ՎԱՀԱՆ:1 ԱՐԺԵՔՆԵՐ:1 ԾԱԳՈՂ:1 ՀԵՂԱՓՈԽԱԿԱՆ:1 ԱԿՆԱՌՈՒ:1 ԸՆԴԱՌԱՋ:1 ՈՐՏԵՂ:2 ԵՐԵՒՈՒՄ:2 ԹԵԵՒ:1 ԲԱՑԱՌԻԿ:1 ՄՈՏԻԿ:1 ՇՔԵՂ:1 ԱՄՐՈՑ:1 ՈՒՐ:1 ԳԵԹ:1 ԺԱՄ:1 ԿՅԱՆՔ:1 ԹԵՒ:1 ԱՌԱԾ:1 ԱԿԱՆ:2 ԱՂՄՈՒԿ:1 ՀԱՆԴԵՍ:2 ՄԱՔՈՒՐ:1 ՔՆԱՐԵՐԳՈՒ:1 ԱՎԱՆԴԱԿԱՆ:3 ԴԱՍԱԿԱՆ:1 ՄԱՆԿՈՒԹՅՈՒՆ:1 ՍԵՐ:1 ԿԱՐՈՏ:1 ՀԱՅՐԵՆԻՔ:1 ՊԵՍ:2 ԱԶԳԱՅԻՆ:1 ԲՆՈՐՈՇԵԼ:1 ՀԱՅՐԵՆԱՍԻՐԱԿԱՆ:1 ԳՈՒՑԵ:1 ՎԻՃԵԼԻ:1 ԱԿՆՀԱՅՏ:1 ՀԱՅՏՆԻ:1 ՔՆԱՐԱԿԱՆ:2 ԸՆԴՎԶՈՒՄ:1 ՊԱՅՔԱՐ:1 ՊԱՐՏԱԴՐՈՒՄ:1 ԽՈՀԱԿԱՆ:1 ԸՆԴՀԱՆՈՒՐ:2 ԱՂՄԿՈՏ:1 ԹՈՒՅԼ:2 ԽՈՍԵԼ:1 ՓԱԿ:2 ԴԵՌԵՒՍ:1 ՃՇՄԱՐԻՏ:2 ԽՈՍՔ:2 ԲԵՐՈՒՄ:1 ԳԱՂՏՆԻ:1 ԽՄԲԱԿԱՅԻՆ:1 ԶԱՐԳԱՑՆԵԼ:1 ԱՐԴԻ:2 ՄԱՐՏԱԿԱՆ:1 ԹՎՈՒՄ:1 ԵՐԻՏԱՍԱՐԴ:2 ՀՈՐԻՆՈՒՄ:1 ՍԿՍՈՒՄ:1 ՊԱՅՔԱՐԵԼ:1 ՀՈՐԻՆՎԱԾ:1 ԴԵՄ:2 ՀԱՏԿԱՆՇԱԿԱՆ:1 ՊԱՏԵՐԱԶՄ:1 ԿՏՐԱԾ:1 ԺԱՆՐԱՅԻՆ:1 ՈՐՈՇԵԼ:1 ՈՒՐԵՄՆ:1 ԻՆՁ:3 ՀԱՋՈՂՎԵԼ:1 ԱՄԵՆ:1 ԱՎԱՆԴՈՒՅԹ:1 ԱՆՀԱՍԿԱՆԱԼԻ:2 ԳՐԱՎԻՉ:1 ՍՅՈՒՐՌԵԱԼԻԶՄ:1 ՊԱՏՄԱԿԱՆՈՐԵՆ:1 ՄԻԱԿ:1 ԻՐԱԿԱՆ:1 ԱՆԿԵՂԾ:1 ՆԱՏՈՒՐԱԼԻՍՏԱԿԱՆ:1 ԲԱԶՄԱԶԱՆ:1 ԸՆԹԵՐՑԵԼ:1 ԲՆԱԳԻՐ:1 ԶՈՒԳԱՀԵՌ:1 ԴՐԱԿԱՆ:1 ԱՆԻՄԱՍՏ:1 ԲԱՆԱՍՏԵՂԾՈՒԹՅՈՒՆ:1 ԲԱՐՁՐԱՐԺԵՔ:1 ՓՈԽԱՐԻՆՈՒՄ:1 ՅՈՒՐԱՀԱՏՈՒԿ:3 ԽԱՌՆՈՒՐԴ:1 ԳՆՈՒՄ:2 ԱՆՄԵՂ:1 ՄԵՂԱՎՈՐ:1 ՈՒՇԱԳՐԱՎ:1 ՀԱՍՄԻԿ:1 ԱՐՄԻՆԵ:5 ՏԵՂԱՎՈՐԵԼ:1 ՆԵՐԿԱՅԱՆԱԼ:1 ԻՆՔՆԱՏԻՊ:2 ՔԵԶ:1 ՈՐՈՆՈՒՄ:1 ՏԵՐ:1 ՓՈՐՁ:1 ՔԱՂԱՔ:1 ՊԱՏ:1 ՀԱՇՎՈՒՄ:1 ՆՈՐԻՑ:2 ՓԱՍՏՈՒՄ:1 ՏԱՐԲԵՐ:3 ԻՆՉՈՒ:3 ԿԱՐԴԱՆ:1 ՈՐՈՎՀԵՏԵՒ:2 ՓՈՔՐ:1 ՎԿԱՅՈՒՄ:1 ՀԵՏԱՔՐՔԻՐ:2 ԿԱՐԵՒՈՐ:1 ԿԱԶՄՈՒՄ:1 ՍԵՌ:1 ՏԱՐԻՔ:1 ՃԱՆԱՉՈՒՄ:1 ԲԱԶՄԱԹԻՎ:1 ՄԵԶ:2 ՍՏԻՊՈՒՄ:1 ՏԱՐԲԵՐԱԿՈՒՄ:1 ՄՏՑՆԵԼ:1 ԵՐԵՒՈՒՅԹ:1 ՔՆՆԵԼ:1 ԳՐԱԿԱՆԱԳԻՏԱԿԱՆ:2 ԳՏՆՈՒՄ:1 ԳԼԽԱՎՈՐ:1 ԲՈՒՆ:1 ԻՆՔԸ:1 ՉԻՆԱԿԱՆ:1 ՍԱՀՄԱՆԱՅԻՆ:1 ՔԱՂԱՔԱԿԱՆՈՒԹՅՈՒՆ:1 ԿՐՈՆ:1 ՌՈՄԱՆՏԻԶՄ:1 ԿԱՐԾԻՔ:1 ՀԻԱՆԱԼԻ:1 ՀՈԴՎԱԾ:3 ԽԻՍՏ:1 ՀԱՆՐԱՄԱՏՉԵԼԻ:1 ՋԱՆ:1 ՃԻՇՏ:1 ՇՆՈՐՀԱԿԱԼ:1 ՈՒՐԱԽ:1 ՆՈՐՄԱԼ:1 ՀԻՎԱՆԴԱԳԻՆ:1 ԱՅԴՊԵՍ:2 ԳՐԱԳԵՏ:5 ԿԱՐԵՒՈՐՈՒՄ:1 ՅՈՒՐԱՏԻՊ:1 ԽՈՐՀՐԴԱՎՈՐ:1 ԱՆԴՐԱԴԱՌՆԱԼ:2 ՎԵՐԼՈՒԾԵԼ:2 ԱՐՏԱՍԱՀՄԱՆՅԱՆ:1 ՄԱՆԱՎԱՆԴ:1 ԺԱՄԱՆԱԿԱՅԻՆ:2 ՏԱՐԱԾԱԿԱՆ:1 ԴՆԵԼ:1 ՆՊԱՏԱԿ:1 ՆԵՐԿԱՅԱՑՆԵԼ:1 ՃՇԳՐԻՏ:2 ԽՆԴԻՐ:1 ՀԱՍԿԱՆԱԼ:1 ՆԿԱՏԻ:2 ՀՈՒՆԱԿԱՆ:1 ՏԱՍԸ:1 ՀԱՄԱՊԱՏԱՍԽԱՆ:1 ԲՆԱԲԱՆ:2 ՊՈԵՏԻԿ:1 ԱՆԳՐԱԳԵՏ:2 ՓՈԽԱՐԵՆ:1 ԱՆՀՐԱԺԵՇՏ:1 ՔՆՆԱՐԿՈՒՄ:1 ԾԱՎԱԼԵԼ:1 ԿԱՐ:2 ՑԱՆԿՈՒԹՅՈՒՆ:2 ՁԵՐ:1 ՀԱՎԱՆԵԼ:1 ԻՆՉՈ:2 ԴՈՒՔ:2 ԱՐՁԱԳԱՆՔԵԼ:1 ՕԳՏԱԳՈՐԾՈՒՄ:1 ԶԳՈՒՅՇ:1 ՈՐՊԵՍԶԻ:1 ՎԵՐԱԲԵՐՈՒՄ:1 ԱՍԵՄ:1 ՄՈՒՍԱ:1 ՕԳՏԱԳՈՐԾԵԼ:1 ՀԱՐՑ:1 ՆՇԵԼ:2 ՆՇԱՆԱՎՈՐ:1 ՄԻՋՆԱԴԱՐՅԱՆ:1 ԹՈՂՆԵԼ:1 ՄԵԿՆԱԲԱՆՈՒԹՅՈՒՆ:1 ԱՆՈՒՆ:1 ՓՈՍՏ:1 ԿԱՅՔ:2 ՀԱՄԱՅՆՔ:2 ՀՐԱՏԱՐԱԿՉՈՒԹՅՈՒՆ:1 ԳՐԱԽԱՆՈՒԹ:1 ԱՐԽԻՎ:1 ԹՎԱՅԻՆ:1 ԳՐԱԴԱՐԱՆ:1 ԿԱՊ:2 ԽՄԲԱԳՐԱԿԱՆ:1 ԳՈՎԱԶԴ:1 ԱՋԱԿՑԵԼ:2 ԳՈՐԾՈՒՄ:1 ՀԵՂԻՆԱԿԱՅԻՆ:2 ՈՒՄ:1 ՊԱՐՏԱԴԻՐ:1 ՏԱԼ:1 ԱԿՏԻՎ:1 ՀՂՈՒՄ:1 ՓՆՏՐԵԼ:1 ՀԵՂԻՆԱԿ:1 ՏԵՔՍՏ:1
https://granish.org/about-anahi/	ՄԱՍԻՆ:17 ԳՐԱՆԻՇ:6 ԺԱՄԱՆԱԿԱԿԻՑ:1 ԳՐԱԿԱՆՈՒԹՅՈՒՆ:3 ՎԵՐՋԵՐՍ:1 ՊԱՏՄՎԱԾՔ:1 ՊՈԵԶԻԱ:6 ԷՍՍԵ:1 ԳՐԱԽՈՍԱԿԱՆ:1 ՄՐՑԱՆԱԿ:2 ՖՈՏՈՆ:3 ՀԱՆՈՒՄ:2 ՔԻՉ:3 ՇԱՏ:8 ԻՆՉ:31 ԵՐԿՈՒ:8 ԳԻՐՔ:4 ԳՐՈՂԱԿԱՆ:2 ՁԻՐՔ:2 ՀԻՄԱ:17 ԵՐԵՒԻ:10 ՆՍՏԱԾ:3 ՋԱՀԵԼ:2 ԼԱՎ:4 ԳՐՈՒՄ:4 ԴԵԿՏԵՄԲԵՐ:1 ՐՈՊԵ:3 ԱՆՎԵՐՋԱՆԱԼԻ:1 ՊՈԵՄ:2 ՄԱՍ:15 ԱՌԱՋԻՆ:3 ԻՍԿ:5 ԵՐՋԱՆԻԿ:4 ԻՆՁ:37 ՀԱՄԱՐ:15 ԱՐԴԵՆ:12 ԱՂՋԻԿ:1 ՍԻՐՈՒՆ:4 ԽԵԼԱՑԻ:3 ԸՆԿԵՐ:3 ՈՆՑ:3 ՆՈՒՅՆ:2 ԿԱՆԱՉ:6 ԵՐԵՒԱՆ:5 ԲԱՆ:8 ՊԻՏԻ:5 ՓԱԿ:6 ՎԵՀ:1 ՀԱՅՐԵՆԻՔ:9 ԵՐԲ:9 ՔԵԶ:24 ԷԼԻ:12 ՀԱՃԵԼԻ:1 ՀԱՅԵՐԵՆ:3 ԳՆՈՒՄ:6 ՀԱՋՈՂ:1 ԴԵՌ:10 ԱՅՈ:1 ԴՈՒ:25 ԿԱՐԻՔ:1 ՌՈՒՍ:1 ԳՈՒՑԵ:2 ՉԵՄ:20 ԿԾՈՒ:1 ՕՊԵՐԱ:1 ՓՈՂՈՑ:1 ՊՈԼԻՏԵԽՆԻԿ:1 ՀՐԱՊԱՐԱԿ:1 ՍՊԻՏԱԿ:2 ԱՇԽՈՒՅԺ:1 ԱՌԱՆՑ:4 ԵՐԿՐՈՐԴ:1 ԲԱՐՁՐ:3 ԼԵԶՈՒ:1 ՁՐԻ:1 ԴՈՒՐՍ:5 ՑՈՒՐՏ:1 ԻՐԱՐ:2 ՈՐՈՎՀԵՏԵՒ:1 ՍՈՎՈՐԱԲԱՐ:1 ՈՒՏՈՒՄ:1 ԱՀԱԳԻՆ:1 ՎԱՏ:1 ԲԱՆԵՐ:6 ՍՈՎՈՐԵԼ:2 ԱՌԱՏԱՁԵՌՆ:1 ԲԱՑ:4 ԿՈՊԵԿ:2 ՀԱՇՎՈՒՄ:1 ՈՐՈՇՈՒՄ:1 ՄԵԿ:4 ԲԵՐՈՒՄ:2 ԼՎԱՑՔ:1 ՓՌՈՒՄ:1 ՃԱՇ:1 ԵՓՈՒՄ:1 ՖՈՏՈ:2 ԿԻՆՈ:1 ԿԱՊ:5 ՉՈՒՆԻ:2 ԵՐԳՈՒՄ:2 ՀՈՂԵՂԵՆ:1 ԳԱՂԱՓԱՐԱԿԱՆ:1 ՍՏՈՊ:3 ՎԱՅՐԿՅԱՆ:2 ԵՐՐՈՐԴ:2 ԱՄԲՈՂՋ:3 ՕՐԸ:2 ՀԻՄԱՐ:2 ՄՏԱԾՈՒՄ:3 ԻՆՉԻ:15 ՀԱՆԿԱՐԾ:5 ԱՊՐԵԼ:3 ԱՄԵՆ:15 ՊԱՏՐԱՍՏ:1 ԳՆԱԼ:3 ՏԱՐՕՐԻՆԱԿ:1 ԲԱՅՑ:25 ՉՈՐ:1 ՀԵՆՑ:4 ՓՈԽԱՐԵՆ:2 ԱՎԵԼԻ:3 ԿՈՒՉ:1 ՄԻԵՒՆՈՒՅՆ:3 ԱՅՍ:1 ԱՆԳԱՄ:8 ՎՃԱՐԵԼ:1 ՀԵՏԱՔՐՔԻՐ:1 ԶՈԼԱՎՈՐ:1 ՄԱՆ:3 ԻՆՉՊԵՍ:13 ՎԵՑ:1 ԱՄԻՍ:1 ԶԳԱՑՈՂՈՒԹՅՈՒՆ:1 ԱՄԵՆՈՒՐ:1 ՓՆՏՐՈՒՄ:1 ՄԱՔՈՒՐ:4 ՁԱՆՁՐԱԼԻ:1 ԱՅԴՊԵՍ:3 ԱՆՏԱՐԲԵՐ:1 ԱՅՆՔԱՆ:7 ՏԱՏԻԿ:1 ՄԱԶԱՊՈՒՐԾ:1 ԵՂԱԾ:3 ՀԱՍԱԾ:1 ԲԱԶՄԻՑՍ:2 ՄԵՋ:16 ԿԱՄ:11 ՈՂՋ:2 ՄԵՌԱԾ:1 ԷԻՐ:2 ԱՆՈՒՄ:4 ՈՒՄ:5 ՀՐԱԺԵՇՏ:1 ԸՆԴԱՄԵՆԸ:1 ԱՂԻ:1 ՄՆԱԼ:1 ԺՊՏԱԼ:2 ԼԻՆԵԼ:2 ԳԵՂԵՑԻԿ:2 ՈՒԶԵԼ:2 ԱՅՆ:4 ՈՒՂՂԱԿԻ:1 ԱՆԵԼ:2 ՀԱՆՈՒՆ:1 ՍԻՐԵԼ:4 ԿԱՐԵԼ:1 ԶԳԵՍՏ:1 ԵՌԱՆԴՈՒՆ:1 ՏԱՐԵԿԱՆ:1 ՎԱՂԸ:1 ՈՐԻ:2 ԱՅԴՔԱՆ:1 ՀԵՏ:15 ԵԹԵ:3 ՄԻԱՅՆ:12 ՔԱՆԻ:8 ԱՎԵԼ:1 ԿԻԼՈԳՐԱՄ:1 ՔԱՐՇ:6 ԲԱՐՈՎ:5 ԱՇԽԱՏՈՒՄ:1 ԱՅՍԻՆՔՆ:1 ՀԵՏՈ:17 ՄԻՇՏ:6 ԶԳԱՑՈՒՄ:1 ԻՆՔՍ:3 ԴԺԳՈՀ:1 ՄՈՏ:8 ՀՈԳԵՒՈՐ:1 ՊԵՍ:8 ԱՐԱԳ:6 ԹԵԹԵՒ:1 ՍՐԸՆԹԱՑ:1 ՊԱՏՄԻՉ:1 ՏԱՍԸ:1 ՆԵՐՍ:2 ԲԵՆ:1 ԱՎԱԳ:1 ՎԱԶԵԼ:1 ՈՉԻՆՉ:1 ԸՆՏԱՆԵԿԱՆ:1 ԹԱՓՈՒՄ:2 ԼԻՔԸ:3 ՄԵՋՔ:1 ԼՈՒՍԱՆԿԱՐԻՉ:2 ՄԻՆՉ:12 ԱՍԵԼ:6 ՊՈԵՏ:2 ԴԱՍԱՏՈՒ:1 ՊԱՊԱ:2 ՊԱՏՄՈՒՄ:4 ՊԻՆԴ:1 ԵՐԲԵՄՆ:3 ԲԱԺԱԿ:1 ՇՐՋՈՒՄ:1 ԼՈՒՍԱՆԿԱՐ:1 ԻՐԱԿԱՆ:2 ՀԻՇՈՒՄ:2 ՇԻԱ:1 ՈՐՏԵՂ:2 ՈՒՐ:4 ՄԵՐ:6 ՀԱՐԲԱԾ:2 ԿԱՐՈՏԵԼ:2 ԿԱՐՈՂ:7 ՄՈՄ:1 ԴԵՂԻՆ:3 ԿԱՆ:3 ՍԻՐՈՒՄ:7 ՉՈՐՐՈՐԴ:1 ՓՈՐՁՈՒՄ:6 ԱՆՀՈՒՅՍ:1 ԹԱՔՈՒՆ:1 ԱՆՊԱՅՄԱՆ:1 ՍԿՅՈՒՌ:1 ԲԱՐԵՒ:2 ՇՈՒՏՈՎ:1 ՀԱԳԵԼ:1 ՀԵՐԹԱԿԱՆ:5 ԺԱՄ:2 ԵՂԵԼ:3 ՏԵՂ:4 ԱՌԱՋ:2 ՓՈՐՁԵԼ:1 ՀՐԱԺԱՐՎԵԼ:1 ՀԱՄՈՎ:1 ՀԱՅԿԱԿԱՆ:3 ՀԱԶԻՎ:5 ԴՈՒՐ:1 ԲԱԶՈՒՄ:2 ՁԵՌՔ:1 ՊԱՏՄԵԼ:1 ՆՎԵՐ:1 ՊԱՅԾԱՌ:3 ԵՐԵՔ:1 ՀԱՏԻԿ:1 ՄԵԿՆ:1 ԳՐԵԼ:1 ԿՏՐԱՏՈՒՄ:1 ԺԱՄԱՆԱԿ:10 ՇԱՐՈՒՄ:1 ՈՍԿԵԳՈՒՅՆ:1 ՓՈՔՐԻԿ:1 ՏԵՍՔ:2 ՈՐԸ:1 ԱՅԴ:12 ՀԱՍԿԱՆԱԼ:2 ԱՅՍՊԵՍ:2 ԱՆԳՆԱՀԱՏԵԼԻ:1 ՀԱՍԱՐԱԿ:1 ԱՊՐՈՒՄ:1 ԳԻՏԻ:1 ՏԱՏԻ:1 ԱՀԱ:1 ԾԱՆՈԹՈՒԹՅՈՒՆ:1 ԿԱՐԻԵՐԱ:1 ՔՆԵԼ:4 ՍՐԱ:1 ՆՐԱ:2 ՏՊՎԵԼ:1 ԱՅՍՏԵՂ:2 ԱՅՆՏԵՂ:1 ՏՊՈՒՄ:1 ՊԱՐԶ:2 ՀԻՆԳԵՐՈՐԴ:1 ՀԱՅՐԵՆԻ:1 ՆՈՐ:2 ԱՆՑԱԾ:1 ԱՍԻ:3 ՓՈՔՐ:2 ՆՈՐԱՍՏԵՂԾ:1 ՆԱԽՆԱԿԱՆ:1 ՏԱՆ:1 ՄԻՆՉԵՒ:2 ԳՐԱՍԵՆՅԱԿ:1 ՏԵՍԱԿՑԵԼ:1 ՊԵՏՔ:1 ԻՐԵՆՑ:2 ՊՐՈՍՊԵԿՏ:1 ՆՍՏԱՎԱՅՐ:1 ԴԱՇՏ:1 ԵԿԱԾ:1 ԾՆՈՒՆԴ:1 ԼՈՒՌ:2 ՀՆԱԶԱՆԴ:1 ՏԱՆԵԼ:1 ԲՈԼՈՐ:5 ՋԱՆ:3 ՀԱՍՑԵ:1 ԿԻՐԹ:1 ԱՇԽԱՏՈՂ:1 ԳԱԶԵԼ:1 ՓԱԿԵԼ:1 ՆՄԱՆ:2 ԽԵՂՃ:2 ԵՐԿԱՐ:3 ՀՐԱՊԱՐԱԿՈՒՄ:1 ԻԲՐ:1 ԸՆԴԴԻՄԱԴԻՐ:1 ԵՐԱՆԻ:1 ՉՆԱՅԱԾ:1 ԱԶԳ:1 ԳՈՆԵ:1 ԱՎԱԶ:1 ԾՈՎ:1 ՎԵՑԵՐՈՐԴ:1 ՎԵՐՋԱՊԵՍ:3 ԵԿԱ:5 ՄԱՄԱ:1 ՔՈՒՅՐ:1 ԵՂԲԱՅՐ:1 ԲԱՐԵԿԱՄ:2 ԱՍՏԻՃԱՆ:1 ՊՐՈՖԵՍԻՈՆԱԼ:1 ԱՆՀԱՄ:1 ՏԱԿՈՎ:1 ՎԱՐՈՐԴ:1 ԻՆՔՆ:2 ԿՌԻՎ:2 ՄԵՆՔ:9 ՀԵՌՈՒ:1 ՄԱՐԴ:1 ՎԵՐ:1 ՈՒՐԻՇ:2 ԱՅՍՔԱՆ:2 ԱՍՖԱԼՏ:1 ՆՐԱՆ:1 ԻԶՈՒՐ:3 ՎԵՐՋԻՆ:2 ԳՈՂՏՐԻԿ:1 ՅՈԹԵՐՈՐԴ:1 ՏԱՂ:1 ԱՆՁՆԱԿԱՆ:1 ՄԵՆԱԿ:4 ԳԼԽՈՎ:2 ՎԵՐՄԱԿ:2 ԲԱՐՁ:2 ՏԱԿ:2 ՍԵՒ:2 ՀԱՍՏԱՏ:1 ՀԱՐՈՒՍՏ:1 ՄԵԿԸ:1 ՈՒՇ:2 ԳԻՇԵՐԱՅԻՆ:1 ՓՈՂՈՑԱՅԻՆ:1 ԱՆՏԵՐ:4 ԱՆՈՒՇ:2 ԱՂՄՈՒԿ:1 ԼՍԵԼԻ:2 ՄՈՒԹ:3 ՎԱՂՈՒՑ:2 ՄԵՂՄ:1 ԼՈՒՅՍ:1 ՀԱՏՎԱԾ:1 ԳԵՐ:1 ԼՅԱ:6 ՍՈՎԱԾ:1 ԳՈՒՆԱՏ:1 ԻՆՆԵՐՈՐԴ:1 ԱՌԱՎՈՏՅԱՆ:1 ՊԱՂՊԱՂԱԿ:1 ԳԱՐԵՋՈՒՐ:2 ԼՈՒՍԱՆԿԱՐՉԱԿԱՆ:1 ՓՈՇՈՒ:2 ԿՈՐԱԾ:1 ԸՆԿԱԾ:1 ԶԱՆԳԵՐ:2 ԱՄՊԵՐ:1 ԱՐԵՒ:1 ԿԱՐՃ:1 ՄԻԶԵԼ:1 ԿԱՐԵԼԻ:1 ԽԱԲԵԼ:1 ԳԱՄ:1 ՏԱՍՆԵՐՈՐԴ:1 ՇՈԿՈԼԱԴ:1 ԱՇՆԱՆԱՅԻՆ:1 ՏԵՐԵՒ:1 ՊՈԼԻ:1 ՇՈՐ:1 ԿԱՆԳՆՈՒՄ:1 ՄԵԿԻՆ:2 ԵՌԱՀԱՐԿ:1 ՏԵՂԱՅԻՆ:1 ԱՄՈԹ:1 ՄԵՌՆՈՒՄ:2 ԿԱՐՈՏՈՒՄ:1 ԱՆՄՆԱՑՈՐԴ:2 ՄՅՈՒՍ:1 ՇՈՒՌ:1 ՁՈՒԿ:1 ԿՈՒՄ:1 ՋՐԻ:1 ԿՈՒՐՈՐԵՆ:1 ՍԵՔՍՈՒԱԼ:1 ԶՈՒԳԱՐԱՆ:1 ՀՈՐԻՆՎԱԾ:1 ՈՐԵՒԷ:1 ԿՐՈՒՄ:1 ՈՒՐԵՄՆ:1 ԱՆԻՐԱԿԱՆ:1 ԶԱՌԱՆՑԱՆՔ:1 ԼՍԵԼ:1 ՄԵՂԱԴՐԵԼ:1 ԶՐՊԱՐՏԵԼ:1 ՇԱՐՈՒՆԱԿ:1 ԻՆՉՔԱՆ:2 ԹՇՎԱՌ:1 ՄԱՅՐԱԿԱՆ:1 ՍՏՈՐ:1 ԼԵՐԿ:1 ՎՐԱ:2 ՀՊԱՐՏ:1 ՍՈՒՐ:1 ՏՁԵՒ:1 ԱՊՈՒՇ:1 ՄՈԴԱՅԻԿ:1 ՃԻՇՏ:1 ԱՆՄԵՂ:1 ՈՏԱՆԱՎՈՐ:1 ԳՐԱԿԱՆ:4 ԳՈՐԾ:1 ՄԵՂԱՎՈՐ:1 ՄԻԱՅՆԱԿ:1 ԱՆԶՈՐ:1 ՀԱՋՈՐԴ:1 ՄՆԱՍ:3 ՑՏԵՍՈՒԹՅՈՒՆ:1 ԾԱՆՐ:2 ՋԻՆՍ:1 ԲԼՈՒԶ:1 ՄԱՆՐ:1 ՀՈՐՍ:1 ԱՆՁՐԵՒԱՅԻՆ:1 ՊՈԵՏԻԿ:1 ՊՈՒ:1 ԳՆԱՑՔ:6 ՄԱՆՈՒԿ:1 ՏԱՐԻ:1 ՊԱՀԱԾ:1 ԿԱՐՄԻՐ:2 ԽԱՌՆՈՒՄ:1 ԴԱՍԱՎՈՐՈՒՄ:1 ԿԵՐՊ:2 ՆՐԱՆՔ:1 ՔՆՆԱՐԿՈՒՄ:1 ԲՈԼՈՐՈՎԻՆ:3 ԳՐԵԹԵ:1 ԱՄԲՈՂՋՈՎԻՆ:2 ԾԵԾ:1 ՇԱՆ:1 ՖԼՈՐԻՆ:1 ԽԱՂԱՂ:1 ԱԶԱՏ:1 ՀՍԿԱ:1 ՏԵՍՆԵԼ:2 ՀԱՄՏԵՍԵԼ:1 ԸՆԹԵՐՑՈՒՄ:1 ԱՅԼԵՒՍ:3 ՔԱՆ:2 ԸՆԴՈՒՆԵԼ:1 ԲՈՒԼՂԱՐԱԿԱՆ:2 ԳՈՒՄԱՐ:1 ՓՈԽԵԼ:1 ՀԱՐԵՒԱՆ:1 ԹԵՐԵՒՍ:1 ՏԵՂԸ:1 ՏԵՂԻՆ:1 ԿԱՐԴՈՒՄ:1 ՓԱՍՏՈՐԵՆ:3 ԿՈՒՅՐ:2 ԲԱՑԱԿԱ:1 ԹԱՐԳՄԱՆԵԼ:1 ԳՈՐՇ:1 ՄԱՆՈՒՇԱԿԱԳՈՒՅՆ:1 ԳՈՒՅՆ:1 ԲԱՑԻ:2 ՍԻՐՈՎ:1 ՀԱԶԱՐ:1 ԻՆԸ:1 ՀԱՐՅՈՒՐ:1 ԵՐԵԽԱ:1 ԽԻՍՏ:1 ԱԶԴԵՑԻԿ:1 ՁԱՅՆՈՎ:2 ԱՐԻ:3 ԻՆՔԸ:1 ՆՍՏՈՒՄ:2 ՍՈՎԵՏ:1 ԳԻՇԵՐ:2 ՆԱԽԱՊԵՍ:1 ԱՌԱՆ:1 ՀԱՅ:9 ԹՈՒՐՔԱԿԱՆ:1 ՍԱՀՄԱՆ:1 ԽԵՂԿԱՏԱԿ:1 ԳՏՆՈՒՄ:1 ՄՆԱՄ:2 ՍՊԱՍՈՒՄ:2 ԳՈՅՈՒԹՅՈՒՆ:2 ՏԵՂԱՎՈՐԵԼ:1 ԻՆՔՆՈՒՐՈՒՅՆ:1 ՁԵՌՔՈՎ:1 ՃԱՄՊՐՈՒԿ:1 ՊԱՅՈՒՍԱԿ:1 ՄՆԱՑԱԾ:1 ԿԱՆԳ:1 ԱՆԾԱՆՈԹ:1 ԻՄԱՆԱԼ:2 ՍՈՒՏ:2 ՄԻՀԱՐԿԱՆԻ:1 ԽԱՌԸ:2 ԱՆՍՊԱՍԵԼԻ:1 ՀԱՆԵԼՈՒԿԱՅԻՆ:1 ՄՏԱՑԱԾԻՆ:1 ՆԵՂՈՒՑ:1 ՆԱՎ:1 ԳԻՆԻ:1 ՀՐԱՊՈՒՐՎԵԼ:1 ՎԵՐՋ:1 ՆԵՂ:1 ՉԱՅ:1 ԾՊՏՎԱԾ:1 ՔՐԻՍՏՈՆՅԱ:2 ԵԿԵՂԵՑԻ:1 ՊԱՏԱՐԱԳ:1 ՔԱՂԱՔ:1 ՔՈՒՅՐԻԿ:1 ՏԱՐ:1 ԲԱՐԻ:1 ԵՐԿԻՐ:1 ԱՆՄԱՐ:1 ՏԱՏԱ:1 ԿՈՎ:1 ՍՈՎՈՐԱԿԱՆ:1 ՍԱԿԱՅՆ:1 ՄԵԾ:1 ԴԺԲԱԽՏ:1 ԶՈՀ:2 ՎԻՐԱՎՈՐ:1 ԱՆՀԱՅՏ:1 ՂԱՐԱԲԱՂՅԱՆ:1 ԱԶԱՏԱԳՐԱԿԱՆ:1 ՍԿՍՈՒՄ:1 ՀԻԱՆԱԼ:1 ՀՈՏՈՎ:1 ՏԱՐԵՑ:1 ՄԱՐԴԻԿ:1 ՕՐԻՆԱԿ:1 ԿԱԶԻՆՈ:1 ԿԱՐՈՒՍԵԼ:1 ՀԻՎԱՆԴԱՆՈՑ:1 ԱՐԴԻ:1 ՆԱԵՒ:1 ՈՐՈՆՔ:2 ԹՈՂՆԵԼ:1 ՄԵԿՆԱԲԱՆՈՒԹՅՈՒՆ:1 ԱՆՈՒՆ:1 ՓՈՍՏ:1 ԿԱՅՔ:2 ՀԱՄԱՅՆՔ:2 ՀՐԱՏԱՐԱԿՉՈՒԹՅՈՒՆ:1 ՀԱՆԴԵՍ:1 ԳՐԱԽԱՆՈՒԹ:1 ԱՐԽԻՎ:1 ԹՎԱՅԻՆ:1 ԳՐԱԴԱՐԱՆ:1 ՄԵԶ:1 ԽՄԲԱԳՐԱԿԱՆ:1 ԳՈՎԱԶԴ:1 ԸՆԴՈՒՆՈՒՄ:1 ԱՋԱԿՑԵԼ:2 ԳՈՐԾՈՒՄ:1 ՀԵՂԻՆԱԿԱՅԻՆ:2 ՊԱՐՏԱԴԻՐ:1 ՆՇԵԼ:1 ՏԱԼ:1 ԱԿՏԻՎ:1 ՀՂՈՒՄ:1 ՓՆՏՐԵԼ:1 ՀԵՂԻՆԱԿ:1 ՏԵՔՍՏ:1
https://granish.org/autobiographical/	ԿԱՐԵՆ:6 ԿՅԱՆՔ:2 ԳՐԱՆԻՇ:6 ԺԱՄԱՆԱԿԱԿԻՑ:1 ԳՐԱԿԱՆՈՒԹՅՈՒՆ:2 ՎԵՐՋԵՐՍ:2 ՊԱՏՄՎԱԾՔ:2 ՊՈԵԶԻԱ:1 ԷՍՍԵ:7 ԳՐԱԽՈՍԱԿԱՆ:1 ՄՐՑԱՆԱԿ:2 ԾՆՎԵԼ:5 ԱՅՆՏԵՂ:8 ՈՒՐ:8 ԿՈՂՄ:4 ԴԱԴԱՐԵԼ:3 ՀԱՍԱՐԱԿ:2 ՀԵՏ:7 ՇՐՋՈՒՄ:2 ՍԵՒԱԶԳԵՍՏ:2 ԴԱՏՈՒՄ:2 ՎԵՐԱԿԱՆԳՆՈՒՄ:2 ՏԻԵԶԵՐԱԿԱՆ:2 ԻՐԵՆՑ:4 ԴԵԿՏԵՄԲԵՐ:1 ՐՈՊԵ:1 ԼԱՎԱՏԵՍԱԿԱՆ:1 ԹՇՎԱՌ:1 ՄԻՆՉ:1 ԿԵՆՏՐՈՆԱԿԱՆ:1 ՓՈՂՈՑ:1 ԿԱՄ:6 ԳՈՂՏՐԻԿ:1 ԱՆԿՅՈՒՆ:1 ՓԱՌԱՀԵՂ:1 ՀԻՇԱՏԱԿ:1 ՄԽԻԹԱՐՈՒԹՅՈՒՆ:1 ԵՐԲԵՒԷ:2 ԽՄՈՒՄ:1 ՆՈՒՅՆ:3 ԱՅԴՔԱՆ:1 ՄՈՏ:3 ԿԱՐԵԼԻ:2 ԽԵԼԱԳԱՐՎԵԼ:1 ՀԱՄԱՐ:12 ԴԵՌԵՒՍ:1 ՄԱՐԴ:1 ՍՊԱՆՈՒՄ:1 ՀԱՄԵՄԱՏ:1 ԳՈՐԾԱԶՈՒՐԿ:1 ՀԱՑԻ:1 ԱՌԱՋԻՆ:3 ՄԱՐԴԻԿ:2 ՈՒՄ:3 ԱՅԴ:7 ԱՊՐՈՒՄ:2 ՀՈՏ:1 ՀԵՐԹ:1 ԱՌԱՋ:2 ԾԱՆՈԹ:1 ՏՈՒՆ:2 ՍԱՀՆԱԿ:1 ՎԱՌԱՐԱՆ:1 ԼԱՄՊ:1 ՄԻՇՏ:4 ՀԻՇՈՒՄ:2 ՓՈՔՐԻԿ:1 ՔԱՆԴԵԼ:1 ՏՆԱՅԻՆ:2 ՎՏԱՆԳԱՎՈՐ:1 ՓՈՐՁ:1 ՃԵՂՔՈՒՄ:1 ԲԱՅՑ:4 ՄՈՐՍ:2 ՀՈՒՍԱՀԱՏ:1 ՄԵՏՐ:1 ԴԵՊԻ:1 ԼԱՅՆ:1 ՀԱՐԲԱԾ:1 ՀԵՏՈ:6 ՄԻՆՉԵՒ:3 ՀԻՄԱ:5 ԱՇԽԱՐՀԱՀՌՉԱԿ:1 ԿԻՆՈՌԵԺԻՍՈՐ:1 ԵՐԱԶԱՆՔ:1 ԳԱՎԱՌԱԿԱՆ:1 ՊԱՅԹՈՒՑԻԿ:1 ՆՈՐ:1 ԱՆՄՈՌԱՆԱԼԻ:1 ԳԱՂՏՆԻ:1 ՀԱՎԵՐԺԱԿԱՆ:1 ԱՅՍ:3 ԱՄԲՈՂՋ:1 ՈՒՆԻՎԵՐՍԱԼ:1 ԻՆՉՊԵՍ:9 ԳՐԵԼ:2 ՇԱՏ:5 ԱՇՈՒՆ:1 ԱՆՁՐԵՒ:1 ԿԱՊՏԱԿԱՆԱՉ:1 ԱՂՋԻԿ:1 ՄԵՐ:4 ԿԱՐ:4 ԻՍԿ:6 ԱՎԵԼԻ:3 ՔԱՆ:1 ՏԱՐԻ:2 ՊԵՏՔ:1 ԻՆՉ:8 ԳՐՈՒՄ:4 ՊԱՏՄԱԿԱՆ:1 ԻՆՁ:11 ՅՈԹ:2 ՍԱՐ:1 ԾՈՎ:1 ԴԵՌ:2 ՉԵՄ:3 ԱՆՑԵԼ:1 ՄԱՍԻՆ:3 ԵՐԲ:4 ԳՆԱԼ:1 ՏԵՂԻ:1 ԺԱՄԱՆԱԿ:3 ԿԻՐԱԿՆՕՐՅԱ:1 ՈՐՈՎՀԵՏԵՒ:1 ՆՐԱՆՔ:2 ԱՆՋԱՏՈՒՄ:1 ՄԵԾ:3 ՀԻԱՍԹԱՓՈՒԹՅՈՒՆ:1 ՄԵԶ:2 ԱՅԴՊԵՍ:4 ՃԻՇՏ:3 ԲԱՑ:2 ԲՆԱԾԻՆ:1 ՄԻԱՅՆ:2 ՀԱՍՏԱՏՈՒՆ:1 ՀԱՄՈԶՎԱԾ:1 ՍՈՍ:1 ԸՆԴՀԱՆՈՒՐ:1 ՍԿԶԲՈՒՆՔՈՐԵՆ:1 ԿԱՐԴՈՒՄ:1 ԶՈՒՏ:1 ՍՐԱ:1 ՆՍՏԱԾ:1 ՎՐԱ:1 ԵՂԱՆ:1 ՀԵՂԱՓՈԽԱԿԱՆ:1 ՎԱՌՈՒՄ:1 ՊԱՅՔԱՐՈՒՄ:1 ԲՈՒՀԱԿԱՆ:1 ԴԵՄ:1 ԳԵՆԴԵՐԱՅԻՆ:1 ԽՄԲԱԿ:1 ԱՅՑԵԼՈՒՄ:1 ԹՈՒՐՔԱԿԱՆ:1 ԲԱԺԱՆՈՒՄ:1 ՎԱՐԻՉ:1 ՔԻՉ:2 ԱՅՆՈՒԱՄԵՆԱՅՆԻՎ:1 ՓՈՂ:1 ՏԱՐԱՆ:1 ԲԱՆԱԿ:1 ԱՄԵՆ:2 ԲԱՆԱԿԻՑ:1 ԽՐՈՆԻԿ:1 ՀԱՆԴԵՊ:1 ՍԱՌԸ:1 ՊԱՊ:1 ՊԱՊԱ:1 ԿԵՆՍԱԲԱՆԱԿԱՆ:1 ՀԵՇՏ:1 ՀԱՆԿԱՐԾ:1 ԸՆՏԱՆԵԿԱՆ:1 ԱՅՆՔԱՆ:1 ԵՐԻՏԱՍԱՐԴ:2 ՄԵՋ:3 ՆՈՒՅՆՊԵՍ:2 ՄԱՐ:2 ԱՆԱՊԱՏԱՅԻՆ:1 ԺԱՄԱՆԱԿԱՎՈՐ:1 ՀԱՃԱԽ:2 ՄԵՌՆՈՒՄ:2 ՍԿՍՈՒՄ:2 ՍԻՐՈՒՄ:2 ԴՈՒ:6 ՆՄԱՆ:3 ԹԵՊԵՏ:1 ԻՐԱԿԱՆՈՒՄ:2 ԿԵՆԴԱՆԻ:1 ԻՐՈՔ:1 ՄԻՋԻՆ:1 ՎԻՃԱԿԱԳՐԱԿԱՆ:1 ԼԵՌՆԱՅԻՆ:1 ԴԵՄՔ:1 ԱՆԾԱՆՈԹ:1 ՏՂԱ:1 ԷԼԻ:2 ԱՇԽԱՐՀԻ:1 ԲՈԼՈՐ:3 ՀԵՌՈՒ:1 ՄԵՐԿ:1 ԶԻՆՎՈՐԱԿԱՆ:1 ԱՅՍԻՆՔՆ:1 ՀԱԿԱՌԱԿ:1 ՃԱԿԱՏՈՒՄ:1 ԱՆԸՆԴՀԱՏ:1 ԳԼՈՒԽ:1 ՀԱՆՈՒՄ:1 ԵՂԵԼ:1 ԽՈՇՈՐ:1 ԱՄՈՒՐ:1 ԾԱՆՐ:1 ՄԿԱՆԱՅԻՆ:1 ՀԱՄԱԿԱՐԳ:1 ՀԱՄԱՊԱՏԱՍԽԱՆ:1 ՍՐՏԱՄԿԱՆ:1 ՊԵՍ:1 ՆԻՀԱՐ:1 ՆՍՏՈՒՄ:1 ԵՐԱՆԻ:1 ՔԵԶ:1 ԽԵԼՔ:1 ԹԱՔՈՒՆ:4 ԵՐԵՒԻ:2 ԳՐՎԱԾ:3 ԻՍԿԱԿԱՆ:1 ԱՅՆ:5 ԱՆՈՒՄ:2 ՀԱՋՈՂՎԱԾ:1 ՆԱԵՒ:2 ԲԺՇԿՈՒԹՅՈՒՆ:1 ՇԱՆՍ:1 ՈՒՂՂԱԿԻ:2 ԼԱՎ:3 ՀԱՏՈՒԿ:1 ԱՂԻ:1 ՓԱՍՏ:1 ԱՐՅՈՒՆ:1 ՀԱՆՁՆԵԼ:1 ԱՐԴԻ:1 ՀԱՅ:1 ՄՈՌԱՆԱԼ:1 ՀՈՄՈ:1 ԻՆՉՈՒ:1 ԿԱՐՈՏՈՒՄ:1 ՍՊԻՏԱԿ:1 ԿԱՐԾԻՔ:1 ՀՐԱՇԱԼԻ:1 ԲՆՈՐՈՇ:1 ՏԱՐԲԵՐ:1 ՏՈԿՈՍ:1 ԵՐԿԱՐ:1 ՀԵՏԱՔՐՔԻՐ:1 ՀԱՐԱԶԱՏ:2 ԶԳԱՑՈՂՈՒԹՅՈՒՆ:1 ՋԱՆ:2 ՄԻԱԿ:1 ՓՈԽԱՐԵՆ:1 ՊԻՏԻ:1 ՀԱՏԿԱՊԵՍ:1 ԲԱՆ:2 ԵԹԵ:3 ՄԵԿՆ:1 ՆՇԱՆԱԿՈՒՄ:1 ԳԻՏԻ:1 ԳՈՒՑԵ:1 ՈՒՐԻՇ:3 ՁԵՒ:1 ԺԱՄԱՆԱԿԻՆ:1 ՄՏԱԾԵԼ:1 ԶԲԱՂՎԵԼ:1 ԳՈՐԾՈՒՄ:2 ԱՆՍԱՀՄԱՆ:1 ԲԱՐՈՒԹՅՈՒՆ:1 ԱՆԿԵՂԾՈՒԹՅՈՒՆ:2 ԿԱՆ:2 ԳԵՂԱԳԻՏՈՒԹՅՈՒՆ:1 ՈՒՐԵՄՆ:1 ՇԱՐՈՒՆԱԿՈՒՄ:1 ՄՆԱԼ:1 ԲԱՐՁՐ:1 ՀԱՋՈՂ:1 ՀՈԳԵՀԱՐԱԶԱՏ:1 ՍԻՐԱՀԱՐ:1 ԲՐԱՎՈ:1 ԼՈՒՍԻՆ:1 ՄԱՆԿՈՒԹՅՈՒՆ:1 ՊԱՏԱՆԵԿՈՒԹՅՈՒՆ:1 ԵՐԻՏԱՍԱՐԴՈՒԹՅՈՒՆ:1 ՄԵՆՔ:1 ՏԱՂԱՆԴ:1 ԱՆԳԱՄ:2 ԱՅՍՏԵՂ:1 ԱՌԿԱ:1 ՑՆՑՈՂ:1 ՊԱՏՃԱՌ:1 ՀԱՐԳԵԼԻ:1 ՔԱՂՑՐ:1 ԹՎԱԿԱՆ:1 ԱՅՍՕՐ:1 ԿԱՐԴԱԼ:1 ԴՈՒՐՍ:1 ՍԻԲԻՐ:1 ՆՐԱ:1 ՈՐՈՆՔ:2 ԿԵՐՊ:1 ՀԱՂԹԱՀԱՐՈՒՄ:1 ԻՀԱՐԿԵ:1 ՊԱԿԱՍՈՒՄ:1 ԹՈՂՆԵԼ:1 ՄԵԿՆԱԲԱՆՈՒԹՅՈՒՆ:1 ԱՆՈՒՆ:1 ՓՈՍՏ:1 ԿԱՅՔ:2 ԳՐԱԿԱՆ:3 ՀԱՄԱՅՆՔ:2 ՀՐԱՏԱՐԱԿՉՈՒԹՅՈՒՆ:1 ՀԱՆԴԵՍ:1 ԳՐԱԽԱՆՈՒԹ:1 ԱՐԽԻՎ:1 ԹՎԱՅԻՆ:1 ԳՐԱԴԱՐԱՆ:1 ԿԱՊ:2 ԽՄԲԱԳՐԱԿԱՆ:1 ԳՈՎԱԶԴ:1 ԸՆԴՈՒՆՈՒՄ:1 ԱՋԱԿՑԵԼ:2 ՀԵՂԻՆԱԿԱՅԻՆ:2 ՊԱՐՏԱԴԻՐ:1 ՆՇԵԼ:1 ՏԱԼ:1 ԱԿՏԻՎ:1 ՀՂՈՒՄ:1 ՓՆՏՐԵԼ:1 ՀԵՂԻՆԱԿ:1 ՏԵՔՍՏ:1
https://granish.org/%d5%a1%d6%80%d5%a4%d5%ab-%d5%b0%d5%a1%d5%b5-%d5%a3%d6%80%d5%a1%d5%af%d5%a1%d5%b6%d5%b8%d6%82%d5%a9%d5%b5%d5%b8%d6%82%d5%b6/	ԱՐԴԻ:6 ՀԱՅ:18 ԳՐԱԿԱՆՈՒԹՅՈՒՆ:9 ՔՆՆԱՐԿՈՒՄ:3 ԳՐԱՆԻՇ:6 ԺԱՄԱՆԱԿԱԿԻՑ:1 ՎԵՐՋԵՐՍ:1 ՊԱՏՄՎԱԾՔ:1 ՊՈԵԶԻԱ:1 ԷՍՍԵ:1 ԳՐԱԽՈՍԱԿԱՆ:1 ՄՐՑԱՆԱԿ:2 ԱԿՆԱՐԿ:1 ՀՈՒՆՎԱՐ:1 ՐՈՊԵ:1 ԼՐԱԳՐՈՂ:2 ԼՈՒՍԱՆԿԱՐԻՉ:1 ԻՐԱՆ:2 ԹԵՀՐԱՆ:2 ԲԱՆԱՍՏԵՂԾՈՒՀԻ:1 ԲԱՆԱՍՏԵՂԾ:2 ԳՐԱԿԱՆԱԳԵՏ:2 ԼԵԶՎԱԲԱՆ:1 ՆԱԽԱԳԱՀ:1 ՀՐԱՅՐ:1 ՔԻՄԻԿՈՍ:1 ՀՐԱՊԱՐԱԿԱԽՈՍ:2 ԳԼԽԱՎՈՐ:1 ԽՄԲԱԳԻՐ:1 ՀԱՆԴԵՍ:5 ՍԻՐԱՆՈՒՅՇ:1 ԵՐԻՏԱՍԱՐԴ:5 ԳՐԱԿԱՆ:17 ԸՍՏ:2 ՀԱՐՑ:4 ԱՌԱՋԻՆ:4 ՁԵՐ:3 ԱՊՐՈՒՄ:3 ԸՆԴՀԱԿԱՌԱԿԸ:1 ԿԱՄ:20 ՄԵՋ:5 ՄԻՋԻՆ:2 ՈՐԻ:3 ԴԵՊԻ:4 ԱՐԵՒՄՈՒՏՔ:1 ԱՍՏԻՃԱՆԱԲԱՐ:1 ՀԱՅԿԱԿԱՆ:1 ԹՎՈՒՄ:2 ՇԱՏ:8 ՉՆՉԻՆ:1 ՀԵՏԱՔՐՔՐՈՒԹՅՈՒՆ:4 ԳԻՐ:1 ՀԱՆԴԵՊ:6 ԲԱՐՁՐ:1 ՏԱՐԻՔ:1 ՀԱՄԱՐՅԱ:1 ՀԵՏ:9 ՈՐՈՎՀԵՏԵՒ:4 ՊԱՐԶԱՊԵՍ:1 ՀԱՅԵՐԵՆ:2 ԳՐՎԱԾ:2 ԱՌՀԱՍԱՐԱԿ:1 ՆՐԱ:12 ԽՈՐԹ:1 ՎԵՐԱԲԵՐՅԱԼ:1 ԽՈՒՍԱՓՈՒՄ:1 ԿԱՐԾԻՔ:2 ՍԱԿԱՅՆ:5 ՆՈՒՅՆԻՍԿ:1 ՍՈՑԻԱԼԱԿԱՆ:1 ՆԿԱՏՄԱՄԲ:1 ԱՌԱՋ:3 ԵԿԱԾ:2 ՊԱՏՃԱՌՈՎ:5 ՆՎԱԶԵԼ:1 ԲԱՐՁՐՈՐԱԿ:1 ՃՇՄԱՐԻՏ:2 ՄԻՇՏ:4 ԳՆՈՒՄ:1 ՎԵՐԵՒ:1 ԵԹԵ:4 ՄԱՍԻՆ:7 ԿԱՐՈՂ:7 ՀԵՏԸՆԹԱՑ:1 ԼԻՆԵԼ:2 ԱՄԵՆ:1 ՀՆԱՐԱՎՈՐ:1 ՏԱՐՎԵԼ:1 ԹԵՐԵՒՍ:3 ՈՐԸ:4 ՊԵՏԱԿԱՆ:1 ՄԱՍԱՄԲ:3 ՀՐԱՏԱՐԱԿՉԱԿԱՆ:1 ՄԱՐԶՈՒՄ:1 ՆՈՐ:11 ՇՈՒԿԱՅԱԿԱՆ:1 ԻՍԿ:13 ԱՌՈՂՋ:2 ՏՆՏԵՍԱԿԱՆ:3 ԳՐՈՂ:3 ԱՅԼ:10 ԱՌԵՒՏՈՒՐ:1 ԻՐԱԿԱՆ:1 ԺԱՄԱՆԱԿԱՎՐԵՊ:1 ՀԵՏԵՒԱԲԱՐ:2 ԲԱՅՑ:7 ՆՄԱՆ:1 ՀՐԱՊԱՐԱԿ:2 ԵՐԲԵՄՆ:1 ԱՅՆՔԱՆ:2 ԻՆՉ:5 ՉԱՓԱՆԻՇ:1 ՀԱՄԱՐ:23 ՀԱՆԳԱՄԱՆՔ:1 ՊԻՏԻ:3 ՆՇԵԼ:2 ՀԱՄԵՄԱՏԱԲԱՐ:1 ԹԱՐԳՄԱՆՉԱԿԱՆ:1 ՎԵՐԼՈՒԾԱԿԱՆ:1 ԽՈՀԱԿԱՆ:1 ՀԱՄԱՐԵԼ:1 ԱՅՆՊԻՍԻ:4 ՈՐՈՆՔ:10 ՄԻՆՉ:2 ՀԻՄԱ:1 ԵՂԵԼ:6 ԱՅՆ:11 ՏԵՂԻ:2 ՔՍԱՆԵՐՈՐԴ:1 ԴԱՐԻ:1 ԱՅՆՈՒՀԵՏԵՒ:1 ՈՐՈՇ:3 ԺԱՄԱՆԱԿԱՇՐՋԱՆ:1 ՄԵԾ:3 ՏԱՐԱԾՔ:1 ՄԻԱՅՆ:6 ԱՇԽԱՐՀԱԳՐԱԿԱՆ:1 ԱՅԴ:6 ԵՐԿՈՒ:2 ԿՈՂՄՆԱԿԻՑ:1 ԱՅՍ:8 ԻՐԵՆՑ:4 ԵՐԿՐՈՐԴ:3 ՄԵՐ:8 ԴԵՐ:1 ԱԶԳԱՅԻՆ:3 ԱՆԱՂԱՐՏ:1 ՕՏԱՐ:2 ԻՆՔՆ:1 ԱՄԲՈՂՋ:1 ՏԱԿ:1 ՄԻԱՆՇԱՆԱԿ:1 ՊԱՏԱՍԽԱՆ:1 ՏԱԼ:4 ՔԱՆԻՑՍ:1 ԲԱՐԻՔ:1 ԲՆՈՐՈՇՈՒՄ:1 ՈՐՊԵՍ:3 ԳԵՂԱՐՎԵՍՏԱԿԱՆ:6 ԹԵԵՒ:1 ԱՆՄԻՋԱՊԵՍ:1 ՆԿԱՏԵԼԻ:1 ՉԵՄ:2 ԳԻՐՔ:2 ԹԻՐԱԽ:1 ԼՈՒՐՋ:2 ՊԱԿԱՍՈՒՄ:1 ՈՒՐԻՇ:1 ՃԱՇԱԿ:1 ՔԱՆԻ:2 ԴԵՌ:5 ՆՇԱՆԱԿՈՒՄ:2 ԱՌԱՋԸՆԹԱՑ:1 ԲԵՐԵԼՈՒ:1 ԳԵՐԱԴԱՍՈՒՄ:2 ԻՆՉՈՒ:1 ՎԱԶԵԼ:1 ՆԱԵՒ:9 ՊԱՀ:2 ՓՈՔՐԻԿ:1 ԺԱՄԱՆԱԿ:2 ԿԱՐՃ:2 ՍՈՎՈՐԱԿԱՆ:2 ԿԵՆՏՐՈՆ:1 ԵՐԲ:4 ՍՆՈՒՆԴ:2 ԲՆԱԿԱՐԱՆ:1 ԱՇԽԱՏԱՆՔ:3 ԿԱԶՄՈՒՄ:1 ԱՆԻՄԱՍՏ:1 ՍՊԱՍԵԼ:1 ՄԱԿԵՐԵՍԱՅԻՆ:1 ՀԱՆՐԱՅԻՆ:1 ՍՊԱՌՈՂԱԿԱՆ:1 ԸՆԴՈՒՆՈՒՄ:2 ՀՈԳԵԿԱՆ:1 ՏԻՐԱՊԵՏՈՒՄ:1 ԿԱՐԻՔ:1 ՄԱՅՐԵՆԻ:1 ՏԱՐԲԵՐ:5 ՈՐԵՒԷ:4 ԵՐԿ:1 ԹԱՐՄ:1 ՇՈՒՆՉ:1 ՆՅՈՒԹԵՐ:2 ՍԱՀՄԱՆԱՓԱԿ:2 ԱԶԱՏ:1 ՈՒՍՏԻ:1 ԿԱՆ:1 ԸՆԴՀԱՆՐԱՊԵՍ:1 ԱՎԵԼԻ:3 ՄԱՏՉԵԼԻ:2 ՆԵՐԿԱ:3 ՕՐԻՆԱԿ:1 ԵՐԻՏԱՍԱՐԴԱԿԱՆ:1 ՀԱՍԱՐԱԿԱԿԱՆ:4 ՔԱՂԱՔԱԿԱՆ:1 ԱՌԿԱ:1 ԳՐԵԼ:8 ԵՐՐՈՐԴ:2 ԳՈՐԾ:1 ԱՄԲՈՂՋՈՎԻՆ:2 ՆԱԽՈՐԴ:2 ԱՌՋԵՒ:1 ԲԱՑ:1 ՈՂՋ:1 ԱՇԽԱՐՀԻ:3 ԼԱՅՆ:2 ՄԵՐՈՆՔ:1 ՆՍՏԱԾ:1 ԳՐՈՒՄ:2 ԿԵՂԾ:2 ՀԱՅՐԵՆԱՍԻՐԱԿԱՆ:1 ՍԻՐԱՅԻՆ:1 ԿԱՐԴԱՆ:1 ԶՈՒՐ:1 ԳԱՆ:1 ՆՐԱՆՔ:1 ԿԱՐԵԼԻ:2 ՀԱՆԴԻՊԵԼ:1 ԲԱԺՆՈՒՄ:1 ԿԱՐԴԱԼ:1 ՀԵՏԱՔՐՔԻՐ:4 ԲՆԱԳԻՐ:1 ԻՆՔՆԱԳԻՐ:1 ՄԱՐԳԻՆԱԼ:1 ԱՅԴՈՒՀԱՆԴԵՐՁ:1 ՄԵԶ:2 ՓԱՌՔ:1 ՇԱՐՈՒՆԱԿՈՒՄ:1 ՍՏԵՂԾԱԳՈՐԾԵԼ:1 ՁԳՈՒՄ:1 ԱՆՊԱՅՄԱՆ:1 ՏԵՂԱՅԻՆ:1 ՄԱՐԴԿԱՅԻՆ:2 ՄԵՆՔ:2 ԴՐԱԿԱՆ:1 ՀԱԿԱՌԱԿ:2 ԲՈԼՈՐ:3 ՀԱԿԱ:7 ԱՎԱՆԴԱԿԱՆ:1 ՆՈՐՄ:1 ԿՐՈՒՄ:1 ՍԵՐՈՒՆԴ:1 ՊԵՍ:1 ՔԱՇՈՒՄ:1 ՈՏՆԱՀԱՐՈՒՄ:1 ՊԱՐԿԵՇՏ:2 ԿԱՐԵՒՈՐ:1 ՔԱՆ:3 ՄԱՆՈՒԿ:1 ՀԱՄԱԿԱՐԳՈՒՄ:1 ՏԵՂԸ:2 ՔԱՐՇ:1 ԴԺՎԱՐ:1 ՊԱՐԱՊ:1 ԲԱՑԻ:1 ՁԳՏՈՒՄ:1 ԻՄԱՍՏ:1 ԿԱՐԵՒՈՐՈՒԹՅՈՒՆ:2 ԲՈԼՈՐՈՎԻՆ:1 ԶԱՐՄԱՆԱԼԻ:1 ԱՆՏԱՐԲԵՐ:1 ԱՅՍՕՐ:4 ՀԱՍԿԱՆԱԼԻ:1 ՈՒՂՂԱԳՐԱԿԱՆ:1 ԱՊԱ:1 ԱՆՆԵՐԵԼԻ:1 ԸՆԿԱԼՈՒՄ:1 ԱՆԿԱՐԵՒՈՐ:1 ԲԱՑԱՏՐԵԼ:1 ԱՅԴՔԱՆ:1 ՀԱՐՈՒՍՏ:1 ԱՐԵՒՄՏԱՀԱՅ:4 ՀԱՐՑՈՒՄ:1 ՊԱՐՍԿԱՀԱՅ:1 ՄԻԱԿ:1 ԱՆՄԻՋԱԿԱՆ:1 ԿԱՊ:4 ՈՒՆԵՆԱԼ:3 ՎԵՐ:2 ԲԱՆ:4 ՀՈՆ:1 ԻՐԵՆՔ:1 ԱՅՍՏԵՂ:2 ԽՈՉԸՆԴՈՏ:1 ԶՈՐ:1 ԴՈՒՔ:1 ՉՈՒՆԻ:2 ՊԱՐՏ:1 ԱՌԱՆՑ:1 ՍՓՅՈՒՌՔԱՀԱՅ:1 ԻՆՉՔԱՆ:1 ԴԺԲԱԽՏԱԲԱՐ:1 ՈՐՏԵՂ:5 ՎՍՏԱՀ:1 ԱՆՀԵԹԵԹ:1 ՀՆՉԻ:1 ՏԱՐԵԿԱՆ:1 ԿԱԶՄԱԿԵՐՊՈՒՄ:1 ՓՈՐՁՈՒՄ:1 ՍԵՐՏ:1 ՍՏԵՂԾԵԼ:1 ՄԻՋԵՒ:1 ԲԽՈՒՄ:1 ԿԱՐԴՈՒՄ:1 ԿԵՆՍԱԿԵՐՊ:1 ՏԱՐԱԾԱԿԱՆ:1 ԺԱՄԱՆԱԿԱՅԻՆ:1 ՀԱՄԱՄԱՐԴԿԱՅԻՆ:1 ՀԱՅՐԵՆԱԿԱՆ:1 ԴԵՄՔ:1 ՄՈՏ:1 ՀԱՄԱՊԱՐՓԱԿ:1 ԱՌԱՋԱՑՆԵԼ:1 ԻՄԱՆԱԼ:1 ԶԱՆԱԶԱՆ:1 ԻՆՉՊԵՍ:2 ՄՏԱԾՈՒՄ:1 ԴՐԱՄԱՇՆՈՐՀ:1 ՓԱՌԱՏՈՆ:1 ԱՄՓՈՓՈՒՄ:1 ՏԱՐԻ:1 ՆՈՐԸ:1 ԼԱՎ:2 ԵՐԳԻԾԱԿԱՆ:4 ՆՇԱՆԱՎՈՐ:1 ԳՈՐԾԻՉ:1 ԾՆՎԵԼ:1 ԱՐՍԵՆ:3 ՏԵՐ:2 ՍԿԶԲՆԱԿԱՆ:1 ԾԽԱԿԱՆ:1 ՍՏԻՊՎԱԾ:2 ԲԱԶՄԱՆԴԱՄ:1 ՏԵՂԱՓՈԽԵԼ:1 ԶԲԱՂՎԵԼ:2 ՊԱՏԱՆԻ:1 ՔԱՌԱՄՅԱ:1 ՇՈՒՏՈՎ:1 ԱՆԽՆԱՄ:1 ՎԵՑ:1 ԵՐԵՒԱՆ:9 ՏԱՐՎՈՒՄ:1 ՀԵՂԱՓՈԽԱԿԱՆ:2 ՀՆՉԱԿՅԱՆ:1 ԱՆԴԱՄ:2 ՄԻՆՉԵՒ:3 ՑԱՐԱԿԱՆ:3 ԲԱՆՏ:1 ԱՐԳԵԼՎԱԾ:1 ՄՏՆՈՒՄ:1 ԵՌԱՆԴՈՒՆ:1 ԸՆՏՐՎԵԼ:1 ԱՇԽԱՏԱԿՑԵԼ:3 ԿԱՅԾ:1 ԽՈՍՔ:2 ՕՐԵՐ:1 ՏԱՐՈՒՄ:1 ՆԱՐ:1 ՄԱՐ:1 ԿԱՐ:1 ԴԱՆ:1 ՏՊԱԳՐԵԼ:1 ՀՈԴՎԱԾ:1 ՆԱՄԱԿ:1 ՄԻՄԻԱՅՆ:1 ԳՅՈՒՂԱԿԱՆ:1 ԿԱՇԱՌԱԿԵՐ:1 ՎԵՐՋԻՆ:1 ԲԱԶՄԱՏԵՍԱԿ:1 ՄԱՐԴԻԿ:1 ԿԵՐՊ:1 ՏԱՆԵԼԻ:1 ԱՐԴԵՆ:1 ԿԱՌԱՎԱՐՈՒԹՅՈՒՆ:1 ՏԱՐՐ:1 ՓԱՇԱ:1 ՎԱՐՉԱԿԱՆ:1 ՄԱՐՄԻՆ:1 ՊԱԿԱՍ:2 ՆՐԱՆ:2 ՔԱՅՔԱՅՈՒՄ:1 ԽՈՒԶԱՐԿԵԼ:1 ՀԱՅՏՆԱԲԵՐԵԼ:1 ԹԱՔՆՎԵԼ:1 ՊԱՏՄՈՒՄ:1 ՀՅՈՒՐ:1 ՀԱՆՐԱՀԱՅՏ:1 ՀՈՐԻՆԵԼ:1 ԵՐԳ:1 ՀՐԱՏԱՐԱԿԵԼ:2 ՄԻԱԺԱՄԱՆԱԿ:1 ԲՆՈՒՅԹ:1 ԻԲՐԵՒ:1 ԺՈՂՈՎՐԴԱԿԱՆ:1 ԲԱՑԱՀԱՅՏ:2 ՄՂԵԼ:1 ԴԵՄ:4 ԴՈՒՐՍ:1 ԳԱԼ:1 ՊԱՅՔԱՐ:2 ՀԱՅՏԱՐԱՐԵԼ:1 ՓԱՍՏԱԿԱՆ:1 ՏԵՂ:1 ԳՐԱՎԵԼ:1 ԹՈՒՐՔԱՀԱՅ:1 ԲԱՐՁՐԱՁԱՅՆ:1 ԲԱՐԲԱՐՈՍԱԿԱՆ:1 ՄՆԱՑԱԾ:1 ՆՈՐԻՑ:1 ՍՈՍԿԱԼԻ:1 ՓԱԿՎԵԼ:1 ՍԿՍԵԼ:1 ՄԱՄՈՒԼ:1 ԱՆՈՒՆՈՎ:1 ՆՈՒՅՆՊԵՍ:1 ՈՒԺ:1 ԴԻՄԱԴՐՈՒԹՅՈՒՆ:1 ՇԱՐՔ:1 ՈՒԺՈՎ:1 ԳԱՂԱՓԱՐ:1 ՏԱՐԱԾԵԼ:1 ՊԱՀԱԿ:1 ՔՆՆԱԴԱՏԵԼ:1 ԴԱՇՆԱԿՑԱԿԱՆ:1 ՄԱՅԻՍՅԱՆ:1 ՀԵՏՈ:3 ՁԵՐԲԱԿԱԼՎԵԼ:1 ԱՔՍՈՐՎԵԼ:1 ԲԱՇ:3 ԱՆՑԵԼ:1 ԽՈՐՀՐԴԱՅԻՆ:3 ՇԱՐՈՒՆԱԿԵԼ:1 ՄԱՃԿԱԼ:1 ՄՈԾԱԿ:1 ԿՐՈՆԻ:2 ՀԻՄԱՆ:1 ՎՐԱ:1 ՆԿԱՐԱՀԱՆԵԼ:1 ՀԵՏԱՔՐՔՐԱՇԱՐԺ:1 ԿԻՆՈՆԿԱՐ:1 ԻՐԵՆ:1 ՀԱՏՈՒԿ:1 ՀԱՍՏԱՏԱԿԱՄ:1 ԱՆՁՆԱԶՈՀ:1 ՀՈՂ:1 ՊԱՀԱՆՋՈՒՄ:1 ՊԵՏՔ:3 ԴՆԵԼ:1 ԺԱՄԱՆԱԿԻՆ:1 ԻՐԱ:1 ՓԻՍ:1 ԾՈՒՌ:1 ԴԻՓ:1 ԼՍՈՂ:1 ՁԵՐԲԱԿԱԼԵԼ:1 ՀԱՎԱՆԱԲԱՐ:1 ԳՆԴԱԿԱՀԱՐՎԵԼ:1 ԵՐԵՔ:2 ՈՐԴԻ:1 ԱՐՏԱՇ:1 ԴՈՒՍՏՐ:1 ՊԵՏ:1 ՎԱՍՏԱԿԱՎՈՐ:1 ԱՐՏԻՍՏ:1 ՊԱՏՄՈՒԹՅՈՒՆ:1 ԱԶԳԱԳՐՈՒԹՅՈՒՆ:1 ՀԵՂԻՆԱԿԱՅԻՆ:3 ՀՐԱՏԱՐԱԿՈՒԹՅՈՒՆ:1 ԺՈՂՈՎԱԾՈՒ:1 ՀԱԿՈԲՅԱՆ:3 ՊԱՐԲԵՐԱԿԱՆ:1 ԿԱՆԹԵՂ:1 ԹԵՐԹ:1 ԿԱԶՄ:1 ՍՈՎԵՏԱԿԱՆ:1 ՀԱՍՄԻԿ:2 ԱՐՁԱԿԱԳԻՐ:1 ՋԱՆ:1 ՆԱՅԵԼ:1 ԿԱՐԵՆ:1 ԹՈՂՆԵԼ:1 ՄԵԿՆԱԲԱՆՈՒԹՅՈՒՆ:1 ԱՆՈՒՆ:1 ՓՈՍՏ:1 ԿԱՅՔ:2 ՀԱՄԱՅՆՔ:2 ՀՐԱՏԱՐԱԿՉՈՒԹՅՈՒՆ:1 ԳՐԱԽԱՆՈՒԹ:1 ԱՐԽԻՎ:1 ԹՎԱՅԻՆ:1 ԳՐԱԴԱՐԱՆ:1 ԽՄԲԱԳՐԱԿԱՆ:1 ԳՈՎԱԶԴ:1 ԱՋԱԿՑԵԼ:2 ԳՈՐԾՈՒՄ:1 ՈՒՄ:1 ՊԱՐՏԱԴԻՐ:1 ԱԿՏԻՎ:1 ՀՂՈՒՄ:1 ՓՆՏՐԵԼ:1 ՀԵՂԻՆԱԿ:1 ՏԵՔՍՏ:1
https://granish.org/young-writer-and-our-times/	ՀԱՄԲԱՐՁՈՒՄ:7 ԵՐԻՏԱՍԱՐԴ:4 ՄԵՐ:7 ԳՐԱՆԻՇ:6 ԺԱՄԱՆԱԿԱԿԻՑ:1 ԳՐԱԿԱՆՈՒԹՅՈՒՆ:2 ՎԵՐՋԵՐՍ:1 ՊԱՏՄՎԱԾՔ:1 ՊՈԵԶԻԱ:1 ԷՍՍԵ:1 ԳՐԱԽՈՍԱԿԱՆ:1 ՄՐՑԱՆԱԿ:4 ՀԱՐՑԱԶՐՈՒՅՑ:5 ԳՐՈՂ:2 ՎԵՐԱԴԱՐՁ:2 ՀԱՄԱՐ:11 ՆՈՅԵՄԲԵՐ:1 ՐՈՊԵ:1 ՍԱԿԱՅՆ:1 ԴԺՎԱՐ:1 ԻՆՉ:16 ԱՊԱԳԱ:1 ԿԱՐՈՂ:3 ՈՒՆԵՆԱԼ:1 ՈՆՑ:1 ԱՊՐԵԼ:1 ԴՈՒ:8 ԱՆԴԱ:1 ԴԱՌՆԱԼ:1 ՉԵՄ:5 ԱՄԲՈՂՋ:2 ԲԱՅՑ:12 ԳԱՂԱՓԱՐԱԿԱՆ:1 ՇՈՒՐՋ:1 ԿԱՄ:11 ՆՈՒՅՆ:1 ԳՐԱԿԱՆ:19 ՊԱՏԿԱՆՈՒՄ:1 ԻՍԿ:7 ԸՍՏ:1 ՍՈՎԵՏԱԿԱՆ:2 ՄԻՈՒԹՅՈՒՆ:1 ՈՐԻ:1 ԱՅՍԻՆՔՆ:4 ԽՆԴԻՐ:3 ԻՐԵՆՔ:2 ԻՐԵՆՑ:2 ԱՌՋԵՒ:1 ԼՈՒԾՈՒՄ:1 ՔՆՆԱԴԱՏԵԼ:1 ՆՇԱՆԱԿՈՒՄ:2 ՄՏԱԾՈՒՄ:2 ՊԵՏՔ:11 ԱՅԴ:5 ՔԵԶ:1 ԱՅԴՔԱՆ:4 ԱՅԴՊԵՍ:1 ԵԹԵ:7 ՏԱՂԱՆԴԱՎՈՐ:2 ԻՆՔՆ:1 ՆՐԱՆ:1 ՀԱՍԿԱՆԱԼԻ:1 ԳՈՒՑԵ:3 ԶՈՒՏ:1 ՖԻՆԱՆՍԱԿԱՆ:2 ՕԳՆՈՒԹՅՈՒՆ:1 ՆՊԱՏԱԿԱՅԻՆ:1 ԱՅՆՔԱՆ:2 ՏԵՂՅԱԿ:1 ԲԱՑ:2 ՀՆԱՐԱՎՈՐ:2 ՔԱՆԻ:1 ԾԱԾԿԵԼ:1 ՈՐԱԿ:1 ԸՆԴՀԱՆՐԱՊԵՍ:3 ՀԵՏԱՔՐՔԻՐ:5 ԻՆՔԸ:2 ՄԻՋԱՎԱՅՐ:4 ԵՐԲ:3 ՆՈՐ:5 ԻՆՁ:8 ԲԱՆԵՐ:1 ՀԵՏ:6 ԿԱՐ:1 ՀԻՄԱ:3 ՓՈԽԱՆԱԿ:1 ԵՐԵՒԻ:2 ՆՐԱ:2 ՈՒՂՂԱԿԻ:1 ԱՆԻՄԱՍՏ:1 ԹՎՈՒՄ:7 ՈՐԵՒԷ:2 ԱՄՍԱԳԻՐ:4 ԼՈՒՐՋ:5 ՄԱՄՈՒԼ:1 ՀՆԱՐԱՎՈՐՈՒԹՅՈՒՆ:1 ԵՐԿՈՒ:2 ՈՐՏԵՂ:3 ԲԱՑԵԼ:1 ՍՏԵՂԾԵԼ:2 ԱՇԽՈՒՅԺ:1 ԿԱՅՔ:3 ՄԱՍԻՆ:1 ԻՀԱՐԿԵ:3 ՄՏԱԾԵԼ:1 ԳԱՂԱՓԱՐ:1 ՁԵՒ:1 ԳԻՐՔ:1 ԿԱՐԴՈՒՄ:3 ՊԵՏՔԱԿԱՆ:1 ՊԱՏԿԵՐԱՑՈՒՄ:1 ՇԱՏ:2 ՔԻՉ:1 ՀԱՅ:4 ԿԱՐԴԱՑՈՂ:1 ԺՈՂՈՎՈՒՐԴ:1 ՀԱՄԱԿԱՐԳԱՅԻՆ:1 ՄՇԱԿՈՒԹԱՅԻՆ:1 ՔԱՂԱՔԱԿԱՆ:1 ՀԱՍԱՐԱԿԱԿԱՆ:1 ԳՆՈՒՄ:1 ՄՈՏԱԿԱ:2 ԱՅՍ:2 ՃԱՆԱՉՈՒՄ:1 ՀԱՄԱՇԽԱՐՀԱՅԻՆ:1 ԴԱՇՏ:1 ՄՏՆԵԼ:1 ԱՎԱՐՏԵԼ:2 ՄԵՋ:4 ԱՇԽԱՏՈՒՄ:3 ԿԻՆՈ:2 ԿԱՆ:5 ՆԿԱՐԱՀԱՆՎԵԼ:1 ԸՆԴԱՄԵՆԸ:1 ՀԱԶԱՐ:1 ԻՆՉՈՒ:1 ՀԵՂԻՆԱԿԱՅԻՆ:3 ԳԼԽԱՎՈՐ:1 ԼԱՎ:4 ՊԱԿԱՍ:2 ՇՆՈՐՀԱԼԻ:1 ՏԱՆ:1 ԲԱՆԱԿԻՑ:1 ԽՈՒՍԱՓՈՒՄ:1 ԳՆԱԼ:1 ԲԱՆԱԿՈՒՄ:1 ԾԱՌԱՅԵԼ:1 ՎԵՐՋԻՆ:1 ԿԵՆՑԱՂԱՅԻՆ:1 ՀՈԳԵԲԱՆԱԿԱՆ:1 ԴԵՌ:1 ԼՐԻՎ:1 ՊԱՏԱՆԵԿԱՆ:1 ՎԻՐՏՈՒԱԼ:1 ԴՈՒՐՍ:2 ՏԵՂ:1 ԿԱՐԳՈՒԿԱՆՈՆ:1 ՈՒՐԻՇ:4 ԱՇԽԱՐՀ:1 ԱՆԳԱՄ:1 ԹԵԹԵՒԱԿԻ:1 ԱՇԽԵՆ:1 ՆԱԵՒ:3 ՍՏՈՐԳԵՏՆՅԱ:1 ՊԱՐՈՒՅՐ:1 ՍԵՒԱԿ:1 ԵՐՋԱՆԻԿ:1 ԳՐԱՍ:1 ԿԱՐԾԻՔ:1 ԱՌԱՋԻՆ:1 ՁԵՒԱՎՈՐՈՒՄ:1 ԻՆՉՊԵՍ:2 ՎԱՏ:3 ԲԱՑԻ:1 ՕՐԻՆԱԿ:2 ՀԱՅՏՆԻ:1 ԲԱՆ:1 ՇՓՎԵԼ:1 ԱՅՆ:1 ԹԵՐԹՈՒՄ:1 ԼԻՆԵԼ:1 ՈՐՈՎՀԵՏԵՒ:2 ԹԵՐԹ:1 ՈՐԸ:1 ԿԱՏԱՐԱԾ:1 ՀԱՄԱՐԺԵՔ:1 ՀՈՆՈՐԱՐ:3 ԱՅԴՊԻՍԻ:1 ՀՐԱՏԱՐԱԿՉՈՒԹՅՈՒՆ:2 ՊԱՏՎԵՐ:1 ԱՐԴԵՆ:1 ՊԱՏՐԱՍՏԻ:1 ՈՒՐԱԽ:1 ՊԻՏԻ:1 ՄԻԱՅՆ:1 ՏՊԱԳՐՎԵԼ:1 ՀԱՄԱՁԱՅՆ:2 ՍԽԱԼ:1 ՀԱՄԱՐՈՒՄ:1 ՍԻՐՈՂԱԿԱՆ:1 ԳԻՆ:1 ՉՈՒՆԻ:1 ՀԱՐՑ:1 ՏՊԱԳԻՐ:1 ԹՈՂ:1 ՋԱՆ:1 ՄԻՇՏ:1 ԿԱԶՄ:1 ՊԱՏՐԱՍՏ:1 ՆԿԱՏԻ:2 ԱՎԵԼԻ:3 ԱՆՀԵՏԱՔՐՔԻՐ:1 ՀԵՆՑ:2 ՓՈԽԵԼ:1 ՄԵԿ:1 ԿԵՆՍՈՒՆԱԿ:1 ԿԱՐԵՆ:1 ՄԵԶ:3 ՁԵՒԱՎՈՐԵԼ:1 ԱՅԼ:1 ՇՈՒԿԱ:2 ԱՄԵՆ:2 ՄԱՆԱՎԱՆԴ:1 ԱՍԵՆՔ:1 ԳԱՐՈՒՆ:1 ՊԵՍ:1 ՀԵՏՈ:1 ՄԱՐԴ:1 ԶԱՏ:1 ՓՈՔՐԱԹԻՎ:1 ՀԱՎԱՏԱՐԻՄ:1 ԱՆՀԱՄԲԵՐ:1 ՍՊԱՍՈՒՄ:3 ԿՈՂՄ:1 ԴՆԵԼ:1 ԳԱԼ:1 ԳՈՐԾ:1 ՏԱԼ:2 ԳՐԵԹԵ:1 ՄԵՆՔ:1 ՍԻՐՈՎ:1 ԳՈՐԾԻ:1 ԱՐՁԱԳԱՆՔՈՒՄ:1 ՊՐՈՊԱԳԱՆԴՈՒՄ:1 ԳՐՈՒՄ:1 ԱՆԿԱԽ:1 ԿԱՍԵՆ:1 ՓՈՂ:1 ԹՈՂՆԵԼ:1 ՄԵԿՆԱԲԱՆՈՒԹՅՈՒՆ:1 ԱՆՈՒՆ:1 ՓՈՍՏ:1 ՀԱՄԱՅՆՔ:2 ՀԱՆԴԵՍ:1 ԳՐԱԽԱՆՈՒԹ:1 ԱՐԽԻՎ:1 ԹՎԱՅԻՆ:1 ԳՐԱԴԱՐԱՆ:1 ԿԱՊ:2 ԽՄԲԱԳՐԱԿԱՆ:1 ԳՈՎԱԶԴ:1 ԸՆԴՈՒՆՈՒՄ:1 ԱՋԱԿՑԵԼ:2 ԳՈՐԾՈՒՄ:1 ԲՈԼՈՐ:2 ՈՐՈՆՔ:1 ՈՒՄ:1 ՊԱՐՏԱԴԻՐ:1 ՆՇԵԼ:1 ԱԿՏԻՎ:1 ՀՂՈՒՄ:1 ՓՆՏՐԵԼ:1 ՀԵՂԻՆԱԿ:1 ՏԵՔՍՏ:1
https://granish.org/lullabies/	ՕՐՈՐՈՑԱՅԻՆ:2 ՀԱՄԱՐ:4 ԳՐԱՆԻՇ:6 ԺԱՄԱՆԱԿԱԿԻՑ:1 ԳՐԱԿԱՆՈՒԹՅՈՒՆ:1 ՎԵՐՋԵՐՍ:1 ՊԱՏՄՎԱԾՔ:4 ՊՈԵԶԻԱ:1 ԷՍՍԵ:1 ԳՐԱԽՈՍԱԿԱՆ:1 ՄՐՑԱՆԱԿ:3 ԵՐԵՒԻ:6 ՄԱՆԿԱՊԱՐՏԵԶ:4 ԱՌԱՎՈՏՅԱՆ:3 ԵՐԿՈՒ:4 ՁԻԳ:3 ՑԻՑ:3 ԵՏԵՒՈՒՄ:3 ՁԱԽ:3 ԻՆՉԻ:3 ՊԱՏՃԱՌՈՎ:3 ԱՊՐԻԼ:1 ՐՈՊԵ:1 ՀԱՃԱԽ:1 ՄԻՇՏ:3 ԲԱՅՑ:14 ԷԼԻ:3 ԿՏՐՈՒՄ:1 ՆՐԱ:6 ԱՄՈՒՐ:4 ՊԻՏԻ:2 ՊԱՀԵԼ:2 ԱԶԱՏՈՒԹՅՈՒՆ:5 ՍԻՐՈՒՄ:6 ԻՆՁ:12 ԻՆՉՈ:5 ԱՄԵՆ:3 ՊԱՀԻ:1 ԿԱՐՈՂ:8 ՓԱԽՉԵԼ:2 ԵՐԲ:6 ԱՅՈ:1 ՍԻՐԵԼ:1 ԻՍԿ:3 ԲԱՆ:4 ԿԱՐԳԻՆ:2 ՔԱՅԼԵԼ:1 ՎԱԶԵԼ:2 ՀԵՏՈ:6 ԱԶԱՏ:1 ԻՆՉՔԱՆ:3 ՊԵՏՔ:3 ԼԱՎ:7 ՄԱՍԻՆ:1 ԵՐԱԶ:1 ՊԻՆԴ:2 ԲՌՆԻ:2 ԴՈՒ:8 ՎՐԱՆ:1 ՏԱՌ:1 ԻՆՔՆ:3 ԿԱՐՄԻՐ:2 ԲՌՆԵԼ:3 ՉԵՄ:10 ՔԵԶ:8 ՀԵՏ:4 ՎՍՏԱՀ:1 ԹԽՎԱԾՔ:1 ՈՒՏՈՒՄ:2 ՀԱՄԵՂ:3 ԻՆՉ:7 ԼԻԶՈՒՄ:2 ՎԱՐԴԱԳՈՒՅՆ:1 ՆԱՅԻ:2 ԿԵՐ:1 ԱՅՍՊԵՍ:2 ԿՐԿՆԱԿԻ:1 ՀՆԱՐ:1 ԱՌՀԱՍԱՐԱԿ:1 ԻՆՉՊԵՍ:1 ՄՈՐ:1 ՄԱՅՐ:1 ԼԻՆԵԼ:3 ԵԹԵ:2 ՇԱՏ:4 ՆՐԱՆ:5 ԴԱՐՉՆԱԳՈՒՅՆ:2 ԴԵՂԻՆ:1 ԿԱՊՈՒՅՏ:1 ԿԱՆԱՉ:1 ԴԱՐՁՅԱԼ:2 ՃԵՐՄԱԿ:1 ՃԿՈՒՆ:1 ԱՌԱՁԳԱԿԱՆ:1 ԱՆՀԱՆԳԻՍՏ:1 ՎԵՐՋԱՊԵՍ:1 ՀՐՈՒՄ:1 ԹՈՂ:4 ԶՈՒՐ:1 ՋԱՆՔ:1 ԲՈԼՈՐ:4 ԱՅՐՈՒՄ:1 ԱՀԱ:2 ՇՈՒՐՋԸ:1 ԵՐՋԱՆԻԿ:1 ԻՐԵՆՔ:1 ՀՈԳՆԵԼ:1 ԿՅԱՆՔ:1 ՍԵՐ:1 ՆՐԱՆՔ:1 ԾԱՓ:1 ԿՐԱԿԵ:3 ԵՐԳՈՒՄ:1 ՆՎԱԳՈՒՄ:1 ԲԵՐՈՒՄ:2 ՎՐԱ:2 ՑՐՎԱԾ:1 ՉԱՐԱՃՃԻ:2 ԽՈՐԱՄԱՆԿ:1 ԱՊԱ:2 ԿԱՆՉՈՒՄ:1 ՄԵՋ:6 ԱՐԴԵՆ:2 ԳՐԿԵԼ:1 ԱՆՓՈՓՈԽ:1 ՇԵՐՏ:2 ՑԱԾ:1 ՈՉԻՆՉ:2 ԳՈՌՈՒՄ:1 ԼՍՈՒՄ:1 ԴՈՒՐՍ:1 ՔԱՇՈՒՄ:1 ՊԱՐԱՅԻՆ:1 ԷԻՐ:1 ԴԵՌԵՒՍ:1 ՔՆԱԾ:2 ԱՌՋԵՒ:1 ԿԱՐՈՏՈՒՄ:3 ԻՐԵՆ:1 ԹԹՎԱՍԵՐ:1 ԿԱԹՆԱՇՈՌ:1 ՀԵԳՆԱԿԱՆ:1 ՀԱՎԵԼՅԱԼ:1 ԱՄԲՈՂՋ:1 ՄԵԾ:2 ՄԵՂԱՎՈՐ:1 ՏԵՆԴ:1 ԱՅՍՕՐ:1 ՀԻՄԱ:2 ԱՐԻ:7 ՀԵՔԻԱԹ:3 ՃԻՇՏ:1 ՀԻՇՈՒՄ:1 ԳՈՒՑԵ:2 ՀԵՏԱՔՐՔԻՐ:1 ՄՈՏ:1 ԲԵՐ:1 ՇՈՅՈՒՄ:1 ՀԱՃԵԼԻ:1 ԱՌԱՆՁԻՆ:1 ԱՊՐՈՒՄ:1 ԱՌԱՏՈՐԵՆ:1 ՈՒՂԱՐԿՈՒՄ:1 ՀԱՏՈՒՄ:1 ՎԵՐ:2 ԿՈՂՄ:1 ՈՂՈՐԿ:1 ԱՐՅՈՒՆ:1 ՊԱՀՈՒՄ:1 ԿԱԹ:8 ՀԱՎԱՔՈՒՄ:1 ԿԱՆԳ:1 ԽՄԵԼ:1 ՈՒՏԵԼ:1 ԱՊՐԵԼ:1 ԴԵՄ:1 ՍՊԱՆԵԼ:1 ԼՌՈՒՄ:1 ԱՆՍՊԱՍԵԼԻ:1 ՍՈՒՐ:1 ՃԻՉ:1 ԳՐԿՈՒՄ:1 ՍԵՂՄՈՒՄ:1 ՏԱՔ:2 ԱՅԴՊԵՍ:1 ԿԱՄՈՒՐՋ:3 ԹՈՒՆԵԼ:1 ԱՄԲՈՂՋՈՎԻՆ:2 ԵՂԵԼ:1 ՎՍՏԱՀՈՒՄ:1 ՄԻԱՅՆ:1 ՎԱՏ:4 ՀԱՍՏԱՏ:1 ԴԺՎԱՐ:1 ՕՐԱԿԱՆ:1 ԳՈՆԵ:1 ՄԵԿ:1 ԱՆԳԱՄ:2 ՀԱՐՑՆԵԼ:1 ՏԱՐԵԿԱՆ:1 ԵՐԵՔ:1 ՀԱՐՅՈՒՐ:1 ՏԱՍԸ:1 ՏԱՐՈՒՄ:1 ԵՐԲԵՄՆ:1 ՆԱՐՆՋԻ:1 ՊԵՍ:1 ՁՈՐ:1 ԹԹԻ:1 ԿԱՐՈՏԵԼ:1 ՆՈՐԻՑ:1 ԻՀԱՐԿԵ:2 ԱՅՍԻՆՔՆ:1 ՔԱՇԻ:1 ՏԵՍՔ:1 ՓԱԿՈՒՄ:1 ԳՐՎԱԾ:1 ՓՈՐՁՈՒՄ:1 ՏԵՍՆԵԼ:2 ՈՒՐԻՇ:1 ՇՈՒՏ:1 ԺԱՄԱՆԱԿԻՆ:1 ՊԱՏԱՍԽԱՆ:1 ՄԻՆՉԵՒ:1 ԻՄԱՆԱԼ:1 ՊԱՐԶԱՊԵՍ:1 ՍՊԱՍՈՒՄ:2 ՆԱԵՒ:1 ՀԱՆԴԻՊՈՒՄ:1 ԼԻԱՆ:1 ԿԱՐԾԻՔ:1 ԹՈՒՅԼ:1 ՍՊԱՍԵԼ:1 ԲԱՐՁՐԱՆԱԼ:1 ԳՈՌԱԼ:1 ՎԵՐԱԴԱՌՆԱԼ:1 ԾԻԾԱՂԵԼԻ:1 ՉԱՓ:1 ԵՐԱՆԻ:1 ԹՈՂՆԵԼ:1 ՄԵԿՆԱԲԱՆՈՒԹՅՈՒՆ:1 ԱՆՈՒՆ:1 ՓՈՍՏ:1 ԿԱՅՔ:2 ՄԵՐ:1 ԳՐԱԿԱՆ:3 ՀԱՄԱՅՆՔ:2 ՀՐԱՏԱՐԱԿՉՈՒԹՅՈՒՆ:1 ՀԱՆԴԵՍ:1 ԳՐԱԽԱՆՈՒԹ:1 ԱՐԽԻՎ:1 ԹՎԱՅԻՆ:1 ԳՐԱԴԱՐԱՆ:1 ԿԱՊ:2 ՄԵԶ:1 ԽՄԲԱԳՐԱԿԱՆ:1 ԳՈՎԱԶԴ:1 ԸՆԴՈՒՆՈՒՄ:1 ԱՋԱԿՑԵԼ:2 ԳՈՐԾՈՒՄ:1 ՀԵՂԻՆԱԿԱՅԻՆ:2 ՈՐՈՆՔ:1 ՈՒՄ:1 ՊԱՐՏԱԴԻՐ:1 ՆՇԵԼ:1 ՏԱԼ:1 ԱԿՏԻՎ:1 ՀՂՈՒՄ:1 ՓՆՏՐԵԼ:1 ՀԵՂԻՆԱԿ:1 ԿԱՄ:1 ՏԵՔՍՏ:1
https://granish.org/there/	ՀՐԱՉՅԱ:5 ԱՅՆՏԵՂ:4 ԵՐԲ:13 ԳՐԱՆԻՇ:6 ԺԱՄԱՆԱԿԱԿԻՑ:1 ԳՐԱԿԱՆՈՒԹՅՈՒՆ:2 ՎԵՐՋԵՐՍ:1 ՊԱՏՄՎԱԾՔ:5 ՊՈԵԶԻԱ:1 ԷՍՍԵ:1 ԳՐԱԽՈՍԱԿԱՆ:1 ՄՐՑԱՆԱԿ:3 ՀԵՌՈՒ:4 ՄՆԱԼ:2 ՍԻՐԱՀԱՐՎԵԼ:2 ԱՐԱԲ:4 ՏԳԵՏ:2 ԴԵԿՏԵՄԲԵՐ:1 ՐՈՊԵ:1 ԱՅԼԵՒՍ:4 ՉԵՆՔ:1 ՄԱՐԴ:1 ԱՆԳԱՄ:7 ԱՉՔ:1 ԳՈՐԾ:2 ՀԵՏ:7 ԽՈՐՀՈՒՐԴ:1 ԱՐԱԲԱԿԱՆ:6 ՄԵՋ:11 ԻՍԿՈՒՅՆ:3 ԹԵԹԵՒ:1 ԱՆՑԱՎ:1 ԱՆՈՐՍԱԼԻ:1 ՄԱՐԴԻԿ:2 ՄՇՏԱՊԵՍ:2 ՀԱՆԴԻՊՈՒՄ:2 ՀԱՎԱՆԱԿԱՆ:1 ԵՐԲԵՔ:2 ՆՐԱՆ:4 ԲԱՅՑ:7 ԹԱՓԱՌՈՒՄ:1 ՏԱԿ:4 ՏՈՒՆ:1 ԻՍԿ:1 ԲԱԶՄԱԼԵԶՈՒ:1 ԲԱԲԵԼՈՆՅԱՆ:1 ՀԵՆՑ:1 ԱՅԴՏԵՂ:1 ՈՒՐ:1 ԱՐԱԲԵՐԵՆ:7 ԿՈԿՈՐԴԱՅԻՆ:1 ԱՅԴ:6 ԱՎԵԼԻ:5 ԲԱՐՁՐ:1 ԱՐՁԱԳԱՆՔՈՒՄ:1 ԱՆՀԵԹԵԹ:1 ԹՎՈՒՄ:3 ՀՈԳԵՒՈՐԱԿԱՆ:1 ՄԵԿԸ:7 ՑՈՒՅՑ:1 ՍԱԼԱՔԱՐ:1 ՈՐԻ:4 ՎՐԱ:8 ՍԱՅԹԱՔԵԼ:1 ԻՆՁ:16 ԻՆՉ:4 ՀՈԳՆԱԾ:1 ՀԱՃԱԽ:2 ՀԱՅՏՆՎԵԼ:1 ԱՅՆՊԻՍԻ:1 ՕՏԱՐ:2 ՈՐՈՆՔ:3 ԻՆՉՊԵՍ:1 ՔԻՉ:1 ԱՌԱՋ:3 ԱՆՏԱՐԲԵՐ:1 ԾՈՒՅԼ:1 ՇԱՐՈՒՆԱԿՈՒՄ:1 ԱՌԵՒՏՈՒՐ:1 ԱՆԵԼ:2 ԻՐԵՆՑ:5 ԹԱՔՆՎԱԾ:1 ԴԵՄ:1 ԴՈՒՐՍ:2 ԵԿԱ:1 ԽՈՒՄԲ:1 ԴԱՏԱՐԿ:1 ՊԱՐԶԵԼ:1 ԱՌՋԵՒ:6 ՆՐԱ:4 ՆԿԱՏԵԼ:2 ՀԻՆ:1 ՆԵՂԼԻԿ:1 ԱՄԲՈՂՋ:1 ՕՐԸ:3 ԱՆԸՆԴՀԱՏ:3 ՀԱՄԱՐ:3 ՊԵՏՔ:3 ՁԱԽ:1 ԵՐԵՒՈՒՄ:1 ՀԱՆԿԱՐԾ:2 ՉԱՓԱԶԱՆՑ:1 ՆՈՒՅՆ:1 ՏԵՂԸ:1 ՉԵՄ:5 ՃԱՆԱՉՈՒՄ:1 ՄԵՆԱԿ:2 ՀԱՅ:2 ԵՐԵՔ:2 ԲԱՌ:1 ԿԱՆԳ:1 ԿՏՐՈՒԿ:1 ԴԵՊԻ:1 ԲԱՆ:4 ԹԱՓ:1 ԵԲՐԱՅԵՐԵՆ:4 ՇԵՇՏԱԴՐՈՒՄ:1 ԱՆԳԼԵՐԵՆ:1 ԻՆՉՈ:2 ՀԵՏԵՒՈՒՄ:1 ԼՈՒՌ:1 ՀԱՄՐ:2 ԴԻՊՈՒԿ:1 ՈՒՇ:1 ՄԵՐ:2 ԱՅՆՔԱՆ:3 ԾՈՎ:1 ՄԵԿՆԵԼ:1 ԱՆԿՈՂԻՆ:1 ՀԱՋՈՐԴ:1 ԵՐԻՏԱՍԱՐԴ:1 ԾՈՎԱՓՆՅԱ:1 ԳՈՒՑԵ:7 ՄԻՆՉ:1 ՄԱՐԴԿԱՅԻՆ:1 ԶՈՒՐԿ:1 ՎԵՐԱՑԱԿԱՆ:1 ՏԵՂ:1 ՄԻԱՅՆ:2 ՆՄԱՆ:3 ՄԻՄՅԱՆՑ:1 ԳՐԵԹԵ:2 ԱՐԱԿԱՆ:1 ՆՐԱՆՔ:2 ՀԱԳԻՆ:1 ԿԱՐՄԻՐ:1 ՎԵՐՆԱՇԱՊԻԿ:1 ՀԱՆԴԵՊ:2 ԱՐՏԱՀԱՅՏՈՒԹՅՈՒՆ:1 ՓՈՐՁՈՒՄ:1 ԳՏՆԵԼ:1 ՆԱԽԱՊԵՍ:2 ՀԱՄՈԶՎԱԾ:2 ՄԵԿՆ:1 ԻՆՉՈՒ:1 ԱՌԱՋԻՆ:1 ԲԱՑԱՍԱԲԱՐ:2 ՆՈՐԻՑ:1 ՍՊԻՏԱԿ:4 ՎԱՏ:1 ՀԵՏՈ:6 ԿՐՈՒՄ:1 ԿԱՆԱՅՔ:1 ՍԵՒ:1 ԱՊՇԵԼ:1 ԵՐԿԱՐ:1 ՓԱԿ:2 ՄԱՀԱՑԱԾ:2 ՄՈՐՍ:3 ԼՐԻՎ:1 ԱՅՆ:3 ԺԱՄԱՆԱԿ:2 ԻՆՉՊԻՍԻ:1 ՀԱՆԴԱՐՏ:1 ՇԱՐՈՒՆԱԿՈՒԹՅՈՒՆ:1 ԿԱՐՈՂ:1 ԱՄՈՒՍՆԱՆԱԼ:1 ԱՐԳԵԼՎԱԾ:1 ԱՄՈՒՍՆՈՒԹՅՈՒՆ:1 ՍԿՍԵԼ:1 ՆԱԵՒ:3 ՏԱՐՕՐԻՆԱԿ:1 ԹՎԱԼ:1 ՄՈՒՍՈՒԼՄԱՆ:1 ԿՌԱՀԵԼ:1 ԱՌՆԵԼ:1 ՀԵՏԱՔՐՔԻՐ:2 ԱՐՅՈՒՆ:1 ԿԱՐՃԱՏԵՒ:1 ՈՒԺԵՂ:1 ՈՉԻՆՉ:2 ՈՒԺԳԻՆ:1 ՏԵՂՈՒՄ:1 ԲՌՆԵԼ:2 ԽՓՈՒՄ:1 ՄՆԱՑԱԾ:1 ԻՆՔՆԱԿԱՄ:1 ՄԵՌՆԵԼ:1 ԱՅԴՔԱՆ:1 ԸՆԿՃՈՒՄ:1 ԱՆՍՊԱՌ:1 ԻՆՔՍ:2 ԱՍՏՎԱԾ:2 ՄԵՂԱՎՈՐ:1 ԻՆՔԸ:1 ԱՆԽՆԱ:2 ՀԱՐՎԱԾՈՒՄ:1 ՀԱՍՏԱՏ:1 ԹՔԱԾ:1 ՈՂՋ:1 ԱՆՀԱԳ:1 ՀԵՐԻՔ:1 ՈՒՐԻՇ:1 ԸՆԿԱԾ:1 ՑԱՎ:1 ԵԹԵ:1 ՄԻՆՉԵՒ:1 ՎԵՐՋ:1 ՇՈՒՏ:1 ՈՒԺԱՍՊԱՌ:1 ՄԻԱԿ:1 ԱՆՇԱՐԺ:1 ԵՐԲԵՄՆ:1 ԶՐՈՒՑՈՒՄ:1 ԹԵԵՒ:1 ԱՅԴՊԵՍ:1 ՔՐԻՍՏՈՆՅԱ:1 ՍԱՓՐԵԼ:1 ԱՉՔՈՎ:1 ՄԻԳՈՒՑԵ:1 ՀԱՅԵՐԵՆ:1 ՎՏԱՆԳԱՎՈՐ:1 ԹՈՒՅԼ:1 ԹԵԹԵՒԱԿԻ:1 ԳԼԽԱՏԵԼ:1 ՀՆԱՐԱՎՈՐ:1 ԿՏՐԵԼ:1 ԵՂԵԼ:2 ՈՐՈՎՀԵՏԵՒ:1 ՈՐՔԱՆ:1 ՈՐՈՇ:1 ԴԵՌ:1 ԾԽԱԽՈՏ:1 ՄԻԱՍԻՆ:1 ՏԱՌԱՊՈՒՄ:1 ՏԵՍՆԵԼ:1 ՊԱՀ:1 ԱՐԴԵՆ:1 ԱՂՈՏ:1 ԵՐԵՒԻ:1 ԱՐԴԻ:1 ՀԵՔԻԱԹ:1 ԼԻԱՆ:1 ԿԱՐԾԻՔ:1 ԴՈՒՔ:2 ԹԱՓԱՆՑԵԼ:1 ՁԵՐ:2 ՀՐԱՇՔ:1 ՇԱՏ:2 ՀԱՐԳՈՒՄ:1 ՁԵԶ:1 ԱՅՍ:2 ԳԵՂԵՑԻԿ:1 ԽՈՐԻՄԱՍՏ:1 ՀԱՐԳԵԼԻ:1 ԳՐՈՂ:1 ԹՈՂՆԵԼ:1 ՄԵԿՆԱԲԱՆՈՒԹՅՈՒՆ:1 ԱՆՈՒՆ:1 ՓՈՍՏ:1 ԿԱՅՔ:2 ԳՐԱԿԱՆ:3 ՀԱՄԱՅՆՔ:2 ՀՐԱՏԱՐԱԿՉՈՒԹՅՈՒՆ:1 ՀԱՆԴԵՍ:1 ԳՐԱԽԱՆՈՒԹ:1 ԱՐԽԻՎ:1 ԹՎԱՅԻՆ:1 ԳՐԱԴԱՐԱՆ:1 ԿԱՊ:2 ՄԵԶ:1 ԽՄԲԱԳՐԱԿԱՆ:1 ԳՈՎԱԶԴ:1 ԸՆԴՈՒՆՈՒՄ:1 ԱՋԱԿՑԵԼ:2 ԳՈՐԾՈՒՄ:1 ՀԵՂԻՆԱԿԱՅԻՆ:2 ԲՈԼՈՐ:2 ՈՒՄ:1 ՊԱՐՏԱԴԻՐ:1 ՆՇԵԼ:1 ՏԱԼ:1 ԱԿՏԻՎ:1 ՀՂՈՒՄ:1 ՓՆՏՐԵԼ:1 ՀԵՂԻՆԱԿ:1 ԿԱՄ:1 ՏԵՔՍՏ:1
https://granish.org/vahram-danielyan/	ԵՐԵՔ:5 ՊԱՏՄՈՒԹՅՈՒՆ:2 ԳՐԱՆԻՇ:6 ԺԱՄԱՆԱԿԱԿԻՑ:1 ԳՐԱԿԱՆՈՒԹՅՈՒՆ:2 ՎԵՐՋԵՐՍ:2 ՊԱՏՄՎԱԾՔ:3 ՊՈԵԶԻԱ:1 ԷՍՍԵ:1 ԳՐԱԽՈՍԱԿԱՆ:2 ՄՐՑԱՆԱԿ:2 ՀՐԱՉՅԱ:2 ԱՅՆՏԵՂ:8 ԵՐԲ:6 ԱՌԱՋԻՆ:7 ԱՍՎԱԾ:2 ԹԵՒԱՎՈՐ:2 ԺԱՄԱՆԱԿԻՆ:2 ԴԵԿՏԵՄԲԵՐ:1 ՐՈՊԵ:1 ՍԱԿԱՎ:2 ՄԵՂՐ:1 ԱՀԱ:3 ԱՅՍ:6 ԹԵԵՒ:1 ԲԱՅՑ:14 ԱՐԱԲ:2 ՉՆԱՅԱԾ:1 ԱՅՆՈՒԱՄԵՆԱՅՆԻՎ:1 ՆՐԱ:9 ՀԵՏ:11 ՎՐԵԺԽՆԴԻՐ:1 ՎԵՐՆԱԳՐՈՒՄ:1 ՊԱՐԶԱՊԵՍ:3 ԽՐՈՆԻԿԱ:1 ՃԱՆԱՊԱՐՀ:1 ՄՅՈՒՍ:2 ՆԱԽԱՊԱՏՐԱՍՏՈՒՄ:1 ՏԵՍՔՈՎ:1 ԳԱՅԹԱԿՂՈՒՄ:1 ԿԻՆ:6 ՄԱՀ:3 ՆՍՏԱԾ:1 ՄԵՋ:10 ՄՈՐ:4 ԳՐԵԹԵ:1 ԻՆՁ:6 ՓԱԿ:1 ՄԱՀԱՑԱԾ:2 ՄՈՐՍ:3 ԱՌԱՋ:5 ՎՐԱ:8 ՀԵՏՈ:4 ԼՐԻՎ:1 ՄԵԿ:2 ԱՅԼ:1 ԱՅԴ:2 ԹՎՈՒՄ:1 ԻՆՉ:5 ՓՐԿԻՉ:1 ԱՎԵԼԻ:3 ՃԻՇՏ:2 ՆՈՒՅՆ:1 ՀԻՄՆԱԿԱՆ:3 ՈՐՈՆՈՒՄ:2 ԱՐԱԲԱԿԱՆ:2 ՀԱՆԴԻՊՈՒՄ:2 ԸՆԴ:1 ԻՇԽՈՂ:2 ՓՈՐՁՈՒԹՅՈՒՆ:1 ԱՆԳԱՄ:2 ՀՈԳԵՒՈՐԱԿԱՆ:1 ՄԵԿԸ:2 ՑՈՒՅՑ:1 ՍԱԼԱՔԱՐ:1 ՈՐԻ:4 ՍԱՅԹԱՔԵԼ:1 ՆՐԱՆ:2 ՍԱԿԱՅՆ:2 ԱՆՈՒՆԻ:1 ԽՈՒՄԲ:1 ԴԱՏԱՐԿ:1 ՊԱՐԶԵԼ:1 ԻՐԵՆՑ:2 ԱՌՋԵՒ:1 ՆԿԱՏԵԼ:2 ՏԱՆՈՂ:1 ԵՐԿՐՈՐԴ:3 ՆՈՐ:2 ԽՈՐՀՐԴԱՆՇԱԿԱՆ:3 ՀԱՋՈՐԴ:2 ԱՊՇԵԼ:1 ԵՐԿԱՐ:2 ՕՐԸ:1 ՆՄԱՆ:2 ԵՐՐՈՐԴ:1 ԱՅՍՏԵՂ:1 ԽԱԲՈՒՍԻԿ:1 ԴՐՍԵՒՈՐՈՒՄ:2 ԹՈՂ:1 ՄԵՐ:4 ՏՊԱՎՈՐՈՒԹՅՈՒՆ:1 ՍՏԵՂԾՈՒՄ:1 ՆԵՐՔՈՒՍՏ:1 ՓՈՐՁՈՒՄ:2 ԱՆՈՒՄ:1 ԱՐԱԲԵՐԵՆ:3 ԲԱՆ:4 ԻՆՉՈՒ:1 ԵԲՐԱՅԵՐԵՆ:2 ՉԵՄ:5 ԳՈՒՑԵ:4 ԿԱՄ:4 ԱՐԱ:1 ՀԵՌՈՒ:1 ՏԱՐ:1 ԽՆԴՐՈՒՄ:1 ՄԵՆԱԿ:2 ՀԱՅԵՐԵՆ:1 ՊԻՏԻ:4 ՆԱԵՒ:4 ՏԵՍԱՐԱՆ:1 ՄԱՍԻՆ:9 ՎԵՐՆԱԳՐԱՅԻՆ:1 ՀԵՆՑ:3 ՎՏԱՆԳԱՎՈՐ:1 ԹՈՒՅԼ:1 ՄԻԱՅՆ:2 ՈՐՊԵՍԶԻ:1 ԹԱՓԱՆՑԻԿ:2 ԿԱՆ:2 ՈՐՈՆՔ:2 ՀԵՏԵՒԱԲԱՐ:1 ԸՍՏ:1 ԲԱՑԱՏՐԱԿԱՆ:1 ՆԱԽ:2 ՆՇԱՆԱԿՈՒՄ:1 ԱՐՏ:2 ԴՈՒՐՍ:6 ԱՍԵԼ:1 ԹՈՂՆԵԼ:2 ՊԵՍ:2 ԿԱՐՃ:1 ՀՍՏԱԿ:2 ՊԱՐԶ:2 ԲԱՐԴ:1 ԺԱՄԱՆԱԿ:3 ՈՐՈՎՀԵՏԵՒ:11 ՍՊԱՍՈՒՄ:2 ՀԱՄԱՐ:8 ՊԱՏՄՈՒՄ:1 ՎԵՐԼՈՒԾՈՒՄ:1 ԱՆՈՒՆԻՑ:1 ԱՎՏՈ:1 ՊԵՏՔ:2 ՏԱՐԻՔԱՅԻՆ:1 ԵՐԱԺՇՏԱԿԱՆ:1 ԵՐԵԽԱ:2 ԱՆԼՈՒԾԵԼԻ:2 ԴԻՏՄԱՄԲ:1 ՆՇՈՒՄ:1 ՀԱՍԱՐԱԿ:2 ԲԱԶՄԻՑՍ:1 ՍՈՎՈՐԱԿԱՆ:2 ԿԱՐԵՒՈՐ:1 ԱՆԱՆՈՒՆ:1 ԶՐՈՒՑՈՒՄ:1 ԻՍԿ:4 ԵԹԵ:2 ՄԱՀԱՆԱ:1 ՄԵԶ:2 ՄՈՏ:2 ՇԱՏ:7 ԴՈՒՔ:1 ՎԵՐՋԻՎԵՐՋՈ:1 ԲՈՒԺՈՒՄ:1 ԳՆՈՒՄ:2 ԽՈՐՀՈՒՐԴ:3 ՄԱՍՆԱԿՑԵԼ:1 ՏԵՐԸ:1 ԼՍՈՒՄ:1 ԱՄԵՆ:1 ԱՅՈ:1 ԼՈՒՌ:1 ԱՄԱՉԵԼ:1 ԴՈՒ:2 ԽԱԲԿԱՆՔ:1 ՋՈՒՐ:2 ՆԱԽԱՎԵՐՋԻՆ:1 ՊԱՏԿԵՐ:1 ԿԱՆԳՆԵԼ:1 ԹԵԹԵՒ:1 ՔԱՄԻ:1 ՄՈՒԹ:1 ԱՍՏՂԵՐ:1 ՇՈՒՏ:1 ՑԱԾ:1 ԼՈՒԾՈՒՄ:1 ՀԱՄԱՆՈՒՆ:1 ԱՆՏՐԱՄԱԲԱՆԱԿԱՆ:1 ՄԻԵՒՆՈՒՅՆ:2 ՄԻԱԿ:1 ՀՆԱՐԱՎՈՐ:1 ԹԵՅ:1 ՏԵՍՆԵԼ:1 ԱՇԽԱՐՀԻ:1 ԲՈԼՈՐ:5 ԱՅՍՊԵՍ:1 ԹԱՔՈՒՆ:1 ԲԱԺԱԿ:1 ՕՂԻ:1 ՏԱՄ:1 ԴԺՎԱՐ:1 ԳՐԵԼ:1 ՅՈՒՐԱՔԱՆՉՅՈՒՐ:1 ԸՆԹԵՐՑՈՒՄ:2 ԴԻՏԱԿԵՏ:1 ՍՈՑԻԱԼԱԿԱՆ:1 ՀԱՐԹՈՒԹՅՈՒՆ:1 ԱՆՀԱՏԱԿԱՆ:1 ԱՅՆՔԱՆ:1 ՍՈՒՂ:1 ԳՐՈՒՄ:1 ԸՆԴՀԱՆՈՒՐ:5 ՊԼԱՆ:2 ԴԱՆԴԱՂ:2 ԲԱՌ:3 ԳՐՎԱԾ:2 ԱԿՆԱՐԿ:1 ՔԱՐՏԵԶԱԳՐՈՒՄ:1 ՍԿԻԶԲ:1 ՍԱԿԱՎԱԹԻՎ:1 ՍԵՓԱԿԱՆ:1 ՀԱՆԴԱՐՏ:1 ԱՐԴԵՆ:3 ԱՐՁԱԿ:1 ՀԱՏՈՒԿ:1 ԿՐՈՂ:1 ԱՌԱՅԺՄ:2 ԱՌԱՆՑ:2 ՄԵԾ:2 ՈՐՈՇ:1 ՍՊԱՍԵԼ:1 ՏՎՈՂ:1 ՏԵԽՆԻԿԱԿԱՆ:1 ՏԱՆՋԱՄԱՀ:1 ԿԱՐԳԻՆ:1 ՀԱՄԸ:1 ՀԱՆՈՒՄ:1 ՖՈԿՈՒՍ:1 ՁԵՌՔ:1 ԼԵԶՈՒ:1 ՀՅՈՒԹԵՂ:1 ԽՈՍՈՂ:1 ԱՐՏԱԿԱՐԳ:1 ՀԱՆԴԵՊ:2 ՍՐԱ:1 ԱՍԻ:1 ՄԱՐԴ:1 ԿԱՐ:1 ԿՈՊԻՏ:1 ՆՍՏԵԼ:1 ՀՈՐՈՎԵԼ:1 ԱՓՍՈՍ:1 ԲԱՎԱԿԱՆ:1 ԱՆՀԱՄ:1 ԲԱՆԵՐ:1 ՈՐՊԵՍ:1 ՀՈՒՍԱՀԱՏ:1 ՆՈՐԻՑ:1 ԳՅՈՒՂ:1 ՓՈՔՐ:1 ՏՈՒՆ:1 ԳԵՂԵՑԻԿ:2 ՓԱՓՈՒԿ:1 ՏՀԱՃ:1 ԿԱՆԱՅՔ:1 ԿԱՊՈՒՅՏ:1 ՊԱՀ:1 ԳԵՂԵՑԿՈՒՀԻ:1 ՄԱՔՐԵԼ:1 ԼԱՑ:1 ՄԵԿԻՆ:2 ՍԻՐՈՒՄ:1 ԿՈՒԼ:2 ԿԱՐԵԼԻ:1 ՈՐԵՒԷ:1 ՍԻՐԵԼ:3 ՀԱՄԱՀՈՒՆՉ:1 ՏԱԼ:3 ԼՌԵԼ:1 ԱՅԼԵՒՍ:1 ԱՆԿԱՐՈՂ:2 ՑԱՎԱԼԻ:1 ԳՈՐԾ:1 ՏԱՏԻ:1 ՀՈՐ:1 ՊԱՊԻ:2 ՎԱՅ:1 ԽԵՂՃ:1 ԻՆՉՊԵՍ:2 ԻՆՔԸ:5 ԵՂԵԼ:1 ՅՈԼԱ:1 ԱՎԱՆԴՈՒՅԹ:1 ՉՈՒՆԻ:1 ԿԱՐՈՂ:2 ԱՅԴՊԵՍ:1 ԱՊՐԵԼ:1 ՄԵՂԱԴՐԱՆՔ:1 ԱՆՍԵՌ:1 ՍՈՒՐԲ:1 ԻՆՔՆ:1 ԻՐԵՆ:1 ՄԱՅՐ:1 ԼԻՆԵԼ:1 ՕՐԻՆԱԿԵԼԻ:1 ԵՐՋԱՆԻԿ:2 ՈՒՐԻՇ:1 ՊԵՏՈՒԹՅՈՒՆ:1 ՏԱԿ:2 ԵՐԿԻՆՔ:1 ԱՆԻԾԵԼ:1 ՀՈՒՅՍ:2 ՎԱՏ:1 ԳԵՐԵԶՄԱՆՈՒՄ:1 ՏՈՀՄ:1 ԿԵՆԴԱՆԻ:1 ԱՆԿԵՆԴԱՆ:1 ԿԱՆԳՆՈՒՄ:1 ՎԵՐՋԻՆ:3 ԴԵՌ:2 ԱՆԿՅՈՒՆԱՔԱՐ:1 ՅՈԹ:1 ՔԱՂԱՔ:1 ՅՈԹԵՐՈՐԴ:1 ՁԵԶ:1 ՁԵՐ:2 ՄԱԳԱՂԱԹՅԱ:1 ՀԱԶԱՐԱՄՅԱ:1 ԱՊԱԳԱ:1 ՔԱՆԶԻ:1 ԵՐԿԻՐ:1 ԺՈՂՈՎՈՒՐԴ:1 ԳԱԼԻՔ:1 ԱՐԴԻ:1 ՀԱՅ:1 ՉԻՆԱԿԱՆ:1 ՍԱՀՄԱՆԱՅԻՆ:1 ՀՈԳԵՒՈՐ:1 ՔԱՂԱՔԱԿԱՆՈՒԹՅՈՒՆ:1 ԿՐՈՆ:1 ՌՈՄԱՆՏԻԶՄ:1 ԿԱՐԾԻՔ:1 ՍԿՍՆԱԿ:1 ԳՐԱԿԱՆԱԳԵՏ:1 ԵՐԻՏԱՍԱՐԴ:1 ՑՈՒՑԻՉ:1 ԳՐԱԽՈՍՈՒԹՅՈՒՆ:1 ԲԱՑԱՌԻԿ:1 ՀԱՋՈՂՎԱԾ:1 ՊԱՐՈՆ:1 ՏԻՐԱՊԵՏԵԼ:1 ԽՈՐ:1 ՈՒՂՂԱԿԻ:1 ԾԻԾԱՂԵԼԻ:1 ՎԱՂՈՒՑ:1 ԱՅՍՔԱՆ:1 ԱՆՁՆԱՎՈՐՈՒԹՅՈՒՆ:1 ՔԻՉ:2 ԵՂԲԱՅՐ:1 ՔՈՒՅՐ:1 ՀԻՇՈՒՄ:1 ՀԱՄԱՇԽԱՐՀԱՅԻՆ:2 ՕԳՏԱԳՈՐԾԵԼ:1 ԻՐԱԿԱՆՈՒՄ:1 ՄԹՆՈԼՈՐՏ:1 ԱՅՆ:2 ՀԱՆԴՈՒՐԺՈՂ:1 ԱՐԴԱՐ:1 ՆՈՐԸ:1 ԿԱՅՔ:1 ԳՐԱԿԱՆ:3 ՀԱՄԱՅՆՔ:2 ՀՐԱՏԱՐԱԿՉՈՒԹՅՈՒՆ:1 ՀԱՆԴԵՍ:1 ԳՐԱԽԱՆՈՒԹ:1 ԱՐԽԻՎ:1 ԹՎԱՅԻՆ:1 ԳՐԱԴԱՐԱՆ:1 ԿԱՊ:2 ԽՄԲԱԳՐԱԿԱՆ:1 ԳՈՎԱԶԴ:1 ԸՆԴՈՒՆՈՒՄ:1 ԱՋԱԿՑԵԼ:2 ԳՈՐԾՈՒՄ:1 ՀԵՂԻՆԱԿԱՅԻՆ:2 ՈՒՄ:1 ՊԱՐՏԱԴԻՐ:1 ՆՇԵԼ:1 ԱԿՏԻՎ:1 ՀՂՈՒՄ:1 ՓՆՏՐԵԼ:1 ՀԵՂԻՆԱԿ:1 ՏԵՔՍՏ:1
https://granish.org/%d5%a1%d5%b7%d5%b8%d5%bf-%d5%a3%d5%a1%d5%a2%d6%80%d5%ab%d5%a5%d5%ac%d5%b5%d5%a1%d5%b6-%d5%a3%d6%80%d5%ba%d5%a1%d5%b6%d5%ab-%d5%a2%d5%a1%d5%b6%d5%a1%d5%bd%d5%bf%d5%a5%d5%b2%d5%ae%d5%b8%d6%82/	ԳՐԱՆԻՇ:6 ԺԱՄԱՆԱԿԱԿԻՑ:1 ԳՐԱԿԱՆՈՒԹՅՈՒՆ:2 ՎԵՐՋԵՐՍ:1 ՊԱՏՄՎԱԾՔ:1 ՊՈԵԶԻԱ:5 ԷՍՍԵ:1 ԳՐԱԽՈՍԱԿԱՆ:1 ՄՐՑԱՆԱԿ:2 ՄԵԶ:3 ՄԻՆՉԵՒ:2 ԱՎԵԼԻ:2 ՔԱՆ:2 ՄԱՐՄԻՆ:2 ԲԱՌ:2 ԳԱՂՏՆԻ:2 ՄԵՋ:2 ՄԵԿԸ:2 ՊԵՏՔ:2 ԴԵԿՏԵՄԲԵՐ:1 ՐՈՊԵ:1 ՍՈՂՈՍԿՈՒՄ:1 ԱՆԱՎԱՐՏ:1 ԿՐՈՒՄ:1 ՄԵՐ:3 ԱՄՊԵՐ:1 ՎՐԱ:2 ԱՐԱ:1 ԳԵՂԵՑԻԿ:1 ՀԱՎԵՐԺ:1 ՊԻՏԻ:1 ԹԱՐԱԽ:1 ՎԵՐԱՊՐՈՒՄ:1 ՀԱՅՈՑ:1 ՓՈՔՐ:1 ԿՈՒՅՐ:1 ԱՅԼԵՒՍ:1 ՍԵՓԱԿԱՆ:2 ՄԱՍԻՆ:1 ՆԱՅՈՂ:1 ՀԱՅԱՑՔ:1 ՆԿԱՐՈՒՄ:1 ՎԵՐ:1 ԵՐԿԻՆՔ:1 ՏԱՆՈՂ:1 ՄԵԿ:1 ՔՆԱԾ:1 ՀՐԱՉ:1 ՀԱՄԱՐ:1 ՍԱՀՄԱՆԱՓԱԿ:1 ԺԱՄԱՆԱԿ:1 ՀԵՌՈՒ:1 ԱՆԱՄՊ:1 ՆՄԱՆ:1 ԼՌԵԼ:1 ԱՌԱՆՑ:1 ԿԱՄ:2 ԱՐԴԻ:1 ՀԱՅ:1 ՆԱԵՒ:1 ՈՐՈՆՔ:2 ԿԱՐԾԻՔ:1 ԹՈՂՆԵԼ:1 ՄԵԿՆԱԲԱՆՈՒԹՅՈՒՆ:1 ԱՆՈՒՆ:1 ՓՈՍՏ:1 ԿԱՅՔ:2 ԳՐԱԿԱՆ:3 ՀԱՄԱՅՆՔ:2 ՀՐԱՏԱՐԱԿՉՈՒԹՅՈՒՆ:1 ՀԱՆԴԵՍ:1 ԳՐԱԽԱՆՈՒԹ:1 ԱՐԽԻՎ:1 ԹՎԱՅԻՆ:1 ԳՐԱԴԱՐԱՆ:1 ԿԱՊ:2 ՀԵՏ:1 ԽՄԲԱԳՐԱԿԱՆ:1 ԳՈՎԱԶԴ:1 ԸՆԴՈՒՆՈՒՄ:1 ԱՋԱԿՑԵԼ:2 ԳՈՐԾՈՒՄ:1 ՀԵՂԻՆԱԿԱՅԻՆ:2 ԲՈԼՈՐ:2 ՈՒՄ:1 ՊԱՐՏԱԴԻՐ:1 ՆՇԵԼ:1 ՏԱԼ:1 ԱԿՏԻՎ:1 ՀՂՈՒՄ:1 ՓՆՏՐԵԼ:1 ՀԵՂԻՆԱԿ:1 ՏԵՔՍՏ:1
https://granish.org/president-prize-2009/	ՄՐՑԱՆԱԿ:8 ԳՐԱՆԻՇ:6 ԺԱՄԱՆԱԿԱԿԻՑ:1 ԳՐԱԿԱՆՈՒԹՅՈՒՆ:2 ՎԵՐՋԵՐՍ:1 ՊԱՏՄՎԱԾՔ:1 ՊՈԵԶԻԱ:1 ԷՍՍԵ:1 ԳՐԱԽՈՍԱԿԱՆ:1 ՖԻՆԱՆՍԱՎՈՐՈՒՄ:2 ՈՐՊԵՍ:3 ՎԿԱՅԱԳԻՐ:2 ՇՔԱՆՇԱՆ:2 ԱՅՆ:3 ԴՐԱՄԱԿԱՆ:2 ՊԱՐԳԵՒ:2 ԴԵԿՏԵՄԲԵՐ:1 ՐՈՊԵ:1 ՀԻՆԳ:1 ՀԱԶԱՐ:1 ՀԱՄԱՐԺԵՔ:1 ՅՈՒՐԱՔԱՆՉՅՈՒՐ:1 ՏԱՐԻ:2 ԱՐԺԵՔԱՎՈՐ:1 ԿԱՏԱՐԱԾ:1 ԿԱՆՈՆ:1 ՔԱՂԱՔԱՑԻ:1 ՀԵՏԵՒՅԱԼ:1 ՈՒԹ:1 ԲՆԱԿԱՆ:1 ՏԵԽՆԻԿԱԿԱՆ:1 ԻՆՖՈՐՄԱՑԻՈՆ:1 ՖԻԶԻԿԱ:1 ԲԺՇԿԱԳԻՏՈՒԹՅՈՒՆ:1 ԱՐՎԵՍՏ:1 ԱՅԴ:1 ԹՎՈՒՄ:1 ԿԵՐՊԱՐՎԵՍՏ:1 ԹԱՏՐՈՆ:2 ԿԻՆՈԱՐՎԵՍՏ:1 ՏԵՍՈՒԹՅՈՒՆ:1 ԱՅԼ:2 ՀՈՒՄԱՆԻՏԱՐ:1 ՄԱՐԴԱՍԻՐԱԿԱՆ:2 ԳՈՐԾՈՒՆԵՈՒԹՅՈՒՆ:1 ՊԵՏՔ:1 ԳՐՔԵՐ:1 ԳԻՏԱԿԱՆ:1 ԿԻՆՈ:1 ՎԻԴԵՈ:1 ՆԿԱՐ:1 ՔԱՆԴԱԿ:1 ՖՈՏՈ:1 ՍՈՑԻԱԼԱԿԱՆ:1 ԿԱՐՈՂ:3 ՆԵՐԿԱՅԱՑՎԵԼ:2 ՄԵԹՈԴԱԿԱՆ:1 ՆԵՐԿԱՅԱՑՆԵԼ:1 ԱՆՁԱՄԲ:1 ԿԱՄ:3 ՏՎՅԱԼ:1 ԳՈՐԾՈՂ:1 ՈՐԵՒԷ:1 ՄԻՆՉԵՒ:1 ՀԱՄԱՐ:1 ԱՆՀՐԱԺԵՇՏ:2 ԿԱՐԵԼԻ:1 ՍՏԱՆԱԼ:1 ՀԱՄԱՀԱՅԿԱԿԱՆ:3 ԳՈՐԾԱԴԻՐ:2 ԿԱՌԱՎԱՐԱԿԱՆ:1 ՄԱՍՆԱՇԵՆՔ:1 ԵՐԵՒԱՆ:1 ՀԱՆՐԱՊԵՏՈՒԹՅՈՒՆ:1 ԴԻՄԵԼ:1 ԳՐԱՍԵՆՅԱԿ:1 ՁԵՒ:1 ԳՐԱԿԱՆ:5 ՀԻՄՆԱԴՐԱՄ:1 ՆԱԵՒ:1 ԴՐԱՄԱՇՆՈՐՀ:1 ՓԱՌԱՏՈՆ:1 ԱՄՓՈՓՈՒՄ:1 ԹՈՂՆԵԼ:1 ՄԵԿՆԱԲԱՆՈՒԹՅՈՒՆ:1 ԱՆՈՒՆ:1 ՓՈՍՏ:1 ԿԱՅՔ:2 ՄԵՐ:1 ՀԱՄԱՅՆՔ:2 ՀՐԱՏԱՐԱԿՉՈՒԹՅՈՒՆ:1 ՀԱՆԴԵՍ:1 ԳՐԱԽԱՆՈՒԹ:1 ԱՐԽԻՎ:1 ԹՎԱՅԻՆ:1 ԳՐԱԴԱՐԱՆ:1 ԿԱՊ:2 ՄԵԶ:1 ՀԵՏ:1 ԽՄԲԱԳՐԱԿԱՆ:1 ԳՈՎԱԶԴ:1 ԸՆԴՈՒՆՈՒՄ:1 ԱՋԱԿՑԵԼ:2 ԳՈՐԾՈՒՄ:1 ՀԵՂԻՆԱԿԱՅԻՆ:2 ԲՈԼՈՐ:2 ՈՐՈՆՔ:1 ՈՒՄ:1 ՊԱՐՏԱԴԻՐ:1 ՆՇԵԼ:1 ՏԱԼ:1 ԱԿՏԻՎ:1 ՀՂՈՒՄ:1 ՓՆՏՐԵԼ:1 ՀԵՂԻՆԱԿ:1 ՏԵՔՍՏ:1
https://granish.org/black-book-heavy-beetle/	ՍԵՒ:5 ԳԻՐՔ:3 ԾԱՆՐ:3 ԲԶԵԶ:3 ԳՐԱՆԻՇ:6 ԺԱՄԱՆԱԿԱԿԻՑ:1 ԳՐԱԿԱՆՈՒԹՅՈՒՆ:2 ՎԵՐՋԵՐՍ:1 ՊԱՏՄՎԱԾՔ:1 ՊՈԵԶԻԱ:1 ԷՍՍԵ:1 ԳՐԱԽՈՍԱԿԱՆ:1 ՄՐՑԱՆԱԿ:2 ՎԵՊ:5 ԵԿԵՂԵՑԻ:2 ՄՏՆԵԼ:2 ՄԵՐ:17 ՀԱՄԱՐ:2 ԱՆՎՃԱՐ:2 ՄՈՄԵՐ:4 ՄԵՆՔ:10 ԴԵԿՏԵՄԲԵՐ:1 ՐՈՊԵ:1 ՀԱՏՎԱԾ:1 ՀԵՏՈ:3 ՍՐԸՆԹԱՑ:3 ՄԵԾ:1 ՄՏՆՈՒՄ:1 ԴՈՒՐՍ:2 ՄԵԾԱԴԻՐ:3 ՏԱՐԱԲՆՈՒՅԹ:2 ԻՐԱՐ:4 ՄԵՋ:11 ԽՈՐԱՆԱԼ:1 ԽՈՒՄԲ:2 ԹԻԿՈՒՆՔ:1 ՈՒՂԱՐԿՈՒՄ:1 ՑՐՏԻՆ:1 ԴԵՌ:3 ՏԱԿ:6 ՄԵՏԱՂԵ:2 ՏԱՓԱՍՏԱՆ:1 ԴԵՄ:1 ԴԻՄԱՑԻ:1 ԴԺՎԱՐ:1 ԲԱՅՑ:2 ԿՈՐՑՆԵԼ:1 ԴԱԴԱՐ:1 ՆՄԱՆ:1 ԵՐԿԹԵՒ:1 ԴԵՂԻՆ:3 ՉՈՐՍ:1 ԱՌԱԾ:1 ԻՆՉ:3 ԵԿՈՂ:2 ՍԱՆԻՏԱՐԱԿԱՆ:1 ԳՅՈՒՂ:1 ՄԵԿԸ:3 ՁԱՅՆ:2 ՆՍՏԱԾ:1 ՎՐԱ:4 ՆՐԱՆ:5 ԼՔԵԼ:1 ՀՈՒՍԱԽԱԲ:1 ՈՐՏԵՂ:1 ՄԱՍԻՆ:3 ՇՈՒՆ:1 ՀԱՑ:1 ԿԱՆԱՉ:1 ՆԱԽՇԱԶԱՐԴ:1 ՎԵՐԵՒ:1 ԹԱՓԱՆՑԻԿ:2 ԿԱՊՈՒՅՏ:2 ՄԵԶ:3 ՄԻԱՅՆ:3 ՆՈՐ:1 ՉԵՄ:2 ՆՐԱ:5 ՇՈՒՐՋԸ:2 ՏԱՐԲԵՐ:1 ՏԵՂԵՐ:1 ՆՍՏԵԼ:2 ԽՆՁՈՐ:1 ՈՒՏՈՒՄ:1 ՊԱՅԹՈՒՄ:1 ԽՆՁՈՐԻ:2 ՄՈՏԻԿ:1 ԿՈՒՏ:1 ԸՆԿԱԾ:2 ՍՊԻՆ:1 ԳՈՒՆԱՎՈՐ:1 ՆԱԵՒ:2 ՈՉԻՆՉ:1 ԾԽՈՒՄ:2 ՄԵԿՆ:1 ՄՅՈՒՍ:3 ԼԱՎ:1 ԻՆՉԻ:2 ՍՊԱՍՈՒՄ:1 ՄԻԱԺԱՄԱՆԱԿ:1 ԵՐԵՔ:1 ԱՅԴ:3 ԱՅԴՊԻՍԻ:1 ԲԱՆԵՐ:1 ՇԱՏ:2 ՍԻՐՈՒՄ:3 ՊԱՐԶԵԼ:1 ԼՍՈՒՄ:1 ԷԼԻ:1 ԿԱՐՈՏԵԼ:1 ԱՅԼԵՒՍ:1 ԼՍԵԼ:2 ԵԿԱԾ:1 ՓՍԽՈՒՄ:1 ՀՈՒՅՍ:1 ԿՐԿԻՆ:1 ՀԵՌՈՒ:2 ՑՐՎԱԾ:1 ՏԱՔ:3 ՏԵՂ:2 ԲԱՐԱԿ:1 ԱՌԱՋ:1 ՀՈՎԻՏ:1 ԾԱԿՈՂ:1 ԹԱՆՁՐ:1 ԿԱՆԳՆԵԼ:1 ԱՅՐՈՒՄ:1 ԺԱՄԱՆԱԿ:1 ԱՐԴԵՆ:1 ԱՆԳԱՄ:3 ԹԱՔՆՎԵԼ:1 ՊԵՏՔ:1 ԱՄԵՆ:1 ԵՐԿԱՐՈՒԹՅՈՒՆ:1 ԱՌԱՏ:1 ՓՈՔՐԻԿ:1 ՄՈԽՐԱԳՈՒՅՆ:1 ԵՌՈՒՄ:1 ԻՐԵՆՑ:1 ՀԵՆՑ:1 ՄԵԿԻՆ:1 ԳՏՆԵԼ:2 ՊԱՐԶ:1 ՓՌՎԱԾ:1 ԵՐԵՒՈՒՄ:1 ԲՈԼՈՐ:3 ՈՐՈՆՈՒՄ:1 ՑՈՒՅՑ:1 ՀՐԱՄԱՆ:1 ԱՅՆ:2 ԲԱԶԱ:1 ԴԱՐՁՅԱԼ:1 ԱՐԴԻ:1 ՀԱՅ:1 ՄԱՆԿՈՒԹՅՈՒՆ:1 ՍԵՒԱԿ:1 ԿԱՐԾԻՔ:1 ՋՐԻ:2 ԱՌԱՋԻՆ:4 ԻՆՔԸ:2 ԹԱԽԾՈՏ:2 ՀԵՏ:2 ՄՈՏ:1 ԻՆՁ:1 ԻՍԿ:3 ԹՈՒԼՈՒԹՅՈՒՆ:1 ԴՈՒ:1 ԲԱՑՎԵԼ:1 ԱՆՔՈՒՆ:1 ԵՓՎԱԾ:1 ԻՆՉՊԵՍ:1 ԱՆՑՅԱԼ:1 ՏԱՐԻ:1 ԳՆԴԱԿԻՑ:1 ԱՆՑԱՎ:1 ԱՐԺԱՆԻ:1 ԳՈՐԾ:1 ՏԱՂԱՆԴԱՎՈՐ:2 ԱՐՁԱԿԱԳԻՐ:1 ՀԻՄԱ:1 ԳԵՐԻ:1 ԳՈՒՑԵ:1 ՀԱՄԵՆԱՅՆ:1 ԻՍԿԱՊԵՍ:1 ԱՎԵԼԻ:1 ՇՈՒՏ:1 ՏԵՍՆԵԼ:1 ԸՍՏ:1 ՎԵՐՋԱԿԵՏ:1 ԳՐԱԿԱՆ:4 ԱՆՇՈՒՇՏ:1 ԳՐՈՂ:1 ԿԱՐԴՈՒՄ:2 ՍԻՐՈՎ:1 ԱՄԲՈՂՋԱՊԵՍ:1 ԹՈՂՆԵԼ:1 ՄԵԿՆԱԲԱՆՈՒԹՅՈՒՆ:1 ԱՆՈՒՆ:1 ՓՈՍՏ:1 ԿԱՅՔ:2 ՀԱՄԱՅՆՔ:2 ՀՐԱՏԱՐԱԿՉՈՒԹՅՈՒՆ:1 ՀԱՆԴԵՍ:1 ԳՐԱԽԱՆՈՒԹ:1 ԱՐԽԻՎ:1 ԹՎԱՅԻՆ:1 ԳՐԱԴԱՐԱՆ:1 ԿԱՊ:2 ԽՄԲԱԳՐԱԿԱՆ:1 ԳՈՎԱԶԴ:1 ԸՆԴՈՒՆՈՒՄ:1 ԱՋԱԿՑԵԼ:2 ԳՈՐԾՈՒՄ:1 ՀԵՂԻՆԱԿԱՅԻՆ:2 ՈՐՈՆՔ:1 ՈՒՄ:1 ՊԱՐՏԱԴԻՐ:1 ՆՇԵԼ:1 ՏԱԼ:1 ԱԿՏԻՎ:1 ՀՂՈՒՄ:1 ՓՆՏՐԵԼ:1 ՀԵՂԻՆԱԿ:1 ԿԱՄ:1 ՏԵՔՍՏ:1
https://granish.org/balagoe/	ԱՌԱՋԻՆ:9 ԳՐԱՆԻՇ:6 ԺԱՄԱՆԱԿԱԿԻՑ:2 ԳՐԱԿԱՆՈՒԹՅՈՒՆ:5 ՎԵՐՋԵՐՍ:1 ՊԱՏՄՎԱԾՔ:1 ՊՈԵԶԻԱ:1 ԷՍՍԵ:1 ԳՐԱԽՈՍԱԿԱՆ:1 ՄՐՑԱՆԱԿ:2 ՄԵԾ:4 ԿԱՆԱՉ:2 ՈՒՇԱԴԻՐ:2 ՀԵՐԹՈՎ:2 ՏՊԱԳԻՐ:2 ԱՎԵԼԻ:2 ՔԱՆ:3 ՕՐԻՆԱԿ:2 ՀՈԿՏԵՄԲԵՐ:1 ՐՈՊԵ:1 ՇՆՈՐՀԱԿԱԼ:2 ԿԱՐՃ:1 ԱՅՍՏԵՂ:1 ՔԱՂԱՔ:1 ՆԱԵՒ:4 ԿԱՅԱՐԱՆ:1 ԱՅՆՔԱՆ:4 ԲԱՑ:3 ԱՆԿԵՂԾ:4 ՈՐՔԱՆ:1 ՆՈՒՅՆ:2 ԱՅԴ:7 ՈՐՏԵՂ:4 ԳՐԵԼ:3 ՇԱՏ:3 ՄԱՐԴ:3 ԱՐԴԵՆ:1 ՀԵՏՈ:3 ՆՍՏԱԾ:1 ԵՐԲ:4 ՄԱՍԻՆ:8 ԽՈՍՏՈՎԱՆՈՒՄ:1 ԱՌԱՎԵԼ:1 ԻՆՔԸ:3 ԹԱՔՈՒՆ:3 ԳԻՐՔ:1 ՀԱՄԱՐ:5 ԲԱՅՑ:3 ԿԱՐԴԱՆ:1 ՍԿՍԵԼ:1 ԱՅՍՊԵՍ:2 ՄԻԱՅՆԱԿ:1 ԿԻՆ:1 ՄԱՅՐ:1 ԱՆՏՈՒՆ:1 ԱՆԴԵՄ:1 ԱՌԱՆՑ:3 ՉԱՐԻ:1 ԲԱՐՈՒ:1 ԲԱՎԱԿԱՆԻՆ:1 ՏԱՐՕՐԻՆԱԿ:1 ՊՐԻՄԻՏԻՎ:1 ԳԱՎԱՌԱԿԱՆ:1 ԷԱԿ:1 ԳՐՈՒՄ:4 ԳԻՇԵՐ:1 ՑԵՐԵԿ:1 ԱՄԵՆ:3 ԻՆՉԻ:3 ԳՆԱՀԱՏԱԿԱՆ:2 ԿԱՄ:3 ՈՐՈՇ:1 ԲԱՆԵՐ:1 ԳՈՎՈՒՄ:1 ՄԵՋ:4 ԻՆՔՍ:1 ԻՆՁ:9 ԳՈՀ:1 ՈՐՈՎՀԵՏԵՒ:1 ԹՎՈՒՄ:1 ՎԵՐՋԱՊԵՍ:1 ՏԵՂԸ:1 ԼԱՎ:1 ԻՆՉ:2 ՊԻՏԱՆԻ:1 ԲԱՆ:2 ԱՆՈՒՄ:2 ՈՐԸ:4 ԿԱՐՈՂ:3 ԴԱՌՆԱԼ:1 ԵԹԵ:3 ԱՅՍՔԱՆ:1 ՏԱՐԻ:3 ՕՏԱՐ:1 ԵՂԱԾ:1 ՀԱՅ:2 ՈՉԻՆՉ:1 ԵՐԲԵՄՆ:1 ՍԿՍՈՒՄ:2 ԹԱՓ:1 ՏԱԼ:2 ՄՈՌԱՆԱԼ:1 ՉԱՓԱԶԱՆՑ:1 ԲԱՑՈՒՄ:1 ԱՇԽԱՐՀԻ:1 ՀՐԱՎԻՐՈՒՄ:1 ԱՊՐԵԼ:1 ՀԵՏ:9 ՄԻԱՍԻՆ:2 ՄԻԳՈՒՑԵ:1 ՍՏԻՊՎԱԾ:1 ԵՂԵԼ:1 ՆՄԱՆ:3 ԹԱՔՑՆԵԼ:1 ՀԱՏՎԱԾ:1 ՀՐԱՊԱՐԱԿՎԵԼ:1 ԳԵՂԱՆԿԱՐԻՉ:1 ՈՐՈՇԵԼ:1 ՖԻՆԱՆՍԱՎՈՐԵԼ:1 ԻՆՔՆԱԳԻՐ:2 ԳՐԱԿԱՆ:7 ՀՈԴՎԱԾ:1 ԱՌՋԵՒ:1 ԱՅՆ:4 ԱՅՍՕՐ:2 ԿԱՆ:1 ՄԵԿԸ:1 ԿԱՐԴԱԼ:1 ԸՍՏ:1 ՆԵՐԿԱՅԱՆԱԼ:1 ԻՐԵՆՑ:2 ՄԱՐՄՆԱԿԱՆ:1 ՖԻԶԻԿԱԿԱՆ:1 ՄՏԱՎՈՐ:1 ՊԱՏԱՀԱԲԱՐ:1 ՇՆՈՐՀԻՎ:2 ԽՄԲԱԳԻՐ:1 ԲԱՆԱՍՏԵՂԾ:1 ՀԱՆԿԱՐԾ:2 ՎՐԱ:1 ԳՈՅՈՒԹՅՈՒՆ:1 ՈՒՐԻՇ:1 ՀԵՏԱՔՐՔԻՐ:1 ԼԵԶՈՒ:1 ԿԵՆԴԱՆԻ:1 ՄԵՐ:3 ՄԵՌԱԾ:1 ԳՐՎԱԾ:1 ԽՈՍԱԿՑԱԿԱՆ:2 ԿՈՉՎԱԾ:1 ԽԱՌՆՈՒՐԴ:1 ՖԵՆ:1 ԿԱՄԵՐԱ:1 ՊՈԼԿԱ:1 ԱՅԼ:3 ՀԱՅԵՐԵՆ:1 ՌՈՒՍԵՐԵՆ:1 ՈՐՈՆՔ:2 ՍԱԿԱՅՆ:1 ՄԵՂԵԴԱՅԻՆ:1 ԱՐՎԵՍՏԱԲԱՆ:1 ԿԼԱՆՈՒՄ:1 ԲՆԱՏՈՒՐ:1 ՆՐԱ:3 ՀՈՍՈՒՄ:1 ԲԱՌ:1 ՏԵՔՍՏ:2 ԻՍԿ:1 ՃԱՆԱՊԱՐՀ:1 ԴԵՊԻ:1 ԻՆՉՊԵՍ:4 ԹԵՄԱՆ:1 ՍՏԵՂԾՈՒՄ:1 ՄԵԿՆ:1 ՀԱՂԹԱՀԱՐԵԼ:1 ՊԱՏՄՈՒՄ:1 ՓԱԿՎԵԼ:1 ՄՅՈՒՍ:1 ՀԱՐԱԶԱՏ:1 ԻՐԱՐ:1 ՁԵՌ:1 ՔԱՇԻ:1 ԱՆՆՈՐՄԱԼ:1 ԴՈՒՐՍ:1 ՄԵԿ:5 ՑՈՒՅՑ:1 ՊԱՏՃԱՌՈՎ:1 ՔԱՆԻ:2 ՆՈՐԱԾԻՆ:1 ՈՐՈՇՈՒՄ:1 ԻՐԵՆ:2 ՁԵՐԲԱԿԱԼՈՒՄ:1 ՊԱՀՈՒՄ:2 ՄԻՆՉԵՒ:2 ՀԵՊԱՏԻՏ:1 ԿՈՐՈՒՍՏ:1 ՄԱՆՐԱՄԱՍՆ:1 ԲԱՆՏՈՒՄ:1 ԲՈՒԺՈՒՄ:1 ՊԱՅՔԱՐՈՒՄ:1 ԱԲՈՐՏ:1 ԱԶԱՏՎԵԼ:1 ՈՐԻ:2 ՄԱՆԿՈՒԹՅՈՒՆ:1 ՀԻՇՈՒՄ:1 ՔԱՋՈՒԹՅՈՒՆ:1 ԱՄԵՆԱՅՆ:1 ՊԱՏՄԵԼ:1 ԿԵՐՊ:1 ՍԱՐՔՈՒՄ:1 ԿԱՐՄԻՐ:1 ԷՍԹԵՏԻԿ:1 ԵՐԲԵՔ:1 ՍՐՍԿՈՒՄ:1 ՆԿԱՐԱԳՐՈՒՄ:1 ՎԵՐՋԻՆ:1 ԳՐԱԿԱՆԱԳԵՏ:1 ՎԱՐԴԱՆ:1 ԳՆԱՀԱՏՈՒՄ:1 ԻՆՔՆ:2 ԵՐԿԽՈՍՈՒԹՅՈՒՆ:1 ՀԱՆԴԵՐՁ:1 ՆՎԻՐՎԱԾ:1 ՍԻՐԵԼԻ:1 ԿԱՐԵՒՈՐ:1 ՆՇՈՒՄ:2 ԿԱՐԻՔ:1 ԱՌԱՋ:2 ԿԵՂԾԵԼ:1 ՔԵԶ:1 ԱՅՍ:1 ՊՐՈՑԵՍ:1 ՁԵՒ:2 ՆՈՐ:1 ՄԻԱՅՆ:1 ՍԱՌԱ:1 ԴՐԱՄԱՇՆՈՐՀ:1 ՓԱՌԱՏՈՆ:1 ԱՄՓՈՓՈՒՄ:1 ԹՈՂՆԵԼ:1 ՄԵԿՆԱԲԱՆՈՒԹՅՈՒՆ:1 ԱՆՈՒՆ:1 ՓՈՍՏ:1 ԿԱՅՔ:2 ՀԱՄԱՅՆՔ:2 ՀՐԱՏԱՐԱԿՉՈՒԹՅՈՒՆ:1 ՀԱՆԴԵՍ:1 ԳՐԱԽԱՆՈՒԹ:1 ԱՐԽԻՎ:1 ԹՎԱՅԻՆ:1 ԳՐԱԴԱՐԱՆ:1 ԿԱՊ:2 ՄԵԶ:1 ԽՄԲԱԳՐԱԿԱՆ:1 ԳՈՎԱԶԴ:1 ԸՆԴՈՒՆՈՒՄ:1 ԱՋԱԿՑԵԼ:2 ԳՈՐԾՈՒՄ:1 ՀԵՂԻՆԱԿԱՅԻՆ:2 ԲՈԼՈՐ:2 ՈՒՄ:1 ՊԱՐՏԱԴԻՐ:1 ՆՇԵԼ:1 ԱԿՏԻՎ:1 ՀՂՈՒՄ:1 ՓՆՏՐԵԼ:1 ՀԵՂԻՆԱԿ:1
https://granish.org/failed-novel-manuscripts/	ԳՐԱՆԻՇ:6 ԺԱՄԱՆԱԿԱԿԻՑ:1 ԳՐԱԿԱՆՈՒԹՅՈՒՆ:2 ՎԵՐՋԵՐՍ:1 ՊԱՏՄՎԱԾՔ:1 ՊՈԵԶԻԱ:1 ԷՍՍԵ:1 ԳՐԱԽՈՍԱԿԱՆ:2 ՄՐՑԱՆԱԿ:2 ԴԵԿՏԵՄԲԵՐ:1 ՐՈՊԵ:1 ԱՆՔՆՈՒԹՅՈՒՆ:1 ՍԵՒ:8 ԳԻՐՔ:8 ԾԱՆՐ:4 ԲԶԵԶ:4 ԱՆԻՐԱԿԱՆ:2 ՀԱՎԱԿՆՈՒՄ:1 ՎԱՎԵՐԱՑՆԵԼ:1 ՄԻԱԿ:4 ՀՆԱՐԱՎՈՐ:5 ԲԱՅՑ:8 ՄԵՋ:17 ԱՅԴ:16 ԵՐԲ:12 ԱՐՔԱ:3 ՆԵՐՔԻՆԻ:3 ՆԱԵՒ:12 ՆՈՐԸ:1 ՏԵՒԱԿԱՆ:1 ԵՐՐՈՐԴ:5 ԻՆՉՊԵՍ:5 ՄԻԱԺԱՄԱՆԱԿ:3 ՀԱՐԱԶԱՏ:2 ՉԱՓ:1 ՈՒՂԵԿԻՑ:1 ՊԵՍ:1 ԱՌԱՋԻՆ:8 ԱՍԵԼ:3 ԱՅՆ:10 ՀԱՄԱՐ:10 ԳՐՎԵԼ:1 ԲԵՐԴԻ:1 ԱԶԱՏԵԼ:1 ԺԱՄԱՆԱԿ:2 ՆՐԱ:14 ՄԵԿ:5 ԱՅՍ:15 ԲՈԼՈՐ:5 ԱՆՄԵՂ:2 ՄՆԱՍ:1 ՈՒՄ:4 ՆՈՒՅՆ:4 ՀՈՐ:1 ՀՆՉՈՒՄ:1 ԱՅԼ:13 ՆՄԱՆ:5 ՁԵՐ:2 ԿԱՆ:1 ՆՐԱՆՔ:1 ՀԱՄԸՆԿՆՈՒՄ:1 ԼԱՎԱԳՈՒՅՆՍ:1 ԳՐԱԿԱՆ:7 ԱՅՍՊԵՍ:4 ԱՎԵԼԻ:3 ՈՒԺԵՂ:1 ԱՌՆԱԿԱՆ:1 ԺԱՄԱՆԱԿԱՅԻՆ:2 ԱՅՍԻՆՔՆ:3 ԱՆԺԱՄԱՆԱԿ:1 ՕՐԸ:1 ԿԱՐՈՂ:6 ԼԻՆԵԼ:4 ՏԱՍ:1 ՏԱՐԻ:2 ԱՌԱՋ:2 ԿԱՄ:11 ՀԱՐՅՈՒՐ:1 ԻՍԿ:7 ՏԱՐԱԾԱԿԱՆ:3 ԳՈՐԾՈՒՄ:5 ՀՈՎՎԵՐԳԱԿԱՆ:3 ՎԱՅՐԻ:1 ԵՐԿՐՈՐԴ:3 ՊԱՏՄԱԿԱՆ:1 ՎԱՂԱԿԱՏԱՐ:2 ՏԱԿ:3 ՍԱԿԱՅՆ:2 ՎԱՂՎԱ:1 ԻՆՉ:3 ՎԵՐԱԲԵՐՈՒՄ:2 ԱՊԱ:6 ԱՅՍՏԵՂ:4 ԵՐԿՈՒ:3 ՀԻՄՆԱԿԱՆ:2 ՄՈԴԵԼ:1 ՀԱՅՐԵՆԻ:1 ՀՈՂ:2 ՕՏԱՐ:2 ՍՐԱՆՔ:1 ՄԻԱՅՆ:2 ՀՈԳԵԲԱՆԱԿԱՆ:1 ՄՇԱԿՈՒԹԱԲԱՆԱԿԱՆ:1 ՑՈՒՑԻՉՆԵՐ:1 ԻՐԵՆՑ:2 ԿԵՆՍԱԳՐԱԿԱՆ:1 ԲՆՈՐՈՇ:2 ՆԱԽՈՐԴ:1 ԲԵՐՈՒՄ:3 ՆՈՐ:5 ՀԵՏ:14 ՈՐԸ:2 ՏԵՂ:3 ՕՐԱԳՐԱՅԻՆ:3 ՁԵՒԱԿԵՐՊՈՒՄ:1 ՈՐՊԵՍ:2 ՏԵՔՍՏԱՅԻՆ:2 ՀԱՄԱԺԱՄԱՆԱԿՅԱ:1 ՀԱՋՈՐԴ:1 ՉՈՐՐՈՐԴ:1 ՕՐԱՑՈՒՅՑԱՅԻՆ:1 ՀՂՈՒՄ:2 ԴԵՌԵՒՍ:1 ՈՒՐԲԱԹ:1 ԱՅՍՕՐ:2 ՏԱՐԵԿԱՆ:1 ՀԱԶԱՐ:1 ԻՆՁ:3 ԾՆՈՂ:1 ՊԱՏԿԱՆՈՒՄ:1 ԲՈՒՆ:1 ՄԵԾ:1 ԵՂԱՆ:1 ԺԼԱՏ:1 ԷՊԻԿԱԿԱՆ:1 ՄԻՋԱՎԱՅՐ:1 ՈՐՈՆՔ:3 ՍՅՈՒԺԵ:2 ԴԱՌՆԱԼ:1 ՄԱՍԻՆ:10 ՆԿԱՏՈՒՄ:3 ՀԵՐԹԱԿԱՆՈՒԹՅՈՒՆ:1 ՄԱՍԱՄԲ:1 ԱՐԴԻ:2 ՀԱՅ:2 ՄՏՆՈՒՄ:1 ԼՈՒԾԵԼ:1 ՊԱՅՄԱՆԱՎՈՐՎԱԾ:2 ԱՆՏՐԱՄԱԲԱՆԱԿԱՆ:1 ԿԱՐԳԱՎՈՐՈՒՄ:1 ԲԱՆԱԿՈՒՄ:1 ԱՐՁԱՆԱԳՐՈՒՄ:1 ՉՈՒՆԻ:3 ՏՐԱՄԱԲԱՆՈՒԹՅՈՒՆ:1 ՆԵՐՔԻՆ:4 ԵՐԲԵՔ:1 ԱՄԲՈՂՋԱԿԱՆ:2 ՈՐՈՎՀԵՏԵՒ:2 ԱՆՀՆԱՐ:1 ՄԻԱՆԳԱՄԻՑ:1 ԱՄԲՈՂՋ:1 ՏԵՍՆԵԼ:2 ԳԻՏԱԿՑԵԼ:1 ՊԱՏԿԵՐ:1 ԱՌԱՆՑ:2 ՍՐՏԱՌՈՒՉ:1 ԴԱԺԱՆ:1 ԵՐԿԱՐ:1 ԲԱՐԱԿ:1 ՓՈԽԱՆՑԵԼ:1 ՊԱՏԵՐԱԶՄԱԿԱՆ:2 ՈՂՋ:3 ՎՐԱ:2 ԽՈՍՔ:1 ԽՆԱՅԵԼ:1 ՔԵԶ:1 ՇԱՏ:5 ԳԱՅԹԱԿՂԻՉ:1 ԸՆԹԵՐՑԵԼ:1 ՀԵՏՈ:4 ՍԵՓԱԿԱՆ:5 ՆԿԱՏԻ:1 ՈՐՈՇ:2 ՎԻՊԱԿԱՆ:3 ԱՊՐՈՒՄ:5 ԱՇԽԱՐՀԻ:2 ՀԵՏԱԳԱ:2 ՎԵՐՋԻՆ:2 ՊԻՏԻ:3 ՄԻԱՅՆԱԿ:3 ՈՉԻՆՉ:2 ԸՆԴՀԱՆՈՒՐ:1 ԿԱՐԵՒՈՐ:2 ԱՄԵՆԵՒԻՆ:2 ՉԵՄ:6 ԴԻՏՈՒՄ:1 ՔԱՆԻ:2 ԱՅՆՊԵՍ:1 ԻՆՔՆ:2 ԿՐՈՒՄ:1 ՀԱՂԹԱՀԱՐՈՒՄ:3 ԹԱՐՄ:1 ԽՐՈՆԻԿԱ:1 ՏԱՐԲԵՐՈՒԹՅՈՒՆ:2 ՈՒՐ:1 ԳՅՈՒՂԱԿԱՆ:1 ՀԵՐՔՈՒՄ:1 ՀԱՍՏԱՏՈՒՄ:2 ԻՐԵՆ:3 ՔԱՂԱՔԱՅԻՆ:1 ԱՆՀԱՍԿԱՆԱԼԻ:1 ԴԵՄ:2 ԸՆԴՀԱՆՐԱՊԵՍ:1 ԱՌՆՎԱԶՆ:1 ՀԱՎԱՔԱԿԱՆ:1 ՏՈՀՄԱԿԱՆ:1 ԱՆՀԱՏԱԿԱՆ:1 ԱՐՏԱՔԻՆ:1 ՕՏԱՐՈՒՄ:6 ՀԵՂԻՆԱԿ:2 ԽԶՎԵԼ:1 ՄԵԿԸ:3 ՊԱՅՄԱՆԱԿԱՆ:1 ՀԵՏԵՒՅԱԼ:2 ԻՐԱԿԱՆՈՒՄ:1 ՍԻՐՈՒՄ:1 ՔԱՆ:1 ՇԱՐՔ:1 ՀԱՄԱՏԵՂ:1 ԱՆՏԱՆԵԼԻ:1 ՄԵՐ:5 ՄԻՋԵՒ:1 ԱՆԸՆԴՀԱՏ:1 ՆԵՐԿԱ:1 ՀԵՂԻՆԱԿԱՎՈՐ:1 ՍԱՌՆՈՒԹՅՈՒՆ:1 ՊԱՐԲԵՐԱԿԱՆ:1 ՄՅՈՒՍ:1 ՍԿԻԶԲ:1 ՏԱՐՕՐԻՆԱԿ:1 ԶԳԱՑՈՂՈՒԹՅՈՒՆ:2 ԱՆՑԱՎ:1 ՁԳՎԵԼ:1 ԳՏՆՈՒՄ:1 ԱԶԳԱՅԻՆ:1 ՀԻՇԱՏԱԿՈՒՄ:1 ՓՈՔՐ:2 ՆՈՐՈՎԻ:1 ՓՈՐՁՈՒՄ:3 ՎԵՐԱԻՄԱՍՏԱՎՈՐԵԼ:1 ԺՈՂՈՎՐԴԱԿԱՆ:1 ԱՍՎԱԾ:1 ՓԱՌԱԲԱՆՈՒՄ:1 ԴՈՒՐՍ:1 ՄՆԱՑԱԾ:1 ՏԽՈՒՐ:2 ՇԵՐՏ:1 ԿԱՐՄԻՐ:4 ԻՆՉԻ:1 ՀՈՒՅՍ:1 ՀԵՆՑ:5 ԳՐՈՒՄ:3 ՔԱՐԱՆՁԱՎ:1 ԵՐԲԵՄՆԻ:1 ԱՐԴԵՆ:1 ԽԱՎԱՐՈՒՄ:1 ՆԵՐԱՐԳԱՆԴԱՅԻՆ:1 ԴՂՅԱԿ:1 ԼԱԲԻՐԻՆԹՈՍ:2 ԽԱՐԱՆ:1 ՄԹԱԳՆՈՒՄ:1 ԹԵԵՒ:1 ԴԵՊԻ:1 ԿԻՆ:1 ԱՆՀԱՂԹԱՀԱՐԵԼԻ:1 ԵՐԵՔ:2 ՁԵՒ:1 ԼԱՏԻՆԱԱՄԵՐԻԿՅԱՆ:1 ԸՆԴԳԾՈՒՄ:1 ԸՍՏ:2 ՈՂԲԵՐԳԱԿԱՆ:2 ՀԱՂԹԱՀԱՐԵԼ:2 ԲՆԱԶԴԱՅԻՆ:1 ՍԻՐԱՅԻՆ:4 ԵԹԵ:5 ԵՂԵԼ:1 ՊԱՐԶԱՊԵՍ:1 ԹԱՔՆՎԱԾ:1 ՄՈՏ:1 ՊԱՏԿԵՐՈՒՄ:1 ԷՐՈՍ:3 ԱՆՈՒՆՈՎ:1 ՊԱՏՄՎԵԼ:1 ԸՆՏԱՆԵԿԱՆ:1 ԱՆՊՏՈՒՂ:2 ՈՐՔԱՆ:1 ԱԶԱՏ:1 ԳՈՒՑԵ:1 ՃԻՇՏ:2 ԻՐԱՎՈՒՆՔ:1 ՄՈՏԵՆԱԼ:1 ԱՅԴՊԵՍ:3 ՕԲՅԵԿՏ:1 ՀԵՌՈՒ:1 ԷՐՈՏԻԿ:1 ՎԵՐՋՆԱԿԱՆ:1 ՓՐԿՈՒԹՅՈՒՆ:1 ԿՅԱՆՔ:1 ԿՈՉՎԱԾ:3 ԱՆՎԵՐՋ:2 ԽՈՐՀՐԴԱՆԻՇ:1 ՕԳՏԱԳՈՐԾՈՒՄ:2 ԿՐԿՆՈՒՄ:2 ԱՌԱՎԵԼ:1 ՎԻԿՏՈՐ:1 ՄԵՆԱԿ:1 ԱՅՍՊԻՍՈՎ:1 ԿԱՐԵԼԻ:1 ՆՊԱՍՏ:1 ՊԱՐԱԿԱՆՈՆ:2 ՁԵՒԱԿԱՆ:2 ՀԱՏՈՒԿ:1 ՁԵՌՔ:2 ԱՍԵՆՔ:2 ՄԵԿՆ:1 ՀԱՆԳ:1 ՌԻԹՄ:1 ԵՐԲԵՄՆ:1 ՃԱՊՈՆԱԿԱՆ:1 ՇՈՒՐՋԸ:1 ԱՐՁԱԿՈՒՄ:1 ՏԵՂԻ:1 ՀԱՐ:1 ԳՐԵԼ:1 ՏԱՐԲԵՐ:1 ՊԱՅՄԱՆԱԿԱՆՈՐԵՆ:1 ԱՄԵՆՈՒՐ:1 ՁԳՏՈՒՄ:1 ԻՆՔԸ:1 ՀԱՆԳԱՆԱԿ:1 ՔԵՐԱԿԱՆԱԿԱՆ:1 ՈՒՂՂԱԳՐԱԿԱՆ:1 ԼՍՈՒՄ:1 ԷՈՒԹՅՈՒՆ:1 ՊԱՏՃԱՌՈՎ:1 ՆԿԱՏՄԱՄԲ:1 ՄԻԱՆՇԱՆԱԿ:1 ԿԵՆԴԱՆԻ:1 ՇՆՉՈՒՄ:2 ՈՒՐԵՄՆ:1 ԿԱՌՈՒՑՎԱԾՔԱՅԻՆ:1 ԽՈՍՔԻ:1 ՄԵԶ:2 ՊԱՐԶՈՒՄ:1 ԱՎԱՐՏՈՒՆ:1 ԱՆԱՎԱՐՏ:2 ՄՂՈՒՄ:1 ԱՅՆՈՒԱՄԵՆԱՅՆԻՎ:1 ԱՆԴԻՆ:1 ՄԵՆՔ:1 ՈՐՈՆՈՒՄ:1 ՀԻՄԱ:3 ՄՏԱԾԵԼ:3 ԶՐՈՒՅՑ:1 ՀԱՆՁՆԵԼ:1 ԿԻՍՎԵԼ:1 ԿԱՐՈՏ:1 ՀԱՄԱՐԵԼ:1 ԱՆՆՇԱՆ:1 ՍԽԱԼ:1 ԹԵՐԵՒՍ:2 ԹՎԱՑՅԱԼ:1 ԲԱՑԱՌՈՒՄ:1 ԱՆՎԱՆԱԿՈՉԵԼ:1 ՈՐԴԻ:1 ՈՐՊԵՍԶԻ:1 ԶԱՎԱԿ:1 ՏԵՂԸ:2 ՉԻՆԱԿԱՆ:1 ՍԱՀՄԱՆԱՅԻՆ:1 ՀՈԳԵՒՈՐ:1 ՔԱՂԱՔԱԿԱՆՈՒԹՅՈՒՆ:1 ԿՐՈՆ:1 ՌՈՄԱՆՏԻԶՄ:1 ԿԱՐԾԻՔ:1 ԱՐՄԻՆԵ:1 ԳԻՏԱԿԱՆ:1 ՄՏՔՈՎ:1 ՀԱՐՈՒՍՏ:1 ՀԵՏԱՔՐՔԻՐ:1 ՀՈԴՎԱԾ:1 ԻՆՔՍ:1 ՈՐՏԵՂ:1 ՇՆՈՐՀԱԿԱԼՈՒԹՅՈՒՆ:1 ԸՆԿ:1 ՀԱՐՑՈՒՄ:1 ԹՈՂՆԵԼ:1 ՄԵԿՆԱԲԱՆՈՒԹՅՈՒՆ:1 ԱՆՈՒՆ:1 ՓՈՍՏ:1 ԿԱՅՔ:2 ՀԱՄԱՅՆՔ:2 ՀՐԱՏԱՐԱԿՉՈՒԹՅՈՒՆ:1 ՀԱՆԴԵՍ:1 ԳՐԱԽԱՆՈՒԹ:1 ԱՐԽԻՎ:1 ԹՎԱՅԻՆ:1 ԳՐԱԴԱՐԱՆ:1 ԿԱՊ:2 ԽՄԲԱԳՐԱԿԱՆ:1 ԳՈՎԱԶԴ:1 ԸՆԴՈՒՆՈՒՄ:1 ԱՋԱԿՑԵԼ:2 ՀԵՂԻՆԱԿԱՅԻՆ:2 ՊԱՐՏԱԴԻՐ:1 ՆՇԵԼ:1 ՏԱԼ:1 ԱԿՏԻՎ:1 ՓՆՏՐԵԼ:1 ՏԵՔՍՏ:1
https://granish.org/adalyan/	ՏԵՍԻԼՔ:4 ՀՐԱՏԱՐԱԿՎԵԼ:2 ԳԵՐՄԱՆԵՐԵՆ:5 ԳՐԱՆԻՇ:6 ԺԱՄԱՆԱԿԱԿԻՑ:4 ԳՐԱԿԱՆՈՒԹՅՈՒՆ:1 ՎԵՐՋԵՐՍ:1 ՊԱՏՄՎԱԾՔ:1 ՊՈԵԶԻԱ:1 ԷՍՍԵ:1 ԳՐԱԽՈՍԱԿԱՆ:1 ՄՐՑԱՆԱԿ:2 ԱՆՀՐԱԺԵՇՏ:2 ՀԱՄԱՐԵԼ:2 ՀԱՅ:2 ԳՐՈՂ:2 ՈՐԸ:3 ՏԱՌԱՊԱՆՔ:2 ՍԵՐ:2 ՄԱՐՏ:1 ՐՈՊԵ:1 ԹԱՐԳՄԱՆԵԼ:1 ՉՈՐՐՈՐԴ:1 ՆՈՐՔ:1 ԳՐԱԿԱՆ:5 ՀԱՅԵՐԵՆ:1 ԱՌԱՆՁԻՆ:1 ՊԱՏՄՈՒՄ:2 ՄԱՍԻՆ:2 ՀՐԱԺԱՐՎԵԼ:1 ՄԵՋ:1 ՆԿԱՏՄԱՄԲ:1 ԳԱՂՏՆԻ:1 ՆՈՐ:1 ՈՒՂՂՈՒԹՅՈՒՆ:1 ՆԿԱՏԵԼ:1 ԲԱՑԱԿԱՅՈՒՄ:1 ԳԵՐՄԱՆԱԿԱՆ:1 ԱՅԴ:1 ԿԱՐՈՂ:2 ՇԱՏ:1 ՀԵՏԱՔՐՔԻՐ:1 ԼԻՆԵԼ:1 ԳԵՐՄԱՆԱՑԻ:1 ՀԱՄԱՐ:1 ՀԱՅՏԱՐԱՐԵԼ:1 ՀԵՂԻՆԱԿ:2 ԺԱՄԱՆԱԿ:1 ՆԵՐԿԱՅՈՒՄՍ:1 ՄԻՆՉԵՒ:1 ՎԵՐՋ:1 ԳՐՈՒՄ:1 ՀԵՐԹԱԿԱՆ:1 ՆԿԱՐԱԳՐՈՒՄ:1 ԵՐԻՏԱՍԱՐԴ:1 ՖԱՆՏԱՍՏԻԿ:1 ԱՆՀԵԹԵԹ:1 ԻԳԱԿԱՆ:1 ԱՐԱԿԱՆ:1 ՄԻՋԵՒ:1 ԻՆՉՊԵՍ:1 ՄԻՇՏ:1 ՍԻՐՈՒՄ:1 ՆՍՏԵԼ:1 ՀԵՏԵՒԵԼ:1 ԼԵԶՈՒ:1 ԲԱՅՑ:1 ՀԱՍԿԱՆԱԼ:1 ՆՇԵԼ:2 ՆԱԵՒ:1 ԴՐԱՄԱՇՆՈՐՀ:1 ՓԱՌԱՏՈՆ:1 ԱՄՓՈՓՈՒՄ:1 ՏԱՐԻ:1 ԿԱՐԾԻՔ:1 ՆՈՎԵԼ:1 ՎԵՊ:1 ԹՈՂՆԵԼ:1 ՄԵԿՆԱԲԱՆՈՒԹՅՈՒՆ:1 ԱՆՈՒՆ:1 ՓՈՍՏ:1 ԿԱՅՔ:2 ՄԵՐ:1 ՀԱՄԱՅՆՔ:2 ՀՐԱՏԱՐԱԿՉՈՒԹՅՈՒՆ:1 ՀԱՆԴԵՍ:1 ԳՐԱԽԱՆՈՒԹ:1 ԱՐԽԻՎ:1 ԹՎԱՅԻՆ:1 ԳՐԱԴԱՐԱՆ:1 ԿԱՊ:2 ՄԵԶ:1 ՀԵՏ:1 ԽՄԲԱԳՐԱԿԱՆ:1 ԳՈՎԱԶԴ:1 ԸՆԴՈՒՆՈՒՄ:1 ԱՋԱԿՑԵԼ:2 ԳՈՐԾՈՒՄ:1 ՀԵՂԻՆԱԿԱՅԻՆ:2 ԲՈԼՈՐ:2 ՈՐՈՆՔ:1 ՈՒՄ:1 ՊԱՐՏԱԴԻՐ:1 ՏԱԼ:1 ԱԿՏԻՎ:1 ՀՂՈՒՄ:1 ՓՆՏՐԵԼ:1 ԿԱՄ:1 ՏԵՔՍՏ:1
https://granish.org/life/	ՎԱՐՈՒԺԱՆ:6 ՇՆՈՐՀԱՆԴԵՍ:2 ԳՐԱՆԻՇ:6 ԺԱՄԱՆԱԿԱԿԻՑ:1 ԳՐԱԿԱՆՈՒԹՅՈՒՆ:1 ՎԵՐՋԵՐՍ:1 ՊԱՏՄՎԱԾՔ:1 ՊՈԵԶԻԱ:1 ԷՍՍԵ:1 ԳՐԱԽՈՍԱԿԱՆ:1 ՄՐՑԱՆԱԿ:2 ԳԱԹ:2 ՈՒՄ:3 ԱՅՍՕՐ:2 ԾՆՆԴՅԱՆ:2 ՆՎԻՐՎԱԾ:2 ՑՈՒՑԱՀԱՆԴԵՍ:2 ՆԱԵՒ:3 ԴԵԿՏԵՄԲԵՐ:1 ՐՈՊԵ:1 ԿԱՌԱՎԱՐԱԿԱՆ:1 ՀՈԲԵԼՅԱՆԱԿԱՆ:1 ՎԵՐԱՀՐԱՏԱՐԱԿՎԵԼ:1 ԲԱՆԱՍԻՐԱԿԱՆ:1 ԴՈԿՏՈՐ:1 ՊՐՈՖԵՍՈՐ:1 ԱՆԴԱՄ:1 ԱՅՆ:1 ԱՌԱՋԻՆ:1 ԱՆԳԱՄ:1 ՀՐԱՏԱՐԱԿՎԵԼ:1 ՏՊԱԳԻՐ:1 ԱՆՏԻՊ:1 ԲԱԶՄԱԹԻՎ:1 ՆՈՐՈՎԻ:1 ԱՌԱՎԵԼ:1 ԱՄԲՈՂՋԱԿԱՆ:1 ԴՐԱՄԱՇՆՈՐՀ:1 ՓԱՌԱՏՈՆ:1 ԱՄՓՈՓՈՒՄ:1 ԳՐԱԿԱՆ:4 ՏԱՐԻ:1 ՄԵՐ:1 ԿԱՅՔ:1 ՀԱՄԱՅՆՔ:2 ՀՐԱՏԱՐԱԿՉՈՒԹՅՈՒՆ:1 ՀԱՆԴԵՍ:1 ԳՐԱԽԱՆՈՒԹ:1 ԱՐԽԻՎ:1 ԹՎԱՅԻՆ:1 ԳՐԱԴԱՐԱՆ:1 ԿԱՊ:2 ՄԵԶ:1 ՀԵՏ:1 ԽՄԲԱԳՐԱԿԱՆ:1 ԳՈՎԱԶԴ:1 ԸՆԴՈՒՆՈՒՄ:1 ԱՋԱԿՑԵԼ:2 ԳՈՐԾՈՒՄ:1 ՀԵՂԻՆԱԿԱՅԻՆ:2 ԲՈԼՈՐ:2 ՈՐՈՆՔ:1 ՊԱՐՏԱԴԻՐ:1 ՆՇԵԼ:1 ՏԱԼ:1 ԱԿՏԻՎ:1 ՀՂՈՒՄ:1 ՓՆՏՐԵԼ:1 ՀԵՂԻՆԱԿ:1 ԿԱՄ:1 ՏԵՔՍՏ:1
https://granish.org/daniel-varuzhan/	ՎԱՐՈՒԺԱՆ:4 ՀԵԹԱՆՈՍ:10 ԳՐԱՆԻՇ:6 ԺԱՄԱՆԱԿԱԿԻՑ:1 ԳՐԱԿԱՆՈՒԹՅՈՒՆ:1 ՎԵՐՋԵՐՍ:1 ՊԱՏՄՎԱԾՔ:1 ՊՈԵԶԻԱ:5 ԷՍՍԵ:1 ԳՐԱԽՈՍԱԿԱՆ:1 ՄՐՑԱՆԱԿ:2 ՀԱՆՈՒՆ:2 ՀՈՒՆՎԱՐ:1 ՐՈՊԵ:1 ՓԱՌՔ:1 ՔՈՒ:19 ԽՈՐ:2 ՏԱԿ:44 ՄԻՍ:1 ՈՒՐ:17 ՄԱՐԴ:2 ԵՐԲ:20 ՄԵՋ:127 ՄԵՐԿ:5 ԴՈՒՆ:17 ՊԵՍ:55 ԱՅԴ:17 ՆԵՐՔԵՒ:9 ՔԵԶ:13 ՀԱՐԿ:1 ԶՈՀ:4 ՊԱՐԳԵՒ:1 ՊԻՏԻ:12 ՈՐՊԵՍԶԻ:1 ԿԱԹԻԼ:1 ՀՅՈՒՐԸՆԿԱԼ:1 ՊԱՐԱՐՏ:4 ՎՐԱ:85 ՄԵԿ:5 ՀԱՅՐԵՆԱԿԱՆ:3 ԲՈԼՈՐ:19 ՄԵԾ:13 ԻՐԵՆՑ:34 ԱՆՄԱՀ:2 ՄԻԱՅՆ:4 ԴԵՌ:8 ԿՈՒ:20 ՀԱԿԱՌԱԿ:1 ԿԱՐՄԻՐ:8 ԱԼԻ:1 ԱՀԱ:27 ԱՌՈՒՅԳ:4 ԳԵՂՋԿԱԿԱՆ:1 ԽԱՂԱՂ:6 ԹՈՂ:18 ՄԵՐԹ:7 ՔԱՐԱՆՁԱՎ:2 ԱՆՀՈՒՆ:3 ՎԱՅՐԻ:6 ԽԱՐՏՅԱՇ:2 ՄԱՏՂԱՇ:3 ՈՍԿՅԱ:2 ՄԵԶ:7 ԱՐԳԱՎԱՆԴ:1 ՎԱՐ:20 ԻՍԿ:11 ՄԻՇՏ:13 ՍՈՒՐԲ:3 ԿԵՐ:2 ՈԼՈՐՈՒՆ:1 ԱՄԵՆ:10 ԲԵՂՈՒՆ:1 ՈՂՋ:2 ԳԱՐԻ:1 ԳԵՐ:4 ՔՈՎ:7 ԳԻՆԻ:6 ՏԵՐԵՒԱԹԱՓ:1 ՎԵՐ:11 ՆՈՒՌ:5 ԴԵՊԻ:5 ԴՈՒ:2 ՎԵՐՋ:3 ՄԵՌԱԾ:5 ԱՂԻՆ:1 ԿԻԹԱՌ:1 ԵՐԵՔ:7 ՈՍԿԻ:9 ՀՐԵՂԵՆ:2 ԱՍՏՂԻԿ:2 ԾԱՂԻԿ:4 ՅՈԹԸ:4 ԱԶԳԻ:1 ՅՈԹ:1 ԽՈՒՅՐ:2 ՀԵՐՈՍ:1 ՀԵԹԱՆՈՍԱԿԱՆ:4 ԿԱԽԱՐԴԱԿԱՆ:1 ՋԱՀԵՐ:2 ԼՈՒՅՍ:10 ԱՐՔԱ:1 ԱՅՍ:8 ԳԻՇԵՐ:2 ԳԱՀ:1 ՃԵՐՄԱԿ:8 ԳԻՆՈՎ:4 ԱՌՋԵՒ:7 ԾՈՎ:4 ԼՈՂԱԼ:1 ՓԱՌԱՀԵՂ:1 ՀԱԶԱՐ:1 ՍՈՒՏԱԿ:1 ՇՈՒՐՋԸ:2 ԱԴԱՄԱՆԴ:4 ԾԱՆՐԱԲԵՌՆՎԱԾ:1 ԻՆԿԵՐ:2 ԱՆԽՆԱՄ:1 ՆՈՐ:7 ՍԱԿԱՅՆ:2 ԾԱՐԱՎ:2 ԳՈՒՅՆ:1 ԱՅՆ:23 ԵՐԲԵՄՆ:5 ԲՈՒՅՐ:2 ԵՐԳ:4 ՀԱՄԱՅՆ:1 ԶՈՐԵՂ:2 ԹԱՓ:1 ԲՈՑ:4 ՀՈՐԴԱՌԱՏ:3 ՈՐՈՆՔ:9 ԱՆԶՈՒՍՊ:1 ՎԵՀ:3 ԴԵՊ:4 ԸՆԴԱՌԱՋ:1 ՀԱԶԻՎ:4 ԵՂԱԾ:3 ՇԱՄԲ:1 ԲԱՐՏԻ:1 ՀՐԱՇԱԳԵՂ:3 ՀԱՆԿԱՐԾԱԿԻ:2 ԲՅՈՒՐԵՂ:3 ՀԱԶ:1 ՀԱՆԿԱՐԾ:5 ՀԱՏՈՒԿ:1 ՀՈՎ:1 ԾԱՎԱԼ:2 ՄԱՐԵ:2 ԸՆԴՄԻՇՏ:1 ՆՈՒՐԲ:3 ԿԱՐԱՊ:1 ԲԱՐԻ:1 ՍԵՒ:7 ՄՅՈՒՍ:1 ԱՌԵՂԾՎԱԾ:1 ՎԵՐՋԻՆ:4 ԱՉՔՈՎ:1 ԲՅՈՒՐԵՂՅԱ:2 ԱԴԱՄԱՆԴԵ:1 ՊԱԼԱՏԻՆ:2 ՌԵՏԻՆ:2 ՄԵՐԿՈՒԹՅՈՒՆ:1 ԺԱՄԱՆԱԿ:5 ԾԱՐԱՎԻ:1 ՁՅՈՒՆ:2 ԲՈՒՌՆ:2 ՊԻՆԴ:2 ՄԵԿՈՒՍԻ:1 ՄԵՆՔ:4 ԱՌԱԾ:3 ԲՅՈՒՐ:3 ՀԻՆ:8 ՏԱՎԻՂ:1 ՎԻՆ:2 ՆԱՎ:8 ՇՈՒՏ:5 ԱՐԾԱԹ:2 ԳԵՐԻ:1 ՍԻՐՏ:1 ԱՆԳՈՒԹ:1 ԲԱԲԻ:1 ԱՅՍՊԵՍ:1 ՄԱՆ:3 ԽՈՒՆԿ:5 ՔՈՒՅՐ:1 ՄԵՐ:14 ՄՈԳԱԿԱՆ:1 ՆԵՐՍ:4 ՎՐԱՆ:2 ԲԱԲԵԼՈՆՅԱՆ:1 ՊԱՐՏԵԶ:1 ՇՈՒՇԱՆ:2 ՎԱՐԴ:2 ՓԱՐՈՍ:1 ՀՈՆ:10 ՔԱՆԻ:3 ԱՇԽԱՐՀ:2 ՄԱՅԻՍ:1 ԵՐԿԻՐ:1 ՊԵՏՔ:1 ԿԻՆ:8 ԻԲՐԵՒ:9 ԶՈՐ:16 ՏՈՍԱԽ:3 ԱՂՋԻԿ:6 ՓԱՐԹԱՄ:3 ԻՐԵՆՔ:1 ՏԱՆ:4 ԹՈՒՅԼ:3 ԿԱՐՃ:1 ՄԻՆՉԵՒ:12 ԱՌԱՎՈՏ:1 ԶՈՒՐԿ:3 ԿՈՊԻՏ:2 ԻՆՉՊԵՍ:5 ԶԻՆՎՈՐ:1 ՀԱՍՈՒՆ:2 ԱՅՍՕՐ:4 ՊՂԾԵԼ:1 ԲԵՐԵԼ:2 ԴԵՄ:5 ՆԵՐԴԱՇՆԱԿ:2 ԱՆԸՆԴՀԱՏ:1 ՈՒԺԱՍՊԱՌ:1 ԼՈՂԱՑՈՂ:1 ԱՂՈՏ:2 ԽՈՆԱՎ:6 ՈՄԱՆՔ:3 ՀՈՐԴ:4 ԳԱՆ:2 ԼՈՌԻ:1 ԱՄԲՈՂՋ:3 ՄԱՐՄԱՐ:3 ԴԱՆԴԱՂ:1 ՑՈՒՐՏ:2 ՑՈՂ:1 ՀԱՐՅՈՒՐ:1 ԻՐԱՐ:6 ԳՈՐՇ:1 ԴԱՏԱՐԿ:1 ԿԵՆԴԱՆՈՒԹՅՈՒՆ:1 ԿՈՂՄ:1 ՇՈՒՐՋ:2 ՆՍՏԱԾ:1 ԿԱՎԸ:1 ԶՈՎ:1 ՆՄԱՆ:10 ՈՂՈՐԿ:2 ՊԱՇՏԵԼԻ:1 ԱՆԳԱՄ:2 ԼԵՂԻ:1 ՀԵՏ:9 ՄԵԿՏԵՂ:1 ԱՅԼԵՒՍ:2 ՀԵՂ:3 ՎԱՐԴԻ:1 ԲՈՑԱՎԱՌ:1 ԴՈՒՐՍ:5 ՇԱՐԱՆ:2 ԲՈԲԻԿ:1 ՊԱՏՄԵԼ:2 ՁԵՐ:15 ԴՈՒՔ:4 ԻԲՐ:3 ԱՐՅՈՒՆՈՏ:1 ԱՄՈՒՍՆԱԿԱՆ:1 ՈՒՂԻ:1 ԲԱՂՆԻՔ:1 ՏԱՆԻՔ:1 ԱՐԵՒԵԼՅԱՆ:1 ԳԱՐՈ:2 ՄԵՆԱՎՈՐ:2 ՇԻԹ:5 ԱՐՅՈՒՆ:2 ԳՈՀԱՐ:2 ՎԵՐՋԱՊԵՍ:2 ԼԵՑՈՒՆ:5 ՄՈՐ:1 ԳԱԼՈՒ:1 ՀԱՄԱՐ:7 ԱՆԹԻՎ:3 ՆԵՍ:1 ՄԱՐՄԱՐԵ:1 ԼԻԶԵԼ:1 ԳՈԳ:2 ԲԱՐՁ:1 ԵՂԱՆ:1 ԿԱԹՆԱՅԻՆ:1 ՇԵԿ:1 ԱՌԱՋԻՆ:3 ՀՅՈՒՍՎԱԾ:6 ՄԻՋԵՒ:1 ԹՈՒԽՍ:2 ՄԵՂՄ:3 ԴԱՐՁՅԱԼ:4 ԾԱՆՐ:2 ԵԿԱ:1 ՀԱՐՅՈՒՐԱՎՈՐ:1 ԱՆԾԱՆՈԹ:2 ԽԱՌՆԱԾԻՆ:2 ԹՈՒԽ:3 ԱՆԴԻՆ:2 ԱՐԴ:2 ԿՊՉՈՒՆ:2 ԱՆՈՒՇԱԲՈՒՅՐ:1 ԱՊԱԳԱ:1 ԼԱՅՆ:7 ՏԱՐԻ:1 ԱՇԽԱՏՈՂ:1 ԲԱԶՄԱԶԱՆ:1 ՏՈՆԻ:1 ԻՆՁ:6 ՏՈՒՐ:1 ԼԱԼԱ:1 ԿԱՐԿԱՌՈՒՆ:1 ՀԵՏՈ:6 ԲԱՅՑ:10 ԻՆՉՈ:2 ՀԵՌԱՎՈՐ:2 ԱՐՏԱՍՎԵԼ:1 ՕՐՀՆՅԱԼ:1 ՏԱՔ:3 ԼՈՒՌ:3 ԲԱՑ:4 ՄԵՆ:2 ԶԻՍ:5 ՏԱՍ:1 ՈՒՐԻՇ:1 ՄԱՔՈՒՐ:4 ՀԱՎԻՏՅԱՆ:2 ԱԶՆԻՎ:3 ՍԵՐ:1 ՄԱՄ:2 ԾԵՐՈՒԿ:1 ԵՐԿՈՒ:3 ՍԱՍՏԻԿ:2 ԼՈԿ:7 ՉՈՒՆԻ:2 ՀՈԳՆԱԾ:1 ԵԹԵ:1 ՓՈՐՁ:1 ԲԱԺԱԿ:2 ԱՆՑԱՆ:1 ԿԱՅԾ:2 ՎԱՅՐԿՅԱՆ:1 ԳԱՐՆԱՆԱՅԻՆ:1 ՆՈՒՅՆ:1 ՏԻԿԻՆ:2 ԱՆԳԻՆ:1 ՀԱՎԵՏ:6 ԹԱԳ:2 ՍԻՐԱՀԱՐ:3 ԱՍՏՂԵՐ:3 ԳՈՐԳ:1 ԶՈՒՅԳ:2 ԿԱՊՈՒՅՏ:7 ՔԱՂԱՔ:2 ՊԱՆԴՈՒԽՏ:1 ՆԵՂ:1 ՍԱԼԱՔԱՐ:1 ԱԼԻՔ:3 ԻՆՔ:3 ԱԿՈՍ:1 ՀՈՒՐ:2 ԿՈՐ:2 ԿՈՒԶ:1 ՓՈՇԻ:6 ՇԱՓՅՈՒՂԱ:3 ԶԵՏԵՂԵԼ:1 ԱՌԱՆՑ:2 ՄԻԱԿ:1 ԱՉՔ:3 ՓԱՅՏԵ:4 ԹԱՆԳԱՐԱՆ:1 ԲՐԱԾՈ:2 ԿԻՑ:2 ՔԱՅԼ:1 ՀԵՌՈՒ:2 ԱՆՑՅԱԼ:1 ՀԱՄԲՈՒՐԵԼ:1 ՄԱՅՐԱՄՈՒՏ:1 ԲՐԻՆՁ:1 ՀՈՐ:1 ՀՈՎՎԱԿԱՆ:1 ՃՅՈՒՂ:2 ԳԱՂՏԱԳՈՂԻ:1 ԳՈՒՑԵ:1 ՁԱՅՆ:7 ԴՅՈՒԹԻՉ:1 ԼԻԱԶՈՐ:1 ՀԱՍԱԾ:1 ԹԱԳՈՒՀԻ:4 ՏԵՂ:6 ԱՐՈՒ:5 ՀՈԾ:1 ՎԵՐԵՒ:1 ՓՈՔՐԻԿ:4 ՄԵԿՆ:1 ԻՐԵՆ:2 ՏԵՍՆԵԼՈՒ:1 ՆԱԽԿԻՆ:1 ԹԱՑ:5 ՄԻՆՉ:1 ԱՆՈՒՇ:2 ԱՅՆՏԵՂ:2 ՈՒՂԵՒՈՐ:1 ԱՍՏՎԱԾ:4 ՎԻԹ:1 ՄՈՏ:3 ԽՄՈՂ:1 ՎԱՂԵՄԻ:1 ՄԱՐԴԻԿ:2 ՍՈՍԿ:1 ՆԱՅԻ:1 ԱԿԱՆՋՆԵՐ:2 ՍԻՐՈՒՆ:1 ՀԱՂՈՐԴԵԼ:1 ՁԵԶ:6 ԴՅՈՒՐԻՆ:1 ՎԱՐԴԱԳՈՒՅՆ:1 ԱՇԽԱՐՀԻ:1 ԱՌԸՆԹԵՐ:1 ԱՆՀԱՄԲԵՐ:1 ԸՆԾԱ:3 ԵՐԵԿՈՅԱՆ:1 ԱՅԳԵՎԵՏ:1 ՀՈՏ:2 ՊՈՌՆԻԿ:2 ԽԵԼԱՀԵՂ:1 ՀԱՐԲԱԾ:3 ԾԱԾՈՒԿ:1 ԱՎԱ:2 ԱՌՆԱԿԱՆ:1 ՎԱԶ:1 ՏԱՆԻՆ:1 ՀՈՒԺԿՈՒ:1 ԱՆՀԱՄԱՐ:1 ՏԱՐԱԳԻՐ:1 ԽՈՒՅՍ:1 ՔՆՔՇՈՐԵՆ:1 ՆԿԱՐԻՉ:1 ԱՐՍԵՆ:1 ԱՆՁԱՅՆ:1 ԻՆՉ:1 ՄԱՍ:2 ՎԵՐՔԵՐ:1 ՆԱԽԱՊԵՍ:1 ԹԻԹԵՌՆԻԿ:1 ՄԻՆ:1 ԱՂԱԽԻՆ:1 ԾԱՌԱ:1 ԱՎԵԼՑՈՒԿ:1 ՍՈՒՐ:3 ՓՈՒՇ:3 ԽՈՒԼ:3 ԱՆՏԵՐ:1 ԿՈՒՅՐ:1 ՈՐԲ:1 ՉԵՄ:2 ԱՆՎԱԽ:1 ՑԱԽ:1 ԴԱՓ:1 ՉԵՔ:1 ԹԱՓՈՒՐ:2 ԿՈՒՐ:2 ՏԽՈՒՐ:1 ՋԵՐՄԵՌԱՆԴ:1 ՆԵԿՏԱՐ:1 ՇԱՆ:3 ԽԱՉ:1 ԱՅԺՄ:1 ԸՆԿԵՐ:1 ՏԱՐ:1 ՀԱՆԴԻՄԱՆ:1 ԱՄՓՈՓ:1 ՕՁԵՐ:1 ՁԻՆ:2 ԱՂԵՂՆԱՁԵՒ:1 ԱՐԵՒ:1 ՊԱՅՏ:1 ՊՈՂՊԱՏ:1 ԲԱՑԻ:1 ԽԵՑԻ:2 ՆՈՐԱՀԱՅՏ:1 ԱՆԱԿՆԿԱԼ:2 ԸՆԴՀՈՒՊ:1 ԾԱՂԿԱԾ:1 ԲՌՆԵԼ:1 ՀԱՐՍԻ:1 ՇԱՀԵՆ:1 ՔԱՐ:9 ԳՈՌ:1 ԲՈՑԻ:1 ԶՈՒՐ:1 ԶՄՐՈՒԽՏ:1 ԱՎԵԼԻ:2 ԿԱՄ:10 ԿՈՒՌ:1 ՄՈԼԵԳԻՆ:2 ՀԱՂԹԱԿԱՆ:1 ԳԱԶԱՆ:1 ՓԱԽՉՈՂ:1 ԱՄԱՅԻ:2 ԱՀԱՐԿՈՒ:1 ԱՐԴԵՆ:3 ՍՊԻՏԱԿ:2 ՏԱՐԱԾՈՒԹՅՈՒՆ:1 ՓՈԽԱՐԵՆ:1 ԿԵՆԴԱՆԻ:4 ՀԵՌԱԿԱ:2 ՓՐՓՐՈՒՆ:1 ՊԱՅՔԱՐ:2 ԱՀԱՎՈՐ:1 ՀՅՈՒՍՆ:1 ԿԱՆԳՈՒՆ:2 ԲՈՒՌ:2 ԾՈՒՅԼ:2 ԽՈՐԻՆ:1 ՓԱՅԼԱԿ:1 ՈՐՈՏ:1 ՈՍԿԵԶՕԾ:2 ՎԵՐՍՏԻՆ:1 ԹՈՂՈՒՄ:1 ՀԱՂԹ:1 ԱՆԹԱՌԱՄ:1 ԿԱՎԻ:1 ՄԻՆՉԴԵՌ:1 ՏԱՐԱԾԵԼ:1 ՄԻԱՍԻՆ:1 ՆԱԵՒ:8 ԿԱՐԾԻՔ:1 ԲԱՌԱՐԱՆ:1 ՉՈՐ:2 ԱՌԱՍՊԵԼԱԿԱՆ:1 ԱՅՍՏԵՂ:1 ԴԺՈԽԱՅԻՆ:2 ԿՐԱԿ:1 ՕՋԱԽ:1 ԱՀԵՂ:1 ԾՈՒՌ:1 ՄՈՒՌ:1 ՄԱԶ:3 ԲԱՇ:1 ՄՈՐՈՒՔ:1 ԿԵՂՏՈՏ:1 ԾՈՎԱՅԻՆ:2 ԹՌՉՈՒՆ:5 ԱՂՈԹՈՂ:1 ՏՐՈՐԵԼ:2 ԱՂՈՒ:1 ՔԱՂՑՐ:1 ԴՈՒՐԵԿԱՆ:1 ԱՄԱ:1 ԱՄԱԶՈՆ:1 ՔԱՋ:1 ԽԻԶԱԽ:1 ԱՄՊՐՈՊ:1 ՓՈԹՈՐԻԿ:1 ԱՄԱՉԿՈՏ:1 ՎԻԹԽԱՐԻ:1 ԱՆՃՈՌՆԻ:2 ՆՈՍՐ:2 ԱՆԴ:1 ՀԱՆԴ:1 ԴԱՇՏ:1 ԿՐՈՆԱԿԱՆ:1 ՕՐՀՆՈՒԹՅՈՒՆ:1 ՀԱՏԿԱՊԵՍ:1 ԱՅԼ:1 ԴԵՂ:2 ՈՐԴԻ:1 ՀՈՎԻՎ:2 ԱՆԴՈՐՐ:1 ՀԱՆԳԻՍՏ:2 ԽՈՇՈՐ:2 ԱՆԱՍԵԼԻ:2 ԲԻՐՏ:1 ՃՇՄԱՐԻՏ:1 ԻՐԱԿԱՆ:1 ԼՍԵԼ:1 ՀՆԱԶԱՆԴՎԵԼ:1 ԱՆՈԹԻ:1 ՔԱՂՑԱԾ:1 ԽԵՂՃ:1 ԱՂՔԱՏ:1 ՎԵՐՔ:3 ԵՐԿԱՐ:4 ՄԵՏԱՂԵ:1 ՇՂԹԱ:3 ԱՆՇԱՐԺ:1 ԲԱՐՁՐԱՆԱԼ:2 ՔՇԵԼ:3 ՆԻԶԱԿ:2 ԳԵՂԵՑԻԿ:2 ԼԵՐԿ:1 ԱՆՏԱՆԵԼԻ:1 ՄԵՏԱՔՍՅԱ:1 ԱՊՐԻԼ:1 ՉՈՐՐՈՐԴ:1 ԳՐԱՎԵԼ:1 ՇԵՂՈՒՄ:1 ԹԵՔ:1 ԸՆԿԱԾ:3 ԶԱՌԻՎԱՅՐ:1 ԶԱՌԻԹԱՓ:1 ԱՌԱՋ:3 ՄՂԵԼ:2 ԱՍՏՂԱԶԱՐԴ:1 ՎԱՀԱՆ:1 ԿԱՐՈՂԱՆԱԼ:1 ՀԱՍԿ:2 ԳԼԽԱՐԿ:3 ՇՎԱՅՏ:1 ԹՈՒՔ:2 ՔՇՎԱԾ:1 ԱՐՑՈՒՆՔ:1 ՀԱՂԹԱՆԴԱՄ:2 ՊԱՏՎԱԿԱՆ:1 ԱՐՔԱՅԱԿԱՆ:1 ՏԱԼ:7 ԳՑԵԼ:3 ԲԱԳԻՆ:1 ԶՈՀԱՍԵՂԱՆ:1 ԼՐԱՑՈՒՑԻՉ:1 ՈՐԻ:6 ԶԱՐԴ:2 ՏՈՊՐԱԿ:1 ՊԱՐԿ:1 ԿԱՊՈՑ:1 ԿԱՆԱՉ:4 ԲՈՒՅՍ:9 ՊԱԼԱՏԱԿԱՆ:1 ԲԱՄԲԻՌ:1 ԳՈՐԾԻՔ:7 ՈՐՋ:1 ԶԱՌԱՆՑԱՆՔ:1 ԳՈՐԾՎԱԾՔ:1 ԲԱԽՏ:1 ԵՐՋԱՆԿՈՒԹՅՈՒՆ:2 ԻՄԱՍՏԱԼԻՑ:1 ԲԴԵՇԽ:1 ՍԱՀՄԱՆԱՊԱՀ:1 ԿՈՒՍԱԿԱԼ:2 ԿՈՏՈՐԵԼ:1 ԿԱԽԱՐԴԱՆՔ:3 ԲԻՐ:1 ՑԻՑ:1 ՁՈՂ:2 ՄԱՀԱԿ:1 ՄԻՋԻ:1 ՀՅՈՒԹ:2 ՍՆՈՒՆԴ:1 ԲՈՒԾԵԼ:1 ԲԱԶՄԱՑՆԵԼ:1 ՄՍՈՏ:1 ԿՈՇՏ:2 ՄԱՐՋԱՆ:1 ԲՈՒԻ:1 ԲՎԵՃ:1 ԴԱՓՆԻ:2 ՊՍԱԿ:1 ԳԱԶ:1 ՏԵՍԱԿ:6 ՎԱՌՈՒՄ:1 ԸՍՏ:7 ԻԴԵԱԼԻՍՏ:1 ԽԱՐԴԱԽ:1 ՆԵՆԳ:1 ՃՆՇՈՒՄ:1 ԳԵՂԱՐԴ:1 ՆԱՄ:1 ՀԱՄԵՂ:1 ՍՈՒՆԿ:1 ՈՒԺՈՎ:1 ԳԻՀԻ:1 ՓՇԱՏԵՐԵՒ:2 ԹՈՒՓ:3 ԳՈՐԾ:1 ԱԾՈՒՄ:1 ՓԱՓՈՒԿ:1 ՔՆՔՈՒՇ:1 ԳՈԼ:2 ԿԱՏԱՂԻ:2 ԾԱԼՔ:1 ԱՄԱՆ:3 ԿՌԻՎ:2 ՄԵՆԱՄԱՐՏ:1 ՄՐՑՈՒԹՅՈՒՆ:1 ՓՈՂՈՑ:1 ՆՎԵՐ:1 ՏՈՒՐՔ:1 ԴԵՂԻՆ:1 ԸՆՏԻՐ:2 ԹԱՍ:1 ԿՈՆՔ:2 ԽԻՍՏ:3 ԿՈԹ:1 ԹԱՇԿԻՆԱԿ:2 ԽԻՏ:2 ՄԱԶԵՐ:3 ԳԵՏԻՆ:2 ԴԻՏՈՂ:1 ԽՈՍՈՂ:1 ԴԵԼՖԻՆ:1 ԽԱՌՆԱԿ:1 ԱՏԵԼԻ:1 ԴԻՔ:1 ԻՇԽՈՂ:1 ԴՐՈՒՅԹ:1 ԳՐՈՀ:2 ՏՈՆ:2 ՕՏԱՐ:1 ԽՈՐԹ:1 ԱՄՈՒՐ:3 ԾԱՌ:2 ՓԱՅՏ:5 ԽԱԿ:1 ՑՈՐԵՆ:1 ԱՎԵՐԵԼ:1 ԽԱՆԳԱՐԵԼ:1 ՄԵՐԺԵԼ:1 ՀԵՐՔԵԼ:1 ՈՂՈՐՄԵԼԻ:1 ՁԱԳ:1 ԱՌԱՏ:3 ԵՌԱՆԴՈՒՆ:1 ՈՒԺԵՂ:3 ԱՐԱԳ:1 ՇՏԱՊ:1 ՑԱՆՑ:2 ՆՍՏԱՏԵՂ:1 ՊԱՏԵԼ:1 ԾԱԾԿԵԼ:2 ԾԱՅՐ:1 ԵՌԱԺԱՆԻ:1 ԵՐԿԻՆՔ:1 ԶԶՎԵԼԻ:2 ՈՍԿԵԹԵԼ:1 ՀԱՆԴԵՐՁ:1 ԶԱՐՄԻԿ:2 ԱԶՆՎԱՑԵՂ:1 ՀԱԳՆԵԼ:1 ԴԱՂ:1 ԶԱՅՐՈՒՅԹ:1 ԱԳԱՀ:1 ԲՆԱԾԻՆ:1 ԸՆԴՈՒՆԵԼ:1 ԵԿԱԾ:1 ԱԿԱՆ:2 ՍՈՑԻԱԼԻՍՏ:1 ՋՐԱՍՈՒՅԶ:1 ԱՆԵԼ:2 ԿՈՒԼ:1 ԹԱԹ:1 ՁԵՌՔ:2 ՋՐԻ:3 ԱՆՈԹ:3 ՍԱՓՈՐ:1 ԿՈՒԺ:1 ԾԱՂԿԱՄԱՆ:1 ԲՈՒՅՍԵՐ:1 ՄԱԶՈՏ:1 ԲՐԴԵ:1 ԹԵԼ:3 ԹԻԱԿ:1 ՉԱՓ:1 ԿՈՒՌՔ:1 ԱՆԿԱՏԱՐ:1 ՊԱԿԱՍ:1 ԹԵՐԻ:1 ԱՆՈՒՇԱՀՈՏ:6 ՈՒՐՑ:2 ԹՈՒՆԵԼ:1 ԹՈՒՆԱՎՈՐԵԼ:1 ԴԱԺԱՆ:1 ՀԱՆԴՈՒԳՆ:2 ՈՒԺ:1 ԻԼԻԿԱՁԵՒ:1 ԻՍԿՈՒՀԻ:1 ՏԻՐՈՒՀԻ:1 ԱՍՏՎԱԾՈՒՀԻ:1 ՌԵԱԼԻՍՏ:1 ՈՂԲ:1 ԼԱՑ:3 ԱՂԵՂ:1 ԲԱՑՎԱԾՔ:1 ՊԱՏՌՎԱԾ:1 ԱՆՀՆԱԶԱՆԴ:3 ԹՈՒԼԱՆԱԼ:1 ԿԱԽՎԵԼ:1 ԼՐԻՎ:1 ԱՄԲՈՂՋԱՊԵՍ:1 ԼՈՂ:1 ԹԻԿՆՈՑ:1 ՎԵՐԱՐԿՈՒ:3 ԼՈՄԱ:1 ԼՈՒՄԱ:1 ՋՐԱՅԻՆ:3 ՁԳԵԼ:1 ՊԱՐԶԵԼ:1 ՀԵՂՈՒԿ:1 ԼՈՏՈՍ:1 ՔԱՇԱԾ:1 ԽՈՐՏԻԿ:1 ԿԵՐԱԿՈՒՐ:1 ԲԵՐՔ:1 ՊՏՈՒՂ:1 ԽԱՇԽԱՇ:2 ԹՈՒՆԱՎՈՐ:2 ՀԱՇԻՇ:2 ԽԱՉԱՁԵՒ:1 ՓՈՒՆՋ:3 ԽԱՌՆԵԼ:1 ՊՈԿԵԼ:1 ԽԼԵԼ:1 ԽԱՐ:1 ԽՈՏ:2 ԼԿՏԻ:1 ԱՆՊԱՏԿԱՌ:1 ՆԵՑՈՒԿ:3 ՀԵՆԱՐԱՆ:2 ԸՄԲՈՍՏ:2 ԿԵՂԵՒ:2 ՀՐԵԼ:1 ԽԹԱՆԵԼ:1 ԿԱՍԿԱԾԵԼԻ:1 ՎՏԱՆԳԱՎՈՐ:1 ԹԱՆԿ:1 ՔՈՂ:2 ՇՂԱՐՇ:1 ԽՅՈՒՍ:1 ԽԱՂ:1 ՍԵՂՄԵԼ:1 ՆԵՐՔՆԱԿ:1 ՀԻՎԱՆԴՈՏ:1 ԽՈԼՈՐՁ:1 ՍՊԱՆԵԼ:1 ՄՈՐԹԵԼ:1 ՄՂՎԵԼ:1 ԴԵՆ:1 ԵՐԵՍ:1 ԴԱՐՁՆԵԼ:1 ԱՆԱՐԳԵԼ:1 ԹԵՔՎԱԾ:1 ՀԱԿԱԴԻՐ:1 ՓՈՍ:2 ԱՆԴՈՒՆԴ:1 ԲԱՐԱԿ:3 ՓՈԽՈՒՄ:1 ՍԻՄՎՈԼԻՍՏ:1 ԽՐԱԽՃԱՆՔ:1 ԽՆՋՈՒՅՔ:1 ԽՈՒՆ:1 ՇԱՏ:2 ԽՈՒՍԱՓՈՂ:1 ԾԱՐԻՐ:1 ՔԱՅՔԱՅՈՒՄ:1 ՋՐԱՀԵՂՁ:1 ԿԱՀ:1 ԿԱՐԱՍԻ:1 ՏՆԱՅԻՆ:2 ՇԱՐԺԱԿԱՆ:1 ԿԱՂԱՄԱՐ:1 ՈՒՐԱԽ:1 ՏՂԱՄԱՐԴ:1 ՊԱՆԴՈԿ:1 ԿԱՌ:1 ՑԱՎԱԳԻՆ:1 ԿՈՉ:1 ԽԱԹԱՐՈՒՄ:1 ՄԵՔԵՆԱ:1 ՆԱՎԱԿ:1 ՀՅՈՒՍՎԱԾՔ:2 ԶՎԱՐԹ:2 ՀՅՈՒՍԵԼ:1 ԳՈՐԾԵԼ:1 ԴԱՐՉԻՆ:1 ԽՈԶ:1 ՎԱՐԱԶ:1 ԾՆՈՏ:1 ԿԶԱԿ:1 ԴՈՒՆՉ:1 ՆԱԽՇ:1 ՀՄԱՅՔ:1 ՍՐԱԾԱՅՐ:1 ՈՒՂԻՂ:1 ՃԿՈՒՆ:2 ԿՈՆԴԱԿ:1 ՊԱՇՏՈՆԱԿԱՆ:1 ԳՐՈՒԹՅՈՒՆ:1 ԾԵԾՎԱԾ:1 ԿՏՈՐ:3 ՀՅՈՒՐ:1 ՀՐԱՎԻՐՅԱԼ:1 ՀՅՈՒՐԱՍԻՐՈՒԹՅՈՒՆ:1 ՀԱՎԱՔ:1 ՄԱՆՐ:3 ԽՈՊԱՆ:1 ԱՆՄՇԱԿ:1 ՍԱՂԱՎԱՐՏ:1 ՈՂԿՈՒՅԶ:1 ԿՈՃ:1 ՈՒՌՈՒՑԻԿ:1 ՊՈՐՏ:1 ՄԱԿՈՒՅԿ:1 ԿՈՒՐՏ:1 ՆԵՐՔԻՆԻ:1 ԲՌՈՒՆՑՔ:1 ԿԱՏԱՂՈՒԹՅՈՒՆ:1 ՑԱՆԿՈՒԹՅՈՒՆ:2 ՄԱՐՄՆԱԿԱՆ:1 ԽՈՇՏԱՆԳՈՒՄ:1 ՎԵՐՆԱԶԳԵՍՏ:3 ՀԱԳ:1 ԿՈՒՇՏ:1 ՀԱԼՎԵ:1 ԽԵԺ:1 ՈԳԻ:1 ԴԵՒ:1 ԱՄԲՈՂՋՈՎԻՆ:1 ԴԱՆԴԱՂԵԼ:2 ԸՆԴՀԱՆՈՒՐ:1 ՅՈՒՂ:2 ՀԱՅԵԿ:1 ՀԱՆԳԱՆԱԿ:1 ԱՄՓՈՓԵԼ:1 ՀԱՆԻ:1 ՏԱՏ:1 ԾԱԾԿՈՑ:4 ԹԱՆԿԱԳԻՆ:3 ՈՒԺԳԻՆ:1 ԼՈՒԾ:1 ԹԱՓԵԼ:1 ԱՏԱՄՆԱՁԵՒ:1 ՇԱՐՎԱԾ:1 ՆԱԽԱՆՁ:2 ԿԱՊ:3 ԶԱՆԱԶԱՆ:1 ՊԱՆԾԱԼԻ:1 ԱՆԱՄՈԹ:1 ՆԵՏ:2 ԴԱՆԱԿ:2 ԲԻԶ:1 ԱՆՈՒՆԻՑ:1 ՇՆՈՐՀՈՒՄ:1 ՆՐԱ:1 ԱՆՈՒՆՈՎ:2 ԳԱԼ:1 ՊՏՏԵԼ:1 ԾԻՐԱՆԱԳՈՒՅՆ:1 ՀԻՐԻԿ:1 ԱՏՈՄ:1 ՈՒՐՎԱԿԱՆ:1 ՍՐԲԱԶԱՆ:1 ԽՄԻՉՔ:1 ԶՐԱԴԱՇՏԱԿԱՆ:1 ԴԱՆԴԱՂՈՐԵՆ:1 ԽՈՒՄԲ:4 ԲԱԶՄՈՒԹՅՈՒՆ:2 ՉԱՐ:4 ՊԱՀՈՂ:2 ԶՈՐՈՒԹՅՈՒՆ:1 ԽԵՂԿԱՏԱԿ:1 ՀՐԵ:1 ԳԻՍԱՍՏՂ:1 ՀՐԱՏԱՊ:1 ԿՏՐԵԼ:1 ՊԱՀԵԼ:1 ԹԱՔՑՆԵԼ:1 ՓԱՅԼՈՒՆ:3 ԳՈՒՅՆԶԳՈՒՅՆ:3 ԽԱՅՏԱԲՂԵՏ:1 ՔԱՅԼՎԱԾՔ:1 ԶԱՎԱԿ:1 ՍԵՐՈՒՆԴ:1 ՇԱՌԱՎԻՂ:1 ՔԱՅԼԵԼ:1 ԶՐԱՀ:2 ՄԱԳԼՑԵԼ:1 ՄԱԼ:1 ՈՉԽԱՐ:1 ՉԱՐՈՒԹՅՈՒՆ:1 ԽԱՆԴ:1 ԳԱՐՇԵԼԻ:2 ՅՈՒՂՈՏ:1 ՍԱՐԴ:1 ՄԱՅԱ:1 ՀՈՒՆ:1 ԿԱԽԱՐԴՈՒԹՅՈՒՆ:1 ԳԵՐԱՆ:1 ՀՍՏԱԿ:1 ԿԱՆԱՑԻ:1 ՇՂԹԱՅԱՁԵՒ:1 ԱՄԵԹԻՍՏ:1 ՄԶԿԻԹ:1 ԱՆԱՌԱԿ:2 ԸՆԴՀԱՆՐԱՊԵՍ:1 ՓՐԿԻՉ:1 ՀԱՆԵԼ:3 ՄՈԽԻՐ:1 ԴԱԼԱՐ:1 ԽԱՂՈՂ:1 ՄԱՀՄԵԴԱԿԱՆ:1 ԶԱՐԴԱՐՈՒՆ:1 ՀԱՍՏԱՏ:1 ՄՇՏԱԴԱԼԱՐ:1 ԿՈՏՈՐԱԾ:1 ՀԱՎԵՐԺԱՀԱՐՍ:1 ԱԼՅՈՒՐ:1 ՆԱՎԱՍԱՐԴ:1 ՀԱՅԿԱԿԱՆ:1 ՎԱՐՊԵՏ:1 ՈՐԸ:1 ԲԵՐԵԼՈՒ:1 ՆԺԴԵՀ:1 ՕՏԱՐԱԿԱՆ:1 ԹԱՓԱՌԱԿԱՆ:1 ԵԿՎՈՐ:1 ՆԻՐՎԱՆԱ:1 ԲԼԻԹ:1 ԱՌԱՐԿԱ:1 ՎԻՐԱԲՈՒԺԱԿԱՆ:1 ԱՆՀՆԱԶԱՆԴՈՒԹՅՈՒՆ:1 ԱՊՍՏԱՄԲՈՒԹՅՈՒՆ:1 ՓԱՅԼ:2 ՇՈՂ:1 ԱՐԱԲ:1 ՀՈՒՄ:2 ՈՒՏՈՂ:1 ՄԻԱՑՆԵԼ:1 ՍՏԵՂԾԵԼ:1 ԿՐՔՈՏ:1 ԹՈՒՆԴ:1 ԲՈՍՈՐԱԳՈՒՅՆ:1 ՊԱՅԾԱՌ:2 ԹԱՐԱԽ:1 ՑԱՆԿԱՊԱՏ:1 ՇԻՆ:1 ՏԱՌ:2 ԱՐԱԲԱԿԱՆ:1 ԱՂՄՈՒԿ:2 ՍՈՃԻ:1 ԿՈՐԶԵԼ:1 ՀԱՓՇՏԱԿԵԼ:1 ՊՏՏՎԵԼ:1 ԹԱՓԱՌՈՂ:1 ՇՐՋԱՆ:1 ԱՍԵԼ:1 ԵՐԳԵԼ:2 ՆՎԱԳԵԼ:1 ԼԻՆԵԼ:1 ՆԻՀԱՐ:1 ԿԵՑՑԵ:1 ԽՈՒՐՁ:1 ՓՇՈՏ:1 ՕԳՏԱԳՈՐԾՈՒՄ:1 ԽԱՎ:1 ՎԱԽ:1 ՍԱՐՍԱՓ:1 ՔԻՄԻԱԿԱՆ:1 ԼԻԱԿԱՏԱՐ:1 ՊԱՏԻՃ:1 ՊԱՏՐԻԿ:1 ԱԶՆՎԱԿԱՆ:3 ՓԱՌԱՎՈՐ:1 ՀԻԱՍՔԱՆՉ:1 ԱՂՏՈՏՎԵԼ:1 ՀԱՆՔԱՅԻՆ:2 ՑՐՎԵԼ:1 ՎԱՆԵԼ:1 ՊՐԻԶՄԱ:1 ՋԱԽՋԱԽԵԼ:1 ԱՆՁԵՒ:1 ԿԵՐԱԿՐԵԼ:1 ԼԱՑՈՂ:1 ԸՆՁՅՈՒՂ:1 ԶԱՄԲՅՈՒՂ:1 ԳՈՐԾՈՒՄ:2 ՋՈՐԴԱՆ:1 ԽՈՂՈՎԱԿ:2 ՌԱՀ:1 ՃԱՆԱՊԱՐՀ:1 ԼՈՒՍԱՎՈՐ:2 ՍԱԴՐԱՆՔ:1 ԽՐԱՏ:1 ԿԱՐ:1 ՍԱՆՁԱՐՁԱԿ:1 ՕՐԵՐ:1 ՍԱՌԱԾ:1 ՔԱՐԱՑԱԾ:1 ՍԱԼԱՐ:1 ԶՈՐԱՊԵՏ:1 ԶՈՐԱՀՐԱՄԱՆԱՏԱՐ:1 ԿԱՑԻՆ:1 ՍԱՆ:1 ՊՂՆՁՅԱ:1 ԿԱՐԱՍ:1 ՍԱՏԱՆԱ:1 ՍԱՏՐԱՊ:1 ԲՌՆԱԿԱԼ:1 ԲՌՆԱՊԵՏ:1 ՍԻՐԵԿԱՆ:1 ՍԵՊՈՒՀ:1 ԱՍՊԵՏ:1 ՍԹԱՐ:1 ԹԱՄԲԻ:1 ԳԱՎԱԹ:1 ՍԿՈՒՏԵՂ:1 ՍԿԱՎԱՌԱԿ:1 ԴԻՊԱԿ:1 ՀՈՍՈՒՆ:1 ԳՈԳՆՈՑ:1 ԲՈՒՐԴ:1 ԿԵՐԱԿՐՈՂ:1 ՍԻՐՈՎ:2 ՏԱՐՎԵԼ:1 ՍՊՈՒՆԳԱՆՄԱՆ:1 ԹԵԹԵՒ:1 ՆՅՈՒԹ:1 ՄԻՋՈՒԿ:1 ՎԱՆԻ:1 ԹՇՎԱՌ:1 ԱՆԲԱԽՏ:1 ԱՆՊԻՏԱՆ:2 ՎԱՌ:1 ՊԱՐՈՂ:1 ՀԱՐՃ:1 ԹԱԿԱՐԴ:1 ՈՐՍ:1 ԳԼԽԱՎՈՐ:1 ԱՍՏՂ:1 ԹՌՉՆԱԿ:1 ՎԵՍՏ:1 ՕԳՆԱԿԱՆ:1 ՔԱՐՔԱՐՈՏ:1 ԺԱՅՌՈՏ:1 ԵՐԱԺՇՏԱԿԱՆ:1 ՎԻՐԱՎՈՐ:1 ՎԿԱ:1 ԿՐՈՆԻ:2 ՏԻՐՈՂ:1 ՎՐԵԺԽՆԴԻՐ:1 ՎՐԻԺԱՌՈՒ:1 ՏՈՒՓ:1 ՓՈՔՐ:1 ՍՆԴՈՒԿ:1 ՓՌՎԱԾ:1 ԹԱՂԻՔԵ:1 ԵՐԱՄ:1 ԿԻՐՔ:1 ՄՇՏԱԿԱՆ:1 ԿՈԿՈՐԴԻԼՈՍ:1 ԱՐԱՏԱՎՈՐ:1 ՏԳԵՂ:1 ԱՅԼԱՆԴԱԿ:1 ՏԻԿ:1 ՆՎԱԳԱՐԱՆ:2 ՊԱՐԿԱՊԶՈՒԿ:1 ՊՂՏՈՐ:1 ՑԵԽՈՏ:1 ՋՈՒՐ:2 ԳՈՒՆԱՏ:1 ԴԺԳՈՒՅՆ:1 ԴՐԱՄԱ:1 ԴՐԱՄԱՏԻԿ:1 ՎԻՃԱԿ:1 ՀՐԵԱԿԱՆ:1 ՈՒՍՈՒՑԻՉ:1 ՈՒՍՈՒՑՉԱՊԵՏ:1 ՎԱՐԴԱՊԵՏ:1 ԾԱԳԵԼ:1 ՔԻԹ:2 ՀԵՌԱՆԱԼ:1 ՀՈՍԱՆՔ:1 ԵՐԿՆԱՅԻՆ:1 ՃԵՂՔՎԱԾՔ:1 ԺԱՊԱՎԵՆԱՁԵՒ:1 ԿՐՈՒՄ:1 ՁԱԽ:1 ՈՒՍԻ:1 ԼԵԳԵՈՆ:1 ԼԱՐԱՆԻ:1 ԽՈՌՈՉ:1 ԱՎԵՐԱԿ:1 ԻՍԼԱՄԱԿԱՆ:1 ՄԱՐԳԱՐԵ:1 ԱՆՊԵՏՔ:1 ՊԻՂԾ:1 ՇԻՐԱ:1 ՄԱՆՅԱԿ:2 ԳԱՅԼ:1 ՂԵԿ:1 ԿԱՇԻ:1 ՔՐՏԻՆՔ:1 ԹԱԳԱՎՈՐԱԿԱՆ:1 ԻՇԽԱՆԱԿԱՆ:1 ԾԻՐԱՆԻ:1 ՄՏԱՑԱԾԻՆ:1 ԱՊԱՐԱՆՋԱՆ:1 ՀԱՆՑԱՎՈՐ:1 ՔՐՔՈՒՄ:1 ԶԱՖՐԱՆ:1 ՓՐՓՈՒՐ:1 ԿԱՐԵՆ:2 ՆՐԱՆՔ:1 ՀԱՍԱՆԵԼԻ:1 ԽՆԴԻՐ:1 ՀԱՅԿԱԶՅԱՆ:1 ԻՆՔԸ:1 ԳՐԵԼ:1 ՆՈՒՅՆՊԵՍ:1 ԿԱԶՄՈՒՄ:1 ՀԱՄԱՄԻՏ:1 ՋԱՆ:1 ԹՈՂՆԵԼ:1 ՄԵԿՆԱԲԱՆՈՒԹՅՈՒՆ:1 ԱՆՈՒՆ:1 ՓՈՍՏ:1 ԿԱՅՔ:2 ԳՐԱԿԱՆ:3 ՀԱՄԱՅՆՔ:2 ՀՐԱՏԱՐԱԿՉՈՒԹՅՈՒՆ:1 ՀԱՆԴԵՍ:1 ԳՐԱԽԱՆՈՒԹ:1 ԱՐԽԻՎ:1 ԹՎԱՅԻՆ:1 ԳՐԱԴԱՐԱՆ:1 ԽՄԲԱԳՐԱԿԱՆ:1 ԳՈՎԱԶԴ:1 ԸՆԴՈՒՆՈՒՄ:1 ԱՋԱԿՑԵԼ:2 ՀԵՂԻՆԱԿԱՅԻՆ:2 ՈՒՄ:1 ՊԱՐՏԱԴԻՐ:1 ՆՇԵԼ:1 ԱԿՏԻՎ:1 ՀՂՈՒՄ:1 ՓՆՏՐԵԼ:1 ՀԵՂԻՆԱԿ:1 ՏԵՔՍՏ:1
https://granish.org/havlabar/	ԱՎԵՏԱՐԱՆ:3 ԸՍՏ:3 ԳՐԱՆԻՇ:6 ԺԱՄԱՆԱԿԱԿԻՑ:1 ԳՐԱԿԱՆՈՒԹՅՈՒՆ:2 ՎԵՐՋԵՐՍ:1 ՊԱՏՄՎԱԾՔ:4 ՊՈԵԶԻԱ:1 ԷՍՍԵ:1 ԳՐԱԽՈՍԱԿԱՆ:1 ՄՐՑԱՆԱԿ:3 ԱՄԵՆ:13 ԻՆՉ:16 ԵՐԵՒՈՒՄ:10 ԱՄԲՈՂՋ:6 ՍՈՒՐԲ:3 ՀՈՒՆԱԿԱՆ:2 ՄԱՅԻՍ:1 ՐՈՊԵ:1 ՊԱՐՈՆ:4 ՄԵԼԻՔ:1 ՏԵՐ:1 ՏԻԿԻՆ:1 ՄԱԴԱՄ:3 ՃԵՐՄԱԿ:5 ՄԻՇՏ:2 ՆՐԱՆ:10 ՀԱՎԱՍԱՐ:1 ՊԱՀԱԾ:1 ՀՊԱՐՏ:1 ՄԵՋ:7 ԳՈՂ:1 ԼՈՔՈ:1 ՇԱՏ:4 ՏԱՆՋՈՒՄ:1 ՔԵԶ:3 ՈՐՏԵՂ:1 ԱԲԱՍԻ:5 ՆՇԱՆԱԿՈՒՄ:3 ԱՅԼ:1 ԻՆՉՔԱՆ:2 ԿԱՐՈՂ:11 ՄԱՐԴԻԿ:1 ՊԱՀՈՒՄ:2 ՀԱՄԱՐ:7 ԻՐԱՐ:2 ԱՉՔ:2 ՀԱՆՈՒՄ:2 ՍՊԱՆՈՒՄ:2 ԻՐԵՆՔ:1 ԻՐԵՆՑ:5 ՍԻՐՈՒՄ:6 ՉԱՓ:3 ԵԹԵ:5 ԳԵՏՆԱՓՈՐ:1 ԳԻՇԵՐ:1 ՀԱՎԱՔՈՒՄ:1 ՔԱՌԱՍՈՒՆ:2 ԵՐԳ:1 ԵՐԳՈՒՄ:3 ԹԵԹԵՒ:1 ԺՊԻՏ:1 ՔԻՉ:3 ՆԱՅԻ:1 ԹԱԽԾՈՏ:1 ՎՐԱ:8 ԻՆՉՊԵՍ:5 ՇՌԱՅԼ:1 ՄԵԾ:3 ԸՆԴԱՐՁԱԿ:1 ՆՄԱՆ:6 ՄԱՆ:6 ԴՈՒՐՍ:5 ԳԱԼՈՒ:1 ՄԵԿԻՆ:2 ԱՇԽԱՐՀԻ:2 ՇԻՆՈՒՄ:1 ՎՐԱՆ:1 ԿԱԽՈՒՄ:1 ԴԱՖ:1 ՔԱՄԱՆՉԱ:1 ՍՈԽԱԿ:1 ԲԼԲՈՒԼ:1 ԳՑՈՒՄ:1 ՄԵԿ:6 ԱՉՔՈՎ:1 ԱՐԻ:2 ՄԻՐԶԱ:4 ԽԱՆԻՆ:5 ԵՐԲԵՄՆԻ:1 ՓԻԼԻՍՈՓԱ:1 ՊԱՏՄՈՒՄ:1 ՈՆՑ:6 ԿԱՊՈՒՅՏ:2 ԲՈՅ:1 ԵԿՈՂ:1 ԳՐԱԴԱՐԱՆ:2 ՀԱՅԵՐԵՆ:1 ՎՐԱՑԵՐԵՆ:1 ԳՐԱԲԱՐ:1 ՀԵՏ:7 ԱՇԽԱՐՀԱԲԱՐ:1 ՌՈՒՍԵՐԵՆ:1 ՊԱՐՍԿԵՐԵՆ:1 ԳԵՐՄԱՆԵՐԵՆ:1 ԲԱՅՑ:6 ԳԼՈՒԽ:2 ՀԱՍՏԱՏ:1 ՀԱՄՈԶՎԱԾ:2 ՏԵՍ:1 ԵՐԱՆԻ:1 ԽԱՅՏԱՌԱԿ:1 ՊԱՐԾԵՆԱԼ:1 ԿԱՐ:1 ԺԱՄԱՆԱԿ:3 ՀԱՏՈՒԿ:1 ՈՒՐԻՇ:4 ՀԱՅՏՆԵԼ:1 ՀԻՄԱ:6 ԳՆԱՑ:1 ԲՈԼՈՐ:5 ԻՆՉԻ:1 ՄԱՍԻՆ:3 ԵՐԲ:4 ԻՆՔԸ:5 ԿԱՐԻՔ:1 ԻՀԱՐԿԵ:1 ԽԱՆԻ:5 ՈՐԴԻ:3 ՊԱՏՎԱՎՈՐ:1 ՏԱՆ:1 ԻՍԿԱԿԱՆ:2 ՀԵՏՈ:11 ՈՒՍՈՒՄ:1 ՊԵՍ:2 ՓԻԼԻՍՈՓԱՅՈՒԹՅՈՒՆ:1 ՀԵՇՏ:2 ՍԻՐՈՒՆԻԿ:1 ՄԵՐ:4 ՈՂՈՐՄԱԾ:1 ԽԱՆ:3 ՆՐԱ:9 ՏԱԿ:2 ՄՏԱՆ:1 ԱՂԱ:2 ՀԱՆԱԾ:1 ՔԱՆԻ:1 ԱՆԳԱՄ:4 ՆՈՐԻՑ:3 ԻՍԿ:6 ԴՈՒ:3 ԿԱՄ:2 ՀԵՐԻՔ:1 ԳՈՆԵ:1 ՀԱՐՄԱՐ:1 ԱՍԵՆՔ:3 ԹԵԿՈՒԶ:1 ՕՐԻՈՐԴ:1 ՄԵԿԸ:2 ԵԿԱԾ:1 ԳԱՂՏԱԳՈՂԻ:1 ՍԵՒ:1 ԳԻՐ:3 ՀԱՆԳԻՍՏ:2 ԳՈՒՇԱԿԵԼ:1 ԹԱԳԱՎՈՐ:1 ՆՈՒՅՆԻՍԿ:1 ԱՅՍԻՆՔՆ:1 ԵՐԿՈՒ:1 ԼՈՒՍԱՆԿԱՐ:1 ԱՌԱՆՁԻՆ:2 ԴԺՎԱՐ:1 ԲԱՆ:4 ՁԵՐ:1 ԽԼԵԼ:1 ՀԱՍՏԱՏՈՒՄ:1 ՀԱՑԻ:1 ԿԵՐԵԼ:1 ԱՐԱ:2 ԵՐԿԱՐ:1 ԲԱՑ:1 ԽՈՒՍԱՓՈՒՄ:1 ԱՅՆՈՒԱՄԵՆԱՅՆԻՎ:1 ՊՈՉՈՎ:1 ՀԵՏԵՒՈՒՄ:2 ՆԱԽԿԻՆ:1 ՔԱՇՈՒՄ:1 ԱՌԱՋ:1 ԱՂՋԻԿ:2 ԾՆՈՒՆԴ:2 ՈՒՂԻՂ:1 ՎԵՐ:3 ԿԻՐԱԿԻ:2 ՓՈՔՐԻԿ:4 ԹՎՈՒՄ:1 ԻՋԵԼ:1 ՆՈՐ:1 ՄՆԱԼ:1 ԹՈՂ:1 ՄԵԿՆ:1 ԲՌՆՈՒՄ:1 ՀԱՆԵԼ:1 ԱՌՋԵՒ:1 ԺՊՏԱԼ:1 ՊԱՀԵԼ:1 ՊԱՀՊԱՆԵԼ:1 ԸՆՏԱՆԵԿԱՆ:1 ԽԱՆԴՈՏ:2 ԸՆԴՈՒՆԵԼ:1 ԱՐԴԵՆ:2 ՊԻՏԻ:7 ԳԵՂԵՑԿՈՒԹՅՈՒՆ:1 ՍԻՐԵԼ:2 ԲԵՐՈՒՄ:3 ԾԱՂԿԵՓՈՒՆՋ:1 ՈՒՂԵԿՑՈՒՄ:1 ՀԱՆԿԱՐԾ:2 ՏԱՐԵԼ:1 ԱՅԴ:5 ԾԵԾՈՒՄ:1 ԱՍՏՎԱԾ:2 ՀԵՌՈՒ:2 ՊԱՀԻ:1 ՆԱԵՒ:2 ՍԻՐՏ:1 ԳԼԽԻՎԱՅՐ:1 ՆՈՒՅՆՊԻՍԻ:1 ԴԵՐԱԿԱՏԱՐ:1 ԱՆՈՒՄ:1 ԴՈՒՔ:1 ԳԻԺ:1 ՉԵՔ:1 ԼԱՑ:3 ՄԵՆՔ:2 ՊԱՐԶ:2 ՀԱՅԱՑՔ:1 ԹԻԿՆԱՊԱՀ:1 ԳՆՈՒՄ:1 ԳՈՐԾ:1 ՊԱԿԱՍ:2 ԲԱԶԱՐ:1 ԵԿԵՂԵՑԻ:1 ԹԱՏՐՈՆ:1 ՌԱԴ:1 ԴԵՄ:1 ՄԱՔՈՒՐ:2 ԱՆԵԼ:2 ՈՐՈՎՀԵՏԵՒ:2 ՄԱՐԴ:2 ԻՆՔՆ:6 ԶԻՋՈՒՄ:1 ԿՈՒԼ:3 ԿԱՄԱՑ:2 ԴԵՌ:3 ԹՈՒՅԼ:1 ԱՆՎԱՅԵԼ:1 ՔԱՅԼ:1 ՍՈՒՏ:3 ԽՈՍԵԼ:1 ԱՍՏՎԱԾԱՅԻՆ:1 ԵՐԿՆԱՅԻՆ:1 ՃՇՄԱՐԻՏ:2 ԱՐԴԱՐ:1 ԱՌԱՐԿԱ:1 ԾԻԾԱՂԵԼԻ:1 ՎԱՏ:1 ԱՅԼԵՒՍ:1 ԵՐԵԽԱ:1 ԿԱՐԿՈՒՏ:3 ԿԵՂՏՈՏ:1 ԱՍԵԼ:1 ԼԱՎ:1 ՄԻՏՔ:1 ՄԵՌԱԾ:1 ԳԻՏԻ:2 ԱՅԴՊԻՍԻ:2 ԱՅՑԵԼՈՒՄ:1 ԻՐԵՆ:1 ՀԱՎԱՏԱԼ:1 ՆՐԱՆՔ:2 ՍԻՐՈՎ:1 ՄԻԱԿ:1 ՍՈՎՈՐԱԿԱՆ:1 ՀԱՍԱՐԱԿ:1 ԱՅՆ:1 ԿՈՂՄ:1 ՈՒՇԱԴԻՐ:1 ԻՍԿԱՊԵՍ:1 ԳԵՂԵՑԻԿ:1 ՀՐԱՇՔ:1 ԼԻՆԵԼ:1 ՀՈՐ:1 ՏԱՐԱԾՈՒԹՅՈՒՆ:1 ՄՅՈՒՍ:2 ՄԻՋԵՒ:2 ԸՆԿԱԾ:2 ԱՐԴԻ:1 ՀԱՅ:1 ՀԵՔԻԱԹ:1 ՀԱՆԴԻՊՈՒՄ:1 ԼԻԱՆ:1 ԿԱՐԾԻՔ:1 ՆՇԱՆ:1 ԹՈՂՆԵԼ:1 ՄԵԿՆԱԲԱՆՈՒԹՅՈՒՆ:1 ԱՆՈՒՆ:1 ՓՈՍՏ:1 ԿԱՅՔ:2 ԳՐԱԿԱՆ:3 ՀԱՄԱՅՆՔ:2 ՀՐԱՏԱՐԱԿՉՈՒԹՅՈՒՆ:1 ՀԱՆԴԵՍ:1 ԳՐԱԽԱՆՈՒԹ:1 ԱՐԽԻՎ:1 ԹՎԱՅԻՆ:1 ԿԱՊ:2 ՄԵԶ:1 ԽՄԲԱԳՐԱԿԱՆ:1 ԳՈՎԱԶԴ:1 ԸՆԴՈՒՆՈՒՄ:1 ԱՋԱԿՑԵԼ:2 ԳՈՐԾՈՒՄ:1 ՀԵՂԻՆԱԿԱՅԻՆ:2 ՈՐՈՆՔ:1 ՈՒՄ:1 ՊԱՐՏԱԴԻՐ:1 ՆՇԵԼ:1 ՏԱԼ:1 ԱԿՏԻՎ:1 ՀՂՈՒՄ:1 ՓՆՏՐԵԼ:1 ՀԵՂԻՆԱԿ:1 ՏԵՔՍՏ:1
https://granish.org/in-front-of-the-white-paper/	ՍՊԻՏԱԿ:5 ԱՌՋԵՒ:3 ԳՐԱՆԻՇ:6 ԺԱՄԱՆԱԿԱԿԻՑ:1 ԳՐԱԿԱՆՈՒԹՅՈՒՆ:2 ՎԵՐՋԵՐՍ:1 ՊԱՏՄՎԱԾՔ:2 ՊՈԵԶԻԱ:1 ԷՍՍԵ:5 ԳՐԱԽՈՍԱԿԱՆ:1 ՄՐՑԱՆԱԿ:2 ԱՇԽԱՐՀԻ:4 ՄԻԼԻԱՐԴ:4 ՀԻՍՈՒՆ:3 ՏԱՐԻ:9 ՀԵՏՈ:7 ՅՈԹ:3 ՈՒԹՍՈՒՆ:2 ՏԱՍՆՉՈՐՍ:2 ԻՍԿ:8 ՆՈՐ:2 ՀՈՒՆՎԱՐ:1 ՐՈՊԵ:1 ԱՏՈՄԱՅԻՆ:2 ՇԱՏ:2 ԲԱՅՑ:7 ԱՆՆՊԱՏԱԿ:1 ԱՄԲՈՂՋ:2 ԵՐՋԱՆԿՈՒԹՅՈՒՆ:1 ՌԱԶՄԱԿԱՆ:1 ԳՆՈՒՄ:1 ԵՐԵՔ:3 ՄԵՋ:9 ՀԱՆԴԻՊՈՒՄ:1 ՀԱՆՈՒՄ:1 ՅՈԹԱՆԱՍՈՒՆ:1 ՀԱՐՅՈՒՐ:1 ԿԱՐ:1 ՍՈՆԱ:1 ԱՆԱԿՆԿԱԼ:1 ՆՎԻՐՈՒՄ:1 ՀԱՌՆՈՒՄ:1 ՎԻԹԽԱՐԻ:1 ԱՆՀԱՄԵՄԱՏԵԼԻ:1 ՑԱՆԿԱԼԻ:1 ՈՐՊԵՍ:5 ԱՂԲՅՈՒՐ:1 ԱՔԱՂԱՂ:1 ՏԱՍԸ:1 ԶՈՒՅԳ:1 ԱՉՔ:1 ԱՄԵՆ:7 ՄԻՍ:1 ՀԱՄԸ:1 ՀԱՎ:1 ՄՈՐԹԵ:1 ՀԻՄԱ:5 ՄԻԱԿ:1 ՁԵՒ:1 ՀՈԼԱՆԴԱԿԱՆ:1 ԽԵԼԱՑԻ:2 ԲՌՆՈՒՄ:1 ՍԱԳԻ:1 ԿԱՐՈՂ:3 ՈՒՏԵԼ:1 ՍԱԳ:1 ԿԵՐԱԿՐՈՒՄ:1 ԲՈԼՈՐ:5 ԿԱՆ:1 ՔԱՆԻ:2 ՎՐԱ:8 ՏԵՂ:1 ՄԻԱՅՆ:3 ԿԱՐՈՏՈՒՄ:3 ԼԻՆԵԼ:5 ԵՐԵԿ:1 ՎԱՂԸ:3 ՁԵԶ:1 ԲԱՎԱՐԱՐՈՒՄ:1 ՃԱՊՈՆԱԿԱՆ:1 ՊԱՏԱՍԽԱՆԵԼ:1 ՄԵՆՔ:1 ՀԱՐԳԱՆՔ:1 ԳԻՏԱԿՑԱԲԱՐ:1 ԴԱԴԱՐԵՑՆԵԼ:1 ԵՐԿՐՈՐԴ:1 ՄԵՐ:4 ԽՈՒԼ:1 ՊԱՌԱՎ:1 ԱՐՅՈՒՆ:1 ԿՈՏՈՐԱԾ:1 ՍՈՎ:1 ՆՐԱՆ:2 ՀԱՄԱՐ:3 ՇԱԲԱԹ:1 ԳՆԱՑ:3 ՌԱԶՄԱՃԱԿԱՏ:1 ԱՆՊԱՅՄԱՆ:1 ՄԱՍԻՆ:3 ՎԱՅ:2 ԵՂԵԼ:1 ԲԱՐՁՐ:1 ԱՇԽԱՐՀ:1 ՄԵԾ:3 ԱՌԱՋ:1 ԱՌԱՍՊԵԼ:1 ԲԱԶՄԱՀԱՐԿ:1 ԿԱՌՈՒՑՈՒՄ:1 ԱՆՀՈՂ:1 ԵՆԹԱԿԱ:1 ՊԱՏՃԱՌՈՎ:2 ԱՌԱՋԻՆ:1 ՕԴԱՅԻՆ:1 ՉՆԱՅԱԾ:2 ԻՐԵՆՑ:2 ՉԻՆԱԿԱՆ:1 ՏԱՆԵԼ:1 ԱՅՍ:7 ՍԻՐԵԼԻ:2 ՍԱՐՍԱՓԵԼԻ:1 ԽԵԼԱԳԱՐ:1 ՀԱՍԿԱՆԱԼԻ:1 ԴԱԺԱՆ:1 ԲԱՆ:4 ՄԵՐԿ:1 ԳՐՈՂ:3 ՎԱՅՐԿՅԱՆ:1 ԿԱՐԵԼԻ:3 ԿԱԹՎԱԾԱՀԱՐ:1 ԱՆՈՒՄ:1 ՊԵՍ:2 ԲԵՐԵԼ:2 ՎԵՐ:1 ԿՈՏՐԵԼ:2 ԱՀԱ:1 ԿԵՐՊԱՐԱՆՔ:1 ԹԱՆԱՔ:1 ՆՍՏԵԼ:2 ՔԱՈՍԱՅԻՆ:1 ՄԻՆՉԵՒ:1 ԱՅՆ:2 ԻՆՉՊԵՍ:3 ԿԵՐՏԵԼ:1 ԿՈՒՌՔ:1 ՀԻՆ:1 ԴԱՇՏ:1 ՏՎՈՂ:1 ԱՌԱՆՑ:3 ԼԱԼԱ:1 ՄԵԶ:2 ԿԱՐՈՏԵԼ:1 ԵՐԵՍՈՒՆ:1 ԿԱՄ:4 ԿՈՊԵԿ:1 ՔՆԱՐԱԿԱՆ:1 ՀԱՎԱՍԱՐ:2 ԱՐԱՐԻՉ:1 ԱՆԵԼ:1 ՍՈՂԱԼ:1 ԹՐՔԱԿԱՆ:9 ՊԱՏԺԻՉ:7 ԳՆԴԱՊԵՏ:5 ՔՐԴԱԿԱՆ:1 ԽԱԲՈՒՄ:1 ԿԱԽՈՒՄ:1 ԹԱՄԲԻ:3 ՍԱՐ:2 ԱՆՏԱՌ:2 ՄԵՆԱՎՈՐ:2 ՎԱՆՔ:2 ՈՒՐ:1 ՊԻՏԻ:1 ՄՈՏԻԿ:1 ՔԱՂԱՔԱՅԻՆ:2 ՉՈՐՍ:2 ՆՆՋՈՒՄ:1 ՄԵԿ:4 ՀԱՆԿԱՐԾ:1 ՍԱՍՏԻԿ:1 ԴՈՒՐ:2 ՁԻՆ:1 ՈՒՐԻՇ:2 ՆԺՈՒՅԳ:1 ԿՏՐՈՂ:1 ՔԱՇԱԾ:1 ՓԱՓՈՒԿ:2 ԱՅԴ:9 ՈՐՈՆՔ:2 ՀԱՐՑ:1 ՈՍՏԻԿԱՆԱԿԱՆ:1 ՆՐԱ:4 ԻՆՔԸ:3 ՄԵՆԱԿ:1 ԱՊԱ:1 ԴՈՒՐՍ:2 ԲԱՐԱԿ:1 ՇՈՒՆ:1 ՇԱՆ:1 ՈՐԴԻ:1 ՏԽՈՒՐ:1 ՄԻԱՆԳԱՄԻՑ:1 ԵՐԿՈՒ:1 ԻՆՁ:1 ԱՅՍՏԵՂ:1 ՆԱԽՆԱԿԱՆ:1 ՄՈՆՈՒՄԵՆՏԱԼ:1 ԲՅՈՒՐՈԿՐԱՏԱԿԱՆ:1 ՊԱՐԶ:1 ՊԻՆԴ:1 ԿԼՈՐ:1 ԳՈՒՑԵ:3 ՎԵՊ:1 ՎԻՊԱԿ:1 ՊԵՏՔ:1 ՍՐԱ:2 ՓԻԼԻՍՈՓԱՅԱԿԱՆ:2 ՉՈՒՆԻ:1 ՀԶՈՐ:2 ԼԻՑՔ:1 ՈՉԻՆՉ:2 ՏՈՒԺԵԼ:1 ԱՐԴԵՆ:2 ԱԶՆԻՎ:1 ԱՅԴՊԵՍ:1 ԲԱՐԻ:1 ԻՆՉՈ:4 ՀԱՏԿԱՊԵՍ:1 ՊԱՐԶԱՊԵՍ:1 ՈՐՈՎՀԵՏԵՒ:2 ՊԱՏՄԵԼ:1 ՊԱՏԱՀԵԼ:1 ԴԺՎԱՐ:2 ԱՎԵԼԻ:2 ԼԱՎ:3 ՀՆԴԿԱԿԱՆ:3 ՀԱՄԱՁԱՅՆ:1 ԱՐՁԱԿ:1 ԿՈՊԻՏ:1 ԴՆԵԼ:1 ՀԱՅՏՆԻ:1 ԱՅԴՊԻՍՈՎ:1 ՀՊԱՐՏ:1 ՄԱՐԴ:1 ՄԱՐԴԱՍԵՐ:1 ԽԵԼՈՔ:1 ԱՆՎՃՌԱԿԱՆ:1 ԿՌՎԵԼ:1 ՀԱՂԹԵԼ:1 ՄԱՍԱՄԲ:1 ՀԵՔԻԱԹԱՅԻՆ:1 ԵՂԵԼՈՒԹՅՈՒՆ:1 ԲՈԼՈՐՈՎԻՆ:2 ՀԵՔԻԱԹ:1 ՎԵՐՑՆԵԼ:1 ՀԵՏ:3 ՄԻՋԻՆ:2 ԵՐԲ:4 ԻՆՔՍ:1 ՉԵՄ:1 ՑԵՂԱԿԻՑ:1 ՆՅՈՒԹ:1 ՀԱՐԳՈՒՄ:1 ԳԵՂԵՑԻԿ:1 ՇՈՇԱՓԵԼ:1 ՎԱՅՐԿԵՆԱԿԱՆ:1 ԱՍԵԼ:2 ՄԵՌԱԾ:1 ԱՍԵՄ:1 ԵՐԵՒԻ:1 ՊԱՀԱՆՋՈՒՄ:1 ԳԼՈՒԽ:1 ԴԱՐՁՅԱԼ:1 ՔԱՆԴԱԿՈՒՄ:2 ԿԱՎԸ:1 ԴՈՒ:2 ԴԵՄ:2 ԲԱՆԱՍՏԵՂԾՈՒԹՅՈՒՆ:1 ԹԵՐԻ:1 ՓՈԽԱՐԵՆ:1 ԻՀԱՐԿԵ:1 ԳՐԵԼ:1 ՊԱՏՎԱԲԵՐ:1 ՍՏԵՂԾԵԼ:1 ՈՐԻ:1 ԻՐԵՆ:1 ՈՐՊԵՍԶԻ:1 ԱՌԱՋԱԴՐԱՆՔ:1 ԿԱՏԱՐՈՂ:1 ԱՇԱԿԵՐՏ:1 ԱՅԼ:1 ԲԱՐԴ:1 ՈՒՍՈՒՑԻՉ:1 ՆԱԵՒ:1 ՄՈՌԱՆԱԼ:1 ՃԻՇՏ:1 ՀՈՄՈ:1 ԻՆՉՈՒ:1 ԿԱՐԾԻՔ:1 ԲԱՑԱՀԱՅՏՈՒՄ:1 ԳՈՐԾ:1 ԹՈՂՆԵԼ:1 ՄԵԿՆԱԲԱՆՈՒԹՅՈՒՆ:1 ԱՆՈՒՆ:1 ՓՈՍՏ:1 ԿԱՅՔ:2 ԳՐԱԿԱՆ:3 ՀԱՄԱՅՆՔ:2 ՀՐԱՏԱՐԱԿՉՈՒԹՅՈՒՆ:1 ՀԱՆԴԵՍ:1 ԳՐԱԽԱՆՈՒԹ:1 ԱՐԽԻՎ:1 ԹՎԱՅԻՆ:1 ԳՐԱԴԱՐԱՆ:1 ԿԱՊ:2 ԽՄԲԱԳՐԱԿԱՆ:1 ԳՈՎԱԶԴ:1 ԸՆԴՈՒՆՈՒՄ:1 ԱՋԱԿՑԵԼ:2 ԳՈՐԾՈՒՄ:1 ՀԵՂԻՆԱԿԱՅԻՆ:2 ՈՒՄ:1 ՊԱՐՏԱԴԻՐ:1 ՆՇԵԼ:1 ՏԱԼ:1 ԱԿՏԻՎ:1 ՀՂՈՒՄ:1 ՓՆՏՐԵԼ:1 ՀԵՂԻՆԱԿ:1 ՏԵՔՍՏ:1
https://granish.org/traveler/	ԳՐԱՆԻՇ:6 ԺԱՄԱՆԱԿԱԿԻՑ:1 ԳՐԱԿԱՆՈՒԹՅՈՒՆ:2 ՎԵՐՋԵՐՍ:1 ՊԱՏՄՎԱԾՔ:4 ՊՈԵԶԻԱ:1 ԷՍՍԵ:1 ԳՐԱԽՈՍԱԿԱՆ:1 ՄՐՑԱՆԱԿ:3 ՀԵՏՈ:20 ՆՐԱՆ:8 ԱՌԹԻՎ:3 ՀԱՆԴԻՍԱՎՈՐ:2 ՀՐԱՎԻՐՈՒՄ:2 ՕԳՈՍՏՈՍ:1 ՐՈՊԵ:4 ՍԱԿԱՅՆ:7 ՎԱՂ:1 ԱՌԱՎՈՏՅԱՆ:2 ՉՈՐԵՔՇԱԲԹԻ:1 ԱՅԼ:6 ՈՒՐԲԱԹ:1 ԵՐԵԿՈՅԱՆ:2 ՄԻԱՍԻՆ:1 ԳՆԱՆ:1 ՆՐԱՆՔ:5 ԵՐԿԱՐ:3 ՇԱԽՄԱՏ:1 ԵՐԲ:6 ՄԱՍՆԱԿՑԵԼ:1 ԴԵՄ:2 ՊԱՇՏՈՆԱԿԱՆ:1 ԿԱՐՈՂ:4 ՍՐՏՈՎ:1 ԼԻՆԵԼ:1 ՄԱՆԱՎԱՆԴ:1 ԻՆՔՆ:5 ԴՈՒՐՍ:5 ԳԱԼ:2 ԱՌԱՋ:8 ՈՒՐԻՇ:1 ԻՆՉ:9 ԱՍԵԼ:3 ՀԱՆԿԱՐԾ:1 ԻՐԵՆ:8 ԳԻՏԻ:1 ԱՆՁԱՄԲ:1 ՃԱՆԱՉՈՒՄ:1 ՄԵՔԵՆԱՅԻՆ:1 ՀԱՐՄԱՐ:1 ՏԵՂ:1 ԺԱՄԱՆԱԿ:7 ԱՆՁԱՅՆ:1 ՔԱՆԻ:7 ՄԵՋ:20 ՈՒՐ:3 ԵՐԿՐՈՐԴ:4 ՀԱՐԿ:4 ՀԵՏ:18 ԱՅՍ:2 ՏԱՐԻ:3 ԱՎԱՐՏԵԼ:1 ԱՅՆՔԱՆ:4 ՀԱՅՏՆԻ:4 ԹԵՐԹՈՒՄ:1 ԼՐԱԳՐՈՂ:1 ՀԻՄԱ:3 ԵՐԿՈՒ:4 ԸՆՏԻՐ:1 ՄԻՆՉԵՒ:6 ԱՅՆԻՆՉ:3 ԱՐԴԵՆ:3 ՍԿՍԵԼ:3 ՆՈՐ:2 ԵՆԹԱՐԿԵԼ:1 ՀԱՄԱՐ:13 ԿԱՆԱՑԻ:1 ԱՐՏԱՀԱՅՏԵԼ:1 ԿԱՄ:5 ԴՈՒ:1 ՓՈԽԱՐԵՆ:1 ՄԱԿԴԻՐ:1 ԱՎԵԼԻ:8 ՎԱՌ:1 ՇԻՆԵԼ:1 ՊԵՍ:2 ՄԻՆՉ:3 ԱՅԴ:17 ԽԱՂԱՂ:1 ԶՐՈՒՑՈՒՄ:1 ՆՐԱ:12 ԱՆԳԱՄ:5 ԿՐԿՆՈՒՄ:1 ՇԱՏ:6 ԲԱՐՁՐԱՁԱՅՆ:1 ԱՅԴՊԵՍ:3 ԱՅՈ:1 ՃԻՇՏ:2 ԼՍԵԼ:1 ԻՆՔԸ:3 ՄՈՏ:4 ԴԱՐՁՅԱԼ:1 ԲԱՅՑ:8 ՏԱՐՕՐԻՆԱԿ:1 ԽՈՇՈՐ:3 ԿԱՊՈՒՅՏ:1 ՀԱԳԻՆ:1 ԴԵՂԻՆ:2 ՆՄԱՆ:5 ԸՆԴԱՌԱՋ:2 ԳԱԼՈՒ:1 ՄՅՈՒՍ:1 ԿՈՂՔ:2 ԿՈՂՔԻ:1 ԻՐԵՆՑ:3 ԳՆՈՒՄ:1 ՄԻԱՆՄԱՆ:1 ԲԱԼԵՏԱՅԻՆ:1 ԿԱՏԱՐԵԼ:1 ԱԿՆԹԱՐԹԱՅԻՆ:1 ՉՈՐՍ:2 ԱՅՆ:3 ԲՐՈՆԶԵ:1 ԵՐԵՔ:2 ՎՐԱ:13 ԿԱՐՄԻՐ:4 ՈՐՈՆՔ:3 ՍԵՒ:4 ՄԻԱՅՆ:3 ՔԻՉ:6 ՈՒՂՂԱՆԿՅՈՒՆ:1 ԻՐԱՐ:1 ՇԱՐՎԱԾ:1 ՃԵՐՄԱԿ:2 ԻՍԿ:1 ԽԱՂԱՑՈՂ:1 ԼՑՎԵԼ:1 ԲՈԼՈՐԱԿ:2 ԾԽՈՒՄ:1 ԼՈՒՍԱՎՈՐ:1 ՏԱՐԱԾՈՒԹՅՈՒՆ:1 ԱՌԱՆՁԻՆ:1 ԳՈՒՅՆԶԳՈՒՅՆ:1 ԵՌԱՀԱՐԿ:3 ՊԱՏԱՍԽԱՆՈՒՄ:1 ԽՈՍՈՂ:2 ՆԱԵՒ:4 ՀԶՈՐ:1 ԸՆԿԱԼՈՒՄ:1 ՈՒՐԱԽ:1 ՄԻԱԺԱՄԱՆԱԿ:1 ԼՍՈՒՄ:2 ԻՆՉՊԵՍ:3 ՏԱԿ:10 ՄԻԱՆԳԱՄԻՑ:7 ԲԱՆ:3 ՏԵՍՆԵԼՈՒ:1 ՊԱՏՃԱՌՈՎ:4 ԲՈԲԻԿ:1 ԱՌԱՆ:1 ԱՐՁԱԿ:1 ԼՌԵԼ:1 ՆՈՐԻՑ:2 ՀՍՏԱԿ:1 ԸՆԿԱԼԵԼ:2 ԴԵՌ:5 ԿԱԽ:1 ԸՆԿԱԾ:1 ԴՈՂՈՒՄ:1 ԽՈՍԱԿՑՈՒԹՅՈՒՆ:3 ԶԻՆՎՈՐ:2 ԿՈՐԵԼ:2 ՀԱՎԱՆԱԲԱՐ:1 ԹԱՆՁՐ:2 ԱՆՑԵԼ:2 ՀԱՅՏՆՈՒՄ:1 ՏԱԼ:5 ՀԱՐԵՒԱՆ:1 ԿԵՆՏՐՈՆԱԿԱՆ:1 ՄԵԾ:5 ՎԵՐԱԲԵՐՅԱԼ:1 ՀԱՂՈՐԴՈՒՄ:3 ԴԻՏԵԼ:1 ՀԵՆՑ:1 ԽՄԵԼՈՒ:1 ԿԱՏԱՐԱԾ:1 ԱՐԺԵՔԱՎՈՐ:1 ԱՆԿՐԿՆԵԼԻ:1 ՄԱՍԻՆ:3 ԱՅՆՈՒՀԵՏԵՒ:2 ՏԱՊԱԿԱԾ:1 ԱՂՄՈՒԿ:1 ԿՏՈՐ:1 ԱՍՏՎԱԾ:2 ՀԱՍՈՒՆՈՒԹՅՈՒՆ:2 ՀԱՆՔԱՅԻՆ:1 ՋՈՒՐ:3 ԵԿՈՂ:1 ՄԵՂՈՒ:2 ՀԵՌԱՎՈՐ:1 ԹՌՉՈՂ:1 ԹՌՉՈՒՆ:1 ՉՆԱՅԱԾ:2 ՊԱՏԱՀԱԿԱՆ:1 ՄԻԱՅՆԱԿ:2 ՆՍՏԱԾ:2 ՏԵՂԸ:4 ԿԱՊՈՒՄ:1 ՀԵՌՎԻՑ:2 ՀԱՏՈՒԿ:1 ՁԻՈՎ:1 ՊԱՀԱԿԱՅԻՆ:1 ՈՐԵՒԷ:1 ԿԱՍԿԱԾԵԼԻ:1 ՇԱՐԺ:1 ՆԿԱՏԵԼ:1 ԴԻՐՔ:1 ԲՌՆԵԼ:1 ՀՆԱՐԱՎՈՐ:1 ԱՆՆԿԱՏ:1 ՏԱՆԵԼ:1 ՆՈՒՅՆԻՍԿ:1 ՄԱՍՆԱԿՑՈՒԹՅՈՒՆ:1 ԱԿՆԱՐԿՈՒՄ:1 ԱՆԸՆԴՀԱՏ:4 ՀՆԱՐԱՎՈՐՈՒԹՅՈՒՆ:1 ԿՈՐԱԾ:1 ՇՈՒՐՋ:1 ՓՈԽԱՆՑՈՒՄ:1 ԱՌԱՋԻՆ:5 ՈՐՊԵՍ:1 ՖՐԱՆՍԵՐԵՆ:1 ԼԱՎ:1 ԱՆՄԻՋԱՊԵՍ:3 ԿԱՐ:1 ԲԵՐԵԼ:1 ՏԵՂԵԿՈՒԹՅՈՒՆ:1 ՔԱՌԱՍՈՒՆ:1 ԱՆՑ:2 ԻՇԽԱՆ:1 ՁՈՒԿ:1 ԱՅԴՔԱՆ:2 ՍՊԱՍՈՒՄ:2 ՈՐՏԵՂ:2 ՏՈՒՆ:4 ՊԱՐԲԵՐԱԲԱՐ:1 ՆՈՒՅՆ:3 ԳՑՈՒՄ:1 ՎԵՐՋԻՆ:1 ՄԵԿ:4 ԹԵՐԱՀԱՎԱՏ:1 ԿԱՆԱՉ:1 ԱՌԱՆՑ:3 ԴԺՎԱՐ:1 ՀԱՂԹԱՀԱՐԵԼ:1 ԱՆՀԱՎԱՏԱԼԻ:1 ԹՎՈՒՄ:1 ԱՆՀԵԹԵԹ:1 ՈՐԻ:2 ԱՌԱՋԻԿԱ:1 ՊԻՏԻ:1 ԲԱՐՁՐ:1 ԵՆԹԱՄԱՇԿԱՅԻՆ:1 ՓՈՐՁ:1 ՊԵՆԻՑԻԼԻՆ:1 ՆԵՐԱՐԿԵԼ:1 ԽՄԵԼ:1 ԱՇՈՒՆ:1 ՈՒՂԻՂ:1 ԻՆՆՍՈՒՆ:1 ՄՈՏԻԿ:1 ՓԱԿՎԵԼ:1 ԵՆԹԱԴՐԵԼ:1 ԳՆԱՑ:3 ՄԱՆԿԱԿԱՆ:1 ՓՉՈՎԻ:1 ԿԱՊԵԼ:1 ՈՒՇ:3 ԻԲՐԵՒ:2 ՀԱՐԿՈՒՄ:2 ԼՌԱԿՅԱՑ:1 ԲԱՑ:1 ՆԵՐՍ:1 ԹՐՋՎԱԾ:1 ՀՈՏ:1 ԲՋՋԱՅԻՆ:1 ՊԱՀԱԾ:1 ՄՏՆՈՒՄ:1 ԶՈՒԳԱՐԱՆ:1 ԱՅՆՏԵՂ:3 ՄՇՏԱՊԵՍ:1 ԷԼԵԿՏՐԱԿԱՆ:1 ՈՒՌՈՒՑԻԿ:1 ՇՐՋԱՊՏՈՒՅՏ:1 ՋՐԻ:1 ՕՐԱԿԱՆ:1 ՍԻՐՏ:1 ԶԱՆԳՈՒՄ:1 ԿՐԿԻՆ:3 ՄՈՒԹ:2 ԱՆՀՆԱՐ:1 ՍՊԻՏԱԿ:2 ՏԱՐԲԵՐԵԼ:1 ՊԱՏԱՍԽԱՆԵԼ:1 ԳՈՆԵ:2 ՊԱՏԱՀԱԲԱՐ:2 ՆՇԱՆԱՎՈՐ:1 ԱՆՍՊԱՍԵԼԻ:1 ԲԱՐՁՐԱՀԱՍԱԿ:1 ՑԱԾՐ:2 ՃԱՆԱՊԱՐՀՈՐԴԱԿԱՆ:1 ՊԱՏՄՈՒՄ:3 ՌԵՏԻՆԵ:1 ԵՐԲԵՄՆ:2 ԿԱՆԳՆՈՒՄ:1 ԹԵՔ:1 ԿՏՐՈՂ:1 ԼՈՒՐՋ:1 ՇՏԱՊ:1 ԿԱՐԵՒՈՐ:1 ԳՈՐԾ:1 ՀԱՆՁՆԱՐԱՐԵԼ:1 ԺԱՄԱՆԱԿԱՎՈՐԱՊԵՍ:1 ՀԱՍԿԱՆԱԼԻ:1 ԴԺԳՈՀՈՒԹՅՈՒՆ:1 ՈՐՍՈՐԴԱԿԱՆ:1 ԶԱՆԳԻ:1 ԿԵՆՏ:1 ԲՌՆՎԵԼ:1 ԵԿԱԾ:1 ԼԻՔԸ:1 ԿԱՏՈՒ:1 ԻՆՉՔԱՆ:1 ՈՒԺ:1 ՄԱՐԴ:2 ՎԵՐ:2 ԱՆՀԱՊԱՂ:1 ՄԵԹՈԴ:1 ԳՈՐԾԱԾՈՒՄ:1 ՕՊԵՐԱՅԻՆ:3 ՀՈՒԺԿՈՒ:2 ԻՏԱԼԵՐԵՆ:2 ԱՐԻԱ:1 ՍԽԱԼՎԵԼ:1 ՆՇԱՆ:2 ԳԱՂՏՆԻ:2 ԴԱՀԼԻՃ:1 ՄԵԿԻՆ:1 ՇՓՈԹԵԼ:1 ՁԻԱՎՈՐԻ:1 ՀԱՅՏՆԱԲԵՐԵԼ:1 ԵՂԵԼ:1 ԴԺՎԱՐՈՒԹՅՈՒՆ:1 ԾԱԳԵԼ:1 ՊԱՐԶԵԼ:1 ԲԱՑԱԿԱՅՈՒՄ:1 ՎՆԱՍ:1 ԲԱՐԴ:1 ՊՆԴՈՒՄ:1 ԿՏՐԱԿԱՆԱՊԵՍ:1 ՁԻՆ:2 ԿԱՆԳՆԵՑՆԵԼ:1 ԴԱՏԱՐԱՆ:1 ՀԵՂԻՆԱԿԱՅԻՆ:3 ՄԻՋԱԶԳԱՅԻՆ:1 ԴԻՄԵԼ:1 ԱՄԲՈՂՋ:1 ԿԻԼՈՄԵՏՐ:1 ՏԱԿՆՈՒՎՐԱ:1 ԱՆՈՒՄ:1 ԳՈՒՑԵ:1 ՁՈՒԼԵԼ:1 ՄԱՐԴԻԿ:2 ԲԱՆԱԿՑՈՒԹՅՈՒՆՆԵՐ:2 ՎԱՐՈՒՄ:2 ԹԵԿՈՒԶ:1 ԳՆԱԼ:1 ՀԱՄՈԶՈՒՄ:1 ԹՈՒՅԼ:1 ԲԱՑԱՏՐՈՒԹՅՈՒՆ:2 ԸՆԴՈՒՆՈՒՄ:2 ԹԱՓՈՎ:1 ԲԵՐՈՒՄ:1 ԱՊՏԱԿ:1 ԹԵԹԵՒ:1 ՆԱԽԿԻՆ:1 ԲԱՐԱԿ:1 ԷԼԻ:1 ՈՐՈՎՀԵՏԵՒ:2 ՀՈԳԻ:1 ՎԱՌՎԵԼ:1 ՀԱՂՈՐԴԱՎԱՐ:1 ԵՐԱԺՇՏԱԿԱՆ:1 ԵՐԵՒԱԼ:1 ԿԱՏՎԱՅԻՆ:1 ՀԱՆԿԱՐԾԱԿԻ:1 ՀԵՏԱՔՐՔՐՎԵԼ:1 ՀԱՍԱԾ:1 ԿԱՐՄՐԱԳՈՒՅՆ:1 ՎԱՐԴ:1 ՊԱՏԵՐԱԶՄՈՂ:1 ՈՒՂԱՐԿԵԼ:1 ԱՆՀՐԱԺԵՇՏ:1 ՊԱՐԶԱԲԱՆՈՒՄ:1 ԻՐԱԿԱՆՈՒՄ:1 ԶՈՀՎԵԼ:1 ԱՊՐԵԼ:1 ՄԻԱՆԱԼ:1 ԿՈՆՅԱԿ:1 ԱՍՏԻՃԱՆԱԲԱՐ:1 ԴՊՐՈՑԱԿԱՆ:1 ՕՐԻՆԱԿԵԼԻ:1 ԼԵԳԵՆԴԱՐ:1 ԼՈՂԱՑՈՂ:1 ՈՉԻՆՉ:1 ԱՓԻ:1 ՓՈՔՐԻԿ:1 ՔԱՅԼ:1 ԱՆԵԼ:1 ՉՈՐ:1 ԼԱՔԱՊԱՏ:1 ԹՂԹԵ:1 ՄԵՋԸ:2 ՄԵՏԱՂՅԱ:1 ՄՈՏԱՎՈՐԱՊԵՍ:1 ՈՒԹ:1 ՀԱՐՅՈՒՐ:1 ՁՈՒ:1 ՕԳՏԱԳՈՐԾՎԵԼ:1 ԱՅԴՊԻՍԻ:1 ԼԵՓ:1 ԼԵՑՈՒՆ:1 ՀԱՐԱՎԱՅԻՆ:1 ԿՈՒՏԱԿՎԵԼ:1 ՈՐՈՆՈՒՄ:1 ԾԱՆՐ:1 ՈՒԺԵՂ:1 ԼԱՐՎԱԾ:1 ՊԼԱՍՏԻԿԵ:1 ԲԱՐՁՐԱՀԱՐԿ:1 ԱՐԴԻ:1 ՀԱՅ:1 ՀԵՔԻԱԹ:1 ՀԱՆԴԻՊՈՒՄ:1 ԼԻԱՆ:1 ԿԱՐԾԻՔ:1 ԹՈՂՆԵԼ:1 ՄԵԿՆԱԲԱՆՈՒԹՅՈՒՆ:1 ԱՆՈՒՆ:1 ՓՈՍՏ:1 ԿԱՅՔ:2 ՄԵՐ:1 ԳՐԱԿԱՆ:3 ՀԱՄԱՅՆՔ:2 ՀՐԱՏԱՐԱԿՉՈՒԹՅՈՒՆ:1 ՀԱՆԴԵՍ:1 ԳՐԱԽԱՆՈՒԹ:1 ԱՐԽԻՎ:1 ԹՎԱՅԻՆ:1 ԳՐԱԴԱՐԱՆ:1 ԿԱՊ:2 ՄԵԶ:1 ԽՄԲԱԳՐԱԿԱՆ:1 ԳՈՎԱԶԴ:1 ԱՋԱԿՑԵԼ:2 ԳՈՐԾՈՒՄ:1 ԲՈԼՈՐ:2 ՈՒՄ:1 ՊԱՐՏԱԴԻՐ:1 ՆՇԵԼ:1 ԱԿՏԻՎ:1 ՀՂՈՒՄ:1 ՓՆՏՐԵԼ:1 ՀԵՂԻՆԱԿ:1 ՏԵՔՍՏ:1
https://granish.org/levon-khechoyan/	ԳՐԱՆԻՇ:6 ԺԱՄԱՆԱԿԱԿԻՑ:1 ԳՐԱԿԱՆՈՒԹՅՈՒՆ:1 ՎԵՐՋԵՐՍ:1 ՊԱՏՄՎԱԾՔ:4 ՊՈԵԶԻԱ:1 ԷՍՍԵ:1 ԳՐԱԽՈՍԱԿԱՆ:1 ՄՐՑԱՆԱԿ:3 ԺԱՄԱՆԱԿ:7 ՏԱԿ:6 ԵՐԿԱԹԵ:4 ԳՆԱՑ:10 ԹՄԲԻ:5 ՀՈԿՏԵՄԲԵՐ:1 ՐՈՊԵ:1 ԴԵՄ:2 ՊԱՅԾԱՌ:1 ԹԱՆՁՐ:1 ՄԵՋ:20 ԱՎԵԼԻ:3 ՈՒՇ:2 ՇԱՂ:2 ԵԿՈՂ:2 ՍԵՒ:2 ՈՐՈՆՔ:4 ՋՐԻ:1 ՆՄԱՆ:7 ԴՈՒՐՍ:8 ԻՆՉՊԵՍ:5 ՆՐԱՆՔ:10 ՀԵՏՈ:5 ՈՐՈՇԱԿԻ:1 ԿԱՐԳ:1 ԿԱՐԾՐ:1 ՎՐԱ:7 ՀՈՍՈՒՄ:2 ԱՅԴՊԵՍ:4 ՈՐՈՇ:2 ՉՀԱՍԱԾ:1 ՈՒՇԱԴՐՈՒԹՅՈՒՆ:1 ՈՒՂԵԿՑՈՒՄ:1 ԲՈԼՈՐ:4 ԴԵՌ:4 ԱՅՆ:4 ԵՐԲ:14 ԱՌԱՎՈՏՅԱՆ:4 ՄԻԱԺԱՄԱՆԱԿ:3 ԿՐԾՈՂ:1 ՀԱԶԱՐԱՎՈՐ:3 ԼՍԵԼ:1 ՇԱՏ:5 ՎԵՐԵՒ:1 ԵՐԿՈՒ:3 ԱՇԽԱՏԱԿԻՑ:1 ԻՐԵՆՑ:4 ՁԵՌՔՈՎ:1 ՆԵՐՍ:5 ՀԱՇՄԱՆԴԱՄ:1 ԱՅՆՈՒՀԵՏԵՒ:4 ԿՐԿԻՆ:2 ԻՐԵՆՔ:3 ԲԱՑԵԼ:1 ՍԱՂԱՐԹԱԽԻՏ:1 ԱՄԲՈՂՋՈՎԻՆ:1 ՏԱՐԲԵՐ:2 ՍՏՈՐԳԵՏՆՅԱ:2 ՄԵՐԿ:1 ԽԵԺ:1 ՈՒՂԻՂ:1 ՄԻՆՉԵՒ:5 ՊԵՍ:3 ԿՏՐԵԼ:2 ԿԵՌ:1 ԱՐԴԵՆ:5 ՈՐԸ:3 ՉՈՐՍ:4 ՁԿՆԿԻԹ:1 ԿԱՊՏԱՎՈՒՆ:1 ԽՆՁՈՐ:1 ԹԱՓԵԼ:1 ՇՐՋՈՒՄ:2 ԱՅԴ:8 ԹԹՈՒ:1 ՊԵՏՔ:1 ԱՌԱՆՑ:1 ԻՐԵՆ:2 ԱՆՏԱՐԲԵՐ:1 ԱՐԱԳ:2 ՀԱՆԿԱՐԾ:2 ԽՈՆԱՎՈՒԹՅԱՆ:1 ՀՈՏ:1 ՔԱՆԴԵԼ:1 ՄՆԱՑԱԾ:2 ԱՄԵՆՈՒՐ:2 ԵՐԿԱՐ:4 ՀՆՉԵԼ:1 ՄՈՐ:1 ՀԵՏ:13 ԷԼԻ:4 ԼՈՒՐ:1 ՉՈՒՆԻ:2 ԿԱՄ:9 ՈՐԵՒԷ:1 ԲԱՆ:4 ՊԱՐԶԵԼ:1 ՀՆԱՐԱՎՈՐ:2 ԱՆՊԱՏԱՍԽԱՆ:1 ԵԹԵ:3 ԱՅՆՏԵՂ:3 ԻՆՉ:5 ԱՆՀՆԱՐ:2 ԽՈՇՈՐ:1 ՔԻՉ:3 ՆՍՏԱԾ:2 ԲԱՅՑ:4 ՄՈՒԹ:1 ԼԱՎ:4 ՔՆԱԾ:1 ԵՂԵԼ:2 ՔԱՆԻ:8 ՎԵՐԱԲԵՐՅԱԼ:1 ՀԱՄԱՐՅԱ:1 ՆՈՒՅՆ:2 ՄԵԽԱՆԻԿՈՐԵՆ:1 ԱՆԳԻՐ:1 ՄԻԱՆՄԱՆ:1 ԱՅԳԻ:3 ԴԱՐՁՅԱԼ:1 ԻՐԱՐ:1 ՀՈԾ:1 ՄԱՐՄԻՆ:1 ԴԵՊԻ:1 ԱՄԲՈՂՋ:1 ՄԻԱՆԳԱՄԻՑ:2 ՏԻՐՈՂ:1 ԿԱՐՈՂ:2 ՀԵՆՑ:2 ՈՒՐԻՇ:3 ՔԱՆԻՍԸ:1 ՏԵՂ:1 ԴԱՏԱՐԿ:1 ԱՅՐԵԼ:1 ՆԿԱՏԵԼ:1 ԹՌԵԼ:1 ՄՅՈՒՍ:3 ՑԱՏԿԵԼ:1 ԱՌԱՋ:5 ԽԽՈՒՆՋ:1 ՀԱՄԱՐ:8 ՔՍՈՒՔ:1 ԾԽԱԽՈՏ:1 ՍՈՒՐՃ:1 ՍՊԻՏԱԿ:5 ԱՆՑԱՎ:3 ՊԼԱՍՏԻԿԵ:1 ԼԱԶԵՐԱՅԻՆ:1 ՎԵՐՋ:1 ՕՊԵՐԱ:1 ԱՄԱՅԻ:1 ՄԱՆՐ:1 ՀԱՐՅՈՒՐ:5 ԾԱՆՐ:1 ԱՄԱՌԱՅԻՆ:1 ՉՈՐ:1 ՆՈՍՐ:1 ԱՐՁԱԳԱՆՔՈՒՄ:1 ՆՐԱ:3 ԱՆԿՈՂԻՆ:1 ՋՈՒՐ:3 ՎԵՐՋՆԱԿԱՆԱՊԵՍ:1 ԻՐԱԿԱՆՈՒՄ:2 ՓՈԹՈՐԿՈՏ:1 ՔԱՂԱՔԱՄԵՐՁ:1 ԿԱՐՄԻՐ:3 ՄԻՋՔԱՂԱՔԱՅԻՆ:1 ԿՈԴ:1 ՀԱՄԱՉԱՓ:2 ՍԱԿԱՅՆ:5 ԳԻՏԱԿՑՈՒՄ:1 ՔՆԵԼ:1 ԶՈՒԳԱՀԵՌ:1 ՇԱՐՎԱԾ:1 ՈՒՂՂԱԳԻԾ:1 ՁԳՎԵԼ:1 ԲԱՐՁՐ:1 ՓԱՅԼԱՏԱԿՈՒՄ:1 ԻՆՉԻ:2 ԴԱՏԱՐԿՈՒՄ:3 ԻՆՉՈՒ:1 ՄՏՔՈՎ:1 ԿՐԱԿ:1 ՄԱՍԻՆ:3 ՀԻՇՈՒՄ:1 ԲԵՆԶԻՆ:1 ՆԱՎԹ:1 ՀԱՍՏԱՏ:1 ԱՌԱՆՁԻՆ:2 ՄԵԿԸ:1 ՓՈՍՏ:3 ԳՆՈՒՄ:2 ԻՆՔՆ:1 ՀԻՆԳ:1 ՍՏԱՑՎԵԼ:1 ԳՈՒՑԵ:1 ՀԵՌԱԳԻՐ:1 ՀԱՎԱՆԱԿԱՆ:2 ՀԱՐՄԱՐ:1 ՊԱՀ:1 ԱՆԱՍՆԱԲՈՒԺԱԿԱՆ:5 ՆԿԱՐՉԱԿԱՆ:1 ԿԻՑ:1 ՔԱՌԱԿՈՒՍԻ:1 ՄԵՏՐԱՆՈՑ:1 ՄԵՏԱՂԵ:4 ՔՆԿՈՏ:1 ԱՆՈՒՄ:1 ԱՅՍՏԵՂ:4 ՏԵՐԸ:2 ՀԱՍԿԱՆԱԼԻ:1 ԱՐՏԱՍԱՀՄԱՆՅԱՆ:1 ԱՐՀԵՍՏԱԿԱՆ:1 ԹԱՆԿ:2 ՆՍՏՈՒՄ:1 ՀԻՄԱ:1 ԱՅԾ:1 ՊԱՐՏԱԴԻՐ:2 ԱՅԴՔԱՆ:1 ՄԱՆՐԱՄԱՍՆՈՐԵՆ:1 ԷԺԱՆ:1 ՄՈԴԱՅԻԿ:1 ԵՐԲԵՄՆ:4 ԲԱՑՈՒՄ:1 ՀՈՆԻ:1 ԴԻՏՈՒՄ:1 ՄԻԱՅՆ:2 ԿԱՆԱՉ:1 ԳՐՎԱԾ:1 ՍՏՎԱՐԱԹՂԹԵ:1 ՀԱՅՏԱՐԱՐՈՒՄ:1 ՍՈՎՈՐԱԿԱՆ:1 ՍԼԱՑԻԿ:1 ՄԵԶ:2 ԹՎՈՒՄ:1 ԱՅՆԻՆՉ:1 ՀԱՍՆԵԼ:1 ՄԻՇՏ:1 ԱՎԱԳ:1 ՊԱՏՃԱՌՈՎ:1 ԴՊՐՈՑ:1 ԱՄԵՆ:2 ՊԱՏՃԱՌ:1 ԳՏՆԵԼ:1 ԳՐԵԹԵ:1 ՀԱՏԿԱՊԵՍ:1 ԲԵՏՈՆԵ:2 ՏԱՍԸ:1 ՄԵՏՐ:2 ԼԻՆԵԼ:1 ՆՈՒՅՆԻՍԿ:1 ԳՐՈՒՆՏԱՅԻՆ:1 ԾԻԾԱՂԵԼԻ:1 ԱՆԳԱՄ:6 ՉՆՉԻՆ:1 ԻՍԿ:1 ՍՏՎԱՐ:1 ՀԻՍՈՒՆ:1 ՀԵՌՈՒ:1 ՁԵՐ:1 ՏԱՆ:2 ԿՈՂՔԻ:1 ՏԱԿՈՎ:1 ԱՆՑԵԼ:2 ԲԵՐԵԼՈՒ:1 ԾԱՌ:1 ԱՅԳՈՒՑ:1 ԲԱՐԴ:1 ՁԳՈՒՄ:1 ԿԱՐԵԼԻ:1 ԻՍԿԱԿԱՆ:1 ՀԱՄԵՄԱՏԵԼ:1 ՓՈՔՐԻԿ:1 ԳԼԽՈՎ:1 ՇՐՋԱՆԱՁԵՒ:1 ՄՈՏ:2 ԲԱՑ:1 ՏԵՂԻՆ:1 ՈՐՏԵՂ:3 ԲՈՒԹ:1 ԿԻԼՈԳՐԱՄ:1 ԼՈԼԻԿ:1 ԱՂՑԱՆ:1 ՊԱՏՐԱՍՏՈՒՄ:1 ՃԻՇՏ:1 ԳՈՒՇԱԿԵԼ:1 ՀԱՍՏԱՏՈՒՄ:1 ԻՆՉՔԱՆ:1 ԿՈՆԿՐԵՏ:1 ՊԱՏԱՍԽԱՆ:1 ՍՏԱՆԱԼ:1 ԻԶՈՒՐ:1 ՉՆԱՅԱԾ:1 ՊԱՐԶԱՊԵՍ:1 ՏԵՂԸ:1 ԱՐՁԱԿԵԼ:1 ԿԱՊՈՒՄ:1 ԲԱՆՎՈՐԱԿԱՆ:1 ՏՊԱՎՈՐՎԵԼ:1 ԱՌԱՁԳԱԿԱՆ:1 ՀԱԿԱՌԱԿ:1 ՎԵՐ:1 ԼԻՏՐԱՆՈՑ:1 ՌԵՏԻՆԵ:2 ՓԱՅՏԵ:1 ՆՍՏԱՏԵՂԻ:1 ՀԱՎԱՍԱՐ:1 ՎԱՏ:1 ԱՆԸՆԴՀԱՏ:2 ԿԼՈՐ:1 ՈՒԹ:1 ԼԻՏՐ:1 ՄԵՋԸ:1 ՈՒՆԵՆԱԼ:1 ՏԵՂԻ:1 ԱՓԻ:1 ԶԳՈՒՅՇ:1 ԵՐԲԵՔ:1 ԱՅԴՊԻՍԻ:1 ՊԱՏԱՀԵԼ:1 ԿԱԹԻԼ:1 ԿՈՒԼ:1 ՏՀԱՃ:1 ՀԱՄ:1 ԼԵՂԻ:1 ՉԱՓ:2 ՀԻՆ:1 ԳԻՏԻ:2 ՍԿՍԵԼ:1 ՇԱՐԺՎԵԼ:1 ԱՆՀԱՇՎԵԼԻ:1 ԱՍԵԼ:2 ԸՆԴՀԱՏԵԼ:1 ՄԵԿ:2 ՆՈՐ:1 ՄՐՋՅՈՒՆ:1 ԸՆՏԱՆԻՔ:1 ԵՐԿՐՈՐԴ:1 ԵՐՐՈՐԴ:1 ԴԺՎԱՐ:1 ՁԻՆ:1 ՀԻՇԵԼ:1 ԸՍՏ:1 ՕՐԵՆՔ:1 ԳՈՅՈՒԹՅՈՒՆ:1 ԱՃՈՒՄ:1 ՄԵԾ:1 ԸՆԴՀԱՆՐԱՊԵՍ:1 ՈՒՐ:1 ԱՆԵՐԵՒԱԿԱՅԵԼԻ:1 ԱՌԱՋԻՆ:1 ԱՆՑԱՆ:1 ԴԻՄԱՑ:1 ԱՌԱԾ:1 ՆԱՅԵԼ:1 ՆՎԱԶՈՒՄ:1 ՆԱԵՒ:1 ՀԵՔԻԱԹ:1 ՀԱՆԴԻՊՈՒՄ:1 ԼԻԱՆ:1 ԿԱՐԾԻՔ:1 ԿԱՐԴՈՒՄ:1 ԱԼՖԱ:1 ԹԱԽԻԾ:1 ԿԱՐ:1 ԹՈՂՆԵԼ:1 ՄԵԿՆԱԲԱՆՈՒԹՅՈՒՆ:1 ԱՆՈՒՆ:1 ԿԱՅՔ:2 ՄԵՐ:1 ԳՐԱԿԱՆ:3 ՀԱՄԱՅՆՔ:2 ՀՐԱՏԱՐԱԿՉՈՒԹՅՈՒՆ:1 ՀԱՆԴԵՍ:1 ԳՐԱԽԱՆՈՒԹ:1 ԱՐԽԻՎ:1 ԹՎԱՅԻՆ:1 ԳՐԱԴԱՐԱՆ:1 ԿԱՊ:2 ԽՄԲԱԳՐԱԿԱՆ:1 ԳՈՎԱԶԴ:1 ԸՆԴՈՒՆՈՒՄ:1 ԱՋԱԿՑԵԼ:2 ԳՈՐԾՈՒՄ:1 ՀԵՂԻՆԱԿԱՅԻՆ:2 ՈՒՄ:1 ՆՇԵԼ:1 ՏԱԼ:1 ԱԿՏԻՎ:1 ՀՂՈՒՄ:1 ՓՆՏՐԵԼ:1 ՀԵՂԻՆԱԿ:1 ՏԵՔՍՏ:1
https://granish.org/misaq-metsarenc/	ԳՐԱՆԻՇ:6 ԺԱՄԱՆԱԿԱԿԻՑ:1 ԳՐԱԿԱՆՈՒԹՅՈՒՆ:1 ՎԵՐՋԵՐՍ:2 ՊԱՏՄՎԱԾՔ:1 ՊՈԵԶԻԱ:5 ԷՍՍԵ:1 ԳՐԱԽՈՍԱԿԱՆ:1 ՄՐՑԱՆԱԿ:2 ԿԱՐՄԻՐ:1 ԾԱՂԻԿ:10 ԵՐԱԶԿՈՏ:2 ՏԱԿ:8 ԱՆՑԱՎ:4 ՀՈՒՐ:2 ԱՊՐԻԼ:1 ՐՈՊԵ:1 ՕՐԵՐ:1 ՄԵՏԱՔՍԵ:1 ՈՒՂԻ:1 ԶԻՍ:10 ՍԵՐ:2 ՀՈՆ:4 ՈՒՐՎԱԿԱՆ:1 ԵՐԲԵՔ:1 ՄԵՋ:22 ԱՅԳՈՒՆ:6 ԴԵՊԻ:6 ԳԵՏԱՓ:1 ԱՂՋԻԿ:1 ԳԻՆՈՎ:6 ՎՐԱ:6 ՄԻՆՉ:12 ՈՐՈՆՔ:5 ՄԵՋԸ:1 ՓՌՎԱԾ:1 ՀՍԿԱՅԱԿԱՆ:1 ԶՈՐ:9 ԲԵՐԵ:1 ԼՈՒՅՍ:2 ՊԻՏԻ:5 ԱՇՆԱՆԱՅԻՆ:2 ԵՐԲ:5 ԱՆԿԱՊ:1 ՄԵՐԹ:3 ՀԱՆԿԱՐԾ:2 ՑՈՒՐՏ:1 ՄԻՇՏ:6 ԹՈՒՅԼ:1 ՊԵՍ:4 ՔԱՇԱԾ:1 ԴԵՄ:2 ԲԱՅՑ:7 ԸՆԴՄԻՇՏ:1 ԱՄԱՅԻ:1 ՈՒՐ:8 ՆԱՅԻ:2 ԴԻՏԵԼ:1 ՎԻՇՏ:1 ԽԱՆԴ:1 ՎԵՐՋ:1 ԱՅՍ:11 ԱՆԱՆՈՒՆ:2 ՎԱՅՐԻ:4 ՄԱՍՈՒՐ:1 ՆՍՏԱԾ:1 ԿԱԹ:2 ԳԵԹ:1 ԱՆՈՒՇ:2 ՍԵՒ:1 ՔԵԶ:2 ՀՈՎԻԿ:1 ԱՀԱ:1 ԱՆՔՈՒՆ:1 ԱՆՑԱՆ:1 ԴԱՆԴԱՂ:1 ԵՐԳԵՑԻԿ:1 ԽԱՂԱՆ:1 ՓԱՓՈՒԿ:2 ՆԵՐՍ:2 ՈՍԿԻ:2 ՊԱՏԱՐԱԳ:1 ՌԵՀԱՆ:1 ԽՈՒՆԿ:1 ՄԵՂՄ:1 ՀԵՏ:6 ՎԱՂՈՒՑ:1 ԱՐԵՒ:9 ՄԱՌԱԽԼԱՊԱՏ:1 ԲԱՐԻ:5 ՀԵՂՈՒԿ:1 ԽԵԼԱՀԵՂ:1 ԹՈՂ:1 ՄԻՆՉԵՒ:2 ԴԱՐՁՅԱԼ:1 ԵՐԳ:1 ԿԱՐՈՏ:1 ՍՏՎԵՐՈՏ:1 ՇՆՉԱՀԵՂՁ:1 ՀԻՆԱ:2 ՏԱՐՕՐԻՆԱԿ:1 ԹՈՒՓ:1 ԵՐՋԱՆԻԿ:1 ԳԻՏԱԿԻՑ:1 ԴԵՌ:5 ՎԵՐՋԻՆ:5 ԵՐԱԶ:1 ՄԱՔՈՒՐ:2 ՇՈՒՆՉ:2 ԻՐԵՆՑ:3 ԳՐԿԵԼ:2 ՀՈՒՐԻ:1 ՄԱՆՈՒԿ:1 ՇՈՒՇԱՆ:1 ԶՈՎ:1 ՊԱՅԾԱՌ:3 ԿԱՊՈՒՏԱԿ:1 ԿՅԱՆՔ:1 ՀԵՏԶՀԵՏԵ:1 ԲՅՈՒՐԵՂ:1 ՅՈԹԸ:1 ԱՆՀՈՒՆ:2 ԾԻԱԾԱՆ:2 ԱՄԵՆ:3 ԲԱՆ:1 ԼԵՑՈՒՆ:3 ԻՆՉՊԵՍ:4 ԼԵՌՆԵՐ:1 ԾԱՓ:2 ՄԱՆԿԱԿԱՆ:1 ԱՄՊ:1 ՎԵՐՍՏԻՆ:1 ՀԱՆԴԵՊ:2 ՏՈՒՆ:2 ԴԵՊ:2 ԲՈԼՈՐ:4 ԴՈՒՆ:1 ԱՇՈՒՆ:1 ՃԵՐՄԱԿ:1 ԱՅԼ:4 ԲՈՂԲՈՋ:1 ՀԱՎԵՏ:1 ԵՐԱԶԱՆՔ:1 ԻՆՁ:2 ԱՆԾԱՆՈԹ:1 ԱՅՆ:6 ԱՆԴԻՆ:3 ԴՅՈՒԹԻՉ:2 ՏԱՆԻՆ:2 ՀՈԴ:1 ԳԱԼԱՐ:2 ՀՈՐԴ:2 ԱՐԾԱԹ:1 ԵՐԿՆԱՅԻՆ:1 ՏԱՐ:1 ՇՈՂ:1 ԿԱՍԿԱԾ:1 ՀԱՆԴԻՍԱՎՈՐ:1 ՃԱՄՓՈՐԴ:1 ԵՐԿԱՐԱՁԻԳ:1 ԼՈՒՍԱՎՈՐ:1 ՀԱԶԻՎ:2 ԲԻԾ:1 ԿԱՆԳՈՒՆ:2 ԶՈՒՅԳ:1 ՄԵԳ:1 ԾՈՎ:1 ԾԻՐԱՆԻ:4 ՔՈՎ:1 ԳՈՌ:2 ՄԱՐԻ:1 ԳՈՒՆԱԳԵՂ:1 ՀԱՄԱՅՆԱԿԱՆ:1 ՉՔՆԱՂ:2 ԴԱՓ:1 ԳԻՇԵՐ:4 ՔՈՒ:3 ՊԱՐԵՆ:1 ՓԱԽՉՈՂ:2 ՎԱՐԴ:3 ԱՐՑՈՒՆՔ:1 ՀԱՆԴԱՐՏ:2 ԲԻԼ:1 ԾԻԾԱՂ:1 ՔԻՉ:7 ԿԱՄ:3 ՀԱԶԱՐ:2 ԲԱՐԻՔ:2 ԲԵՐՐԻ:1 ՄԵՂՐ:1 ԳԻՆԻ:1 ԲՈՒՆ:1 ԵՐԿՈՒ:1 ԱԼԻՔ:2 ԼԵՂԻ:1 ԱՀԵՂ:1 ԽԱՂԱԼԻՔ:1 ՇԱՎԻՂ:1 ԻՐԱՐ:1 ԲՈՒՌՆ:1 ԽՑԻԿ:1 ՔՐՔՈՒՄ:1 ԱՐԴԵՆ:1 ՑՆՑՈՒՄ:1 ՁԱՅՆ:1 ՈՒԺԳԻՆ:1 ՄԵՌԵԼՈՑ:1 ՏԱՐԻ:1 ՆԱԽԿԻՆ:1 ԳԱՐՈՒՆ:1 ՈՒՐԻՇ:2 ԴԵՂԻՆ:1 ԵՂԱԾ:1 ՑԱԾ:1 ՄԱՐՄԱՐ:1 ՑՐՏԱՇՈՒՆՉ:1 ԿՈՐԱԾ:1 ԼՈՒՌ:1 ՆԺԴԵՀ:1 ԽԱՉ:1 ԽԱՆԴՈՏ:1 ՆԱԵՒ:1 ԿԱՐԾԻՔ:1 ՀՐԱՇԱԼԻ:1 ԿԱՐԵԼԻ:3 ԱՎԵԼԻ:2 ԼԱՎ:2 ԸՆՏՐՈՒԹՅՈՒՆ:1 ԿԱՏԱՐԵԼ:1 ԹԵՊԵՏ:1 ԸՆՏԻՐ:1 ԱՌԿԱ:1 ՄԱՍԻՆ:3 ԱՍԵՄ:2 ԻՐԱԿԱՆՈՒՄ:1 ՀԱՋՈՐԴ:1 ԿԱՐԵՆ:3 ԱՐՔ:1 ՈՒՂՂԵԼ:1 ԻՍԿ:1 ՀԱՄԱՐ:4 ՎՍՏԱՀՈՒՄ:1 ՑԱՆԿ:1 ՇՆՈՐՀԱԿԱԼՈՒԹՅՈՒՆ:2 ՋԱՆ:2 ԱՐԱԳ:1 ԱՅԴՊԵՍ:1 ԵՂԲԱՅՐ:1 ԳՐՈՒՄ:1 ԳՈՒՑԵ:1 ԿԱՆ:1 ԻՐՈՔ:1 ԱՎԵԼԱՑՆԵԼ:1 ՉԵՄ:3 ՀՈԴՎԱԾ:1 ԿԱՐԴՈՒՄ:1 ԱՆՀՐԱԺԵՇՏ:1 ՈՒՍՈՒՄՆԱՍԻՐԵԼ:1 ԿՐՃԱՏԵԼ:1 ԹԵԿՈՒԶ:1 ՀՆՉՈՒՄ:1 ԲԵՐՈՒՄ:1 ՄՈԳԱԿԱՆ:1 ԳՐԱՎԻՉ:1 ՀԱՐՈՒՍՏ:1 ՆՐԱ:1 ԱՎԵԼՈՐԴ:1 ԾԱՆՐԱԲԵՌՆՎԱԾ:1 ՔԱՆԻ:1 ԱՅՍՊԻՍԻ:1 ՄԵԶ:2 ՈՒՂԵԿԻՑ:1 ՇԱՏ:4 ՍԻՐՈՒՄ:3 ԻՆՉԻ:1 ՍՈՒՏ:1 ԲԱՆԱՍՏԵՂԾ:1 ԻՐԱ:1 ՎԱԽ:1 ՀՈՐՍ:1 ԵԿՈՂ:1 ԱՍՏՎԱԾԱՅԻՆ:1 ՇՈՇԱՓԵԼԻ:1 ԸՆԴԳՐԿՈՒՄ:1 ԵՐՋԱՆԿՈՒԹՅՈՒՆ:1 ԹԵԵՒ:1 ՓՈԽԱՐԵՆ:1 ԲԱՌ:1 ԳՏՆԵԼ:1 ՀԱՋՈՂ:1 ՊԱՏԱՍԽԱՆ:1 ՈՆՑ:3 ՄԱՐԴԻԿ:2 ԿԱՐՃ:1 ԱՊՐԵԼ:2 ՍՏԵՂԾԵԼ:1 ՏՈՒՐ:5 ԱՆԱՆՁՆԱԿԱՆ:1 ԿՐԿՆԵԼ:1 ԴՈՒՔ:1 ԺՈՂՈՎՈՒՐԴ:1 ՍՐԱՆՔ:1 ԱՄԲՈՂՋԱԿԱՆ:1 ԵԹԵ:1 ԱՊԱ:1 ՀԱՄԱՁԱՅՆ:1 ԸՆՏՐՎԵԼ:1 ՕՐԸ:1 ՄԵՐ:4 ՀԱՅՐԵՆԻ:1 ՄԻԱՍԻՆ:1 ՄԻԱՅՆ:1 ԸՄԲՌՆԵԼ:1 ԱՓՍՈՍ:1 ԱՌԱՆՑ:1 ԴԱՍԵԼ:1 ՆՄԱՆ:1 ԱՇԽԱՐՀԱՀՌՉԱԿ:1 ԿԱՐԳԻՆ:1 ԿԱՐՈՂ:1 ԱՐՁԱԿ:1 ՄԵԾ:2 ՀՈՄԱՆԻՇ:1 ԿԱԽԱՐԴԱՆՔ:1 ՄՇՏԱԿԱՆ:1 ՀՄԱՅՔ:1 ԼԵԶՈՒ:1 ԱԿԱՆ:1 ՑԱՎՈՔ:1 ԱԶԴԵՑՈՒԹՅՈՒՆ:1 ԹՈՂԵԼ:1 ՀԱՅՈՑ:1 ԿՈՒ:2 ԳԱՆ:2 ՀԱՄԲՈՒՅՐ:1 ՉՈՐՍ:1 ԴԻՍ:1 ՏՈՆ:1 ԿԻՐԱԿԻ:1 ԾԱՐԱՎ:1 ՄԻԱԿ:1 ԼՈՒՍԻՆ:1 ՊՈՂՊԱՏ:1 ԱՆՆԿՈՒՆ:1 ԱՆԽՈՆՋ:1 ՏԵՍԻԼՔ:1 ՏԵՍԼԱԿԱՆ:1 ՇՈՂՇՈՂՈՒՆ:1 ՍՈՒՐԲ:1 ՀՐԵՇՏԱԿ:1 ԱՌԱՋԻՆ:1 ԱՆԳԱՄ:1 ԱՆԳԻՏԱԿՑԱԲԱՐ:1 ՔԱՆԶԻ:1 ԿՐՈՒՄ:1 ՀԻԱՍՔԱՆՉ:1 ԴԱՍԱՐԱՆ:1 ՀԻԱՑԱԿԱՆ:1 ՁԱՅՆՈՎ:1 ԱՅՍՕՐ:1 ՄԵՆՔ:1 ԱՐԵՒՄՏԱՀԱՅ:1 ՔՆԱՐԵՐԳՈՒ:1 ԹՈՂՆԵԼ:1 ՄԵԿՆԱԲԱՆՈՒԹՅՈՒՆ:1 ԱՆՈՒՆ:1 ՓՈՍՏ:1 ԿԱՅՔ:2 ԳՐԱԿԱՆ:3 ՀԱՄԱՅՆՔ:2 ՀՐԱՏԱՐԱԿՉՈՒԹՅՈՒՆ:1 ՀԱՆԴԵՍ:1 ԳՐԱԽԱՆՈՒԹ:1 ԱՐԽԻՎ:1 ԹՎԱՅԻՆ:1 ԳՐԱԴԱՐԱՆ:1 ԿԱՊ:2 ԽՄԲԱԳՐԱԿԱՆ:1 ԳՈՎԱԶԴ:1 ԸՆԴՈՒՆՈՒՄ:1 ԱՋԱԿՑԵԼ:2 ԳՈՐԾՈՒՄ:1 ՀԵՂԻՆԱԿԱՅԻՆ:2 ՈՒՄ:1 ՊԱՐՏԱԴԻՐ:1 ՆՇԵԼ:1 ՏԱԼ:1 ԱԿՏԻՎ:1 ՀՂՈՒՄ:1 ՓՆՏՐԵԼ:1 ՀԵՂԻՆԱԿ:1 ՏԵՔՍՏ:1
https://granish.org/charles_aznavour/	ԱԶՆԱՎՈՒՐ:4 ԳՐԱՆԻՇ:6 ԺԱՄԱՆԱԿԱԿԻՑ:1 ԳՐԱԿԱՆՈՒԹՅՈՒՆ:1 ՎԵՐՋԵՐՍ:1 ՊԱՏՄՎԱԾՔ:1 ՊՈԵԶԻԱ:6 ԷՍՍԵ:1 ԳՐԱԽՈՍԱԿԱՆ:1 ՄՐՑԱՆԱԿ:2 ԷԼԻ:2 ԻՆՁ:7 ՀԵՏ:9 ՎՐԱ:10 ՄԵՋ:11 ԽԵՆԹ:6 ՍԻՐՈՎ:3 ԱՌԱՆՑ:3 ԱՄՈԹ:2 ԿՐՔՈՏ:2 ՀԱՄԱՐՅԱ:2 ՀՈՒՆՎԱՐ:1 ՐՈՊԵ:1 ԻՆՔՆԻՇԽԱՆ:2 ԱՅՍՏԵՂ:1 ԲԱՌ:1 ԳՐԿՈՒՄ:2 ՄԻՆՉԵՒ:3 ԱՂՋՆԱԿ:13 ԴԵՌ:10 ՏԱՍՆՎԵՑ:4 ՏԱՐԵԿԱՆ:7 ՄԵՆԱԿ:4 ԱՊՐՈՒՄ:7 ԱՅՆ:6 ՈՒՐ:3 ԲՈԼՈՐ:5 ՄԱՐԴԻԿ:4 ՈՍԿԻ:1 ԲԱՅՑ:12 ՍԻՐՈՂ:1 ԿԱՊԵԼ:1 ԱՅԴ:12 ՔԵԶ:10 ՍԻՐՈՒՄ:5 ԱՆԵԼ:1 ՆՎԱՃԵԼ:1 ԱՐԵՒ:1 ՆՐԱՆՔ:15 ՀԱՅՏՆԻ:1 ՄԻԱՅՆ:9 ԻՐԵՆՑ:3 ՏԱՐԱՆ:1 ԱՄԱՌ:1 ՁՄԵՌ:1 ՄԻՇՏ:3 ԵՂԵԼ:3 ԱԶԱՏ:2 ԹԱՓԱՌԵԼ:1 ԼՈԿ:5 ՄԵԿ:2 ՏԵՂ:3 ԹՌՉՈՒՄ:1 ՆՄԱՆ:2 ՏԻԵԶԵՐՔ:1 ՊԵՏՔ:3 ԻՐԱՐ:1 ՆԱԵՒ:3 ՊԵՍ:3 ՆՐԱ:5 ԼԱԶՈՒՐ:1 ԱՆՄԱՐ:1 ՉԱՓԱԶԱՆՑ:1 ՄԵԾ:1 ՄԱՆԿԱՀԱՍԱԿ:1 ՀԱՄԱՐ:8 ՍՐՏՈՎ:4 ԱՇԽԱՐՀ:2 ՀԱՆԴՈՒՐԺՈՒՄ:1 ԱՍՏՎԱԾ:4 ԵՐԲԵՔ:1 ԻՆՔԸ:1 ՄԻԱԿ:1 ԿՏՈՐ:2 ՀԱՑԻ:1 ՇՈՒՌ:1 ԱՅՆԺԱՄ:1 ՀԱՄ:1 ԲԺՇԿԱԿԱՆ:3 ՍԵՐ:7 ՀԻՄԱ:5 ՏՐՎԵԼ:1 ԱԶՆԻՎ:1 ԲԱՐԻ:1 ՀԱՃԱԽՈՒՄ:2 ԲԺԻՇԿ:1 ԴԱՌՆԱԼ:2 ԵՐԲ:6 ՇՈՅՈՒՄ:1 ՇՇՆՋՈՒՄ:1 ԿԵՍ:2 ԼՈՒՐՋ:1 ԿԱՏԱԿ:1 ԿԱՆ:1 ՏԱԿ:3 ԱԾԽԱԾԻՆ:1 ԿԱԼԻՈՒՄ:1 ՆԱՏՐԻՈՒՄ:1 ՑԻՆԿ:1 ԵՐԿԱԹ:1 ՋՐԱԾԻՆ:1 ՅՈԴ:1 ՊՂԻՆՁ:1 ԲՐՈՄ:1 ԹԹՎԱԾԻՆ:1 ՋՈՒՐ:1 ՀԱՐՈՒՍՏ:1 ՕՐԳԱՆԱԿԱՆ:1 ՄԻՍ:1 ԻՍԿ:8 ՇԱՐԺՈՒՄ:1 ՀԱՆՃԱՐԵՂ:1 ԲԱՆԵՐ:1 ՄՏԱՆ:1 ՆԵՐԿԱ:1 ՁԵԶ:1 ՄԵՐ:11 ՔԱՆԶԻ:3 ԼՈՒՍԱԲԱՑ:2 ՈՐՊԵՍԶԻ:2 ՀԱՆՈՒՆ:1 ՆՐԱՆ:2 ՀԱՄԲՈՒՐՈՒՄ:1 ՀԵՆՑ:2 ԿՐԿԻՆ:2 ՇՈՒՆՉ:1 ՔԱՇՈՒՄ:1 ՄԵՋԲԵՐՈՒՄ:1 ԻՍԿՈՒՅՆ:1 ՆԻԿԵԼ:1 ՎԱՆԱԴԻՈՒՄ:1 ՄՈԼԻԲԴԵՆ:1 ԱԼՅՈՒՄԻՆ:1 ԿԱՊԱՐ:1 ԱՆԱԳ:1 ԲՈՐ:1 ՏԻՏԱՆ:1 ՖՏՈՐ:1 ԿՈԲԱԼՏ:1 ՍԻԼԻՑԻՈՒՄ:1 ԱՆԳԱՄ:7 ԾԾՈՒՄԲ:1 ՔԼՈՐ:1 ԱՎԱՐՏՈՒՄ:1 ԹՈՔ:1 ԵՐԻԿԱՄ:1 ԱՐՏԱՔԻՆ:1 ՆԵՐՔԻՆ:1 ՎԱՀԱՆ:1 ՊԱՏՈՒՄ:1 ԶԳԱՑՈՒՄ:1 ԴԱՍԵՐ:1 ՊԱԿԱՍ:1 ԿԱՄ:4 ԵՐԵԿ:4 ՔՍԱՆ:3 ՎԱՏՆՈՒՄ:1 ԻՆՉՊԵՍ:1 ՀԱՃԱԽ:1 ՑԵՐԵԿ:2 ԱՅՍ:2 ԲԱԶՈՒՄ:1 ՈՐՈՆՔ:6 ԱՅԴՊԵՍ:2 ԱՅՆՔԱՆ:2 ՄՈԼՈՐՎԵԼ:1 ԴԵՊԻ:1 ԱՐԴԵՆ:1 ՀԱՆՁՆԵԼ:1 ՀՈՒՅՍ:1 ԿԱՆԳՆԵՑՆԵԼ:1 ԶՍՊԵԼ:1 ԱՌԱՋ:3 ԱՆՑՆԵԼ:1 ԿԱՆԳՆԵԼ:1 ԱՆՏԵՍՈՒՄ:1 ԱՆՑԱԾ:1 ԱՊԱՎԻՆՈՒՄ:1 ԱՆՊԱՅՄԱՆ:2 ՀԱՄՈԶՎԱԾ:1 ԱՅԼ:2 ԸՄԲՈՍՏ:1 ՄԵՆՔ:3 ԲՆԱՎ:3 ՃՇՄԱՐԻՏ:1 ՈՐՈՇԱԿԻ:1 ՀԵՏՔ:2 ՔԱՆԻ:1 ՎԱԽ:1 ԼՈՒՅՍ:2 ԳԵՐԵԶՄԱՆ:1 ԱՅԼԵՒՍ:1 ՄԱՐԴ:1 ԴԱՏԱՐԿ:1 ԱՅՍՕՐ:1 ՋԱՀԵԼ:1 ԱՎԱՂ:1 ԻԶՈՒՐ:1 ԴԵՆ:1 ԱՄԵՆ:3 ԼԱՎ:3 ԲԱՆ:1 ՔԱՐ:1 ՔՍԱՆԱՄՅԱ:1 ՆՈՐԻՑ:3 ՀԵՏՈ:6 ԿԵՆԱՑ:1 ԳԱԼԻՔ:1 ԱՄՈՒՐ:2 ՏՈՒՆ:1 ԱՄԲՈՂՋ:2 ԱԶԳ:2 ԱՐԱՐ:1 ԲԱՑԵԼ:2 ՄԵԿՆԵԼ:1 ԱՀԱ:1 ԵԹԵ:6 ԱՆԻԾՈՒՄ:1 ԵՐԿԻՐ:1 ՇՈՂ:1 ՏԵՍՆԵԼ:2 ՑԱՆԿՈՒԹՅՈՒՆ:1 ՁԳՏՈՒՄ:1 ԻՆՉՈ:1 ՏՂԱՄԱՐԴ:1 ԿԻՆ:1 ԵՐԵԽԱ:1 ԱՊՐԵԼ:2 ԲԱՑ:1 ՍԱՐՍԱՓԱԶԴՈՒ:1 ՀԱՐԱԶԱՏ:2 ՀՈՒՐ:2 ԾԱՐԱՎ:1 ՍՈՎԱԾ:1 ԼՈՒՌ:1 ՑՆՈՐԱԿԱՆ:1 ՈՂՋ:1 ՆՈՐ:1 ՀԱՅՏՆԱԳՈՐԾՈՒՄ:1 ԼԱՑ:2 ԿԱԿԱՆ:1 ՎԱՅՐԿՅԱՆ:1 ԱՆՑ:1 ԳՆԴԱԿԻՑ:1 ՔՈՒՆ:1 ՎԵՐՋԻՆ:1 ԱՆԿԱՍԿԱԾ:1 ՓՈՔՐԻԿ:1 ԿԱՐՈՂ:2 ՇԱՐՈՒՆԱԿՎԵԼ:1 ՔԱՅԼԵԼ:1 ՈՐՏԵՂ:1 ԸՆԴՈՒՆՈՒՄ:2 ԱԶԳԻ:2 ՈՐԸ:2 ԳԼՈՒԽ:1 ՀԱՐՈՒԹՅՈՒՆ:1 ՀԵՃՈՒԿՍ:1 ԻՆՉԻ:1 ՀԱՎԻՏՅԱՆ:1 ՀԱՎԵՐԺԱԿԱՆ:1 ՏԱՐԻՔ:1 ՄԵԿՆ:1 ՏԱՆ:2 ՈՂՈՐՄԵԼԻ:1 ՀԻՆ:4 ԼԱՏԻՆԱԿԱՆ:2 ՇՐՋԱՊԱՏՈՒՄ:2 ՉՔՆԱՂ:2 ԱՆՆՄԱՆ:1 ԶՈՒՏ:2 ՌՈՒՍԵՐԵՆ:2 ՀԱՅԵՐԵՆ:3 ԵՐԳՈՒՄ:2 ԱՅՆՏԵՂ:1 ԴԵՐ:1 ԿԱՏԱՐՈՒՄ:1 ԿԱՐԻՔԱՎՈՐ:1 ԴՐԱՄ:2 ՈՒՐԱԽ:1 ԹԱՔՈՒՆ:1 ՏԵՐ:1 ՍԱՀՈՒՆ:1 ՀԱՄԱՁԱՅՆ:2 ԳՈՐԾԻ:1 ՏԱՔՍԻ:1 ԿԱՐ:2 ՎԱՍՏԱԿԵԼ:1 ԿԵՐՊ:1 ԲԱՐԵԽԻՂՃ:1 ԼԻՆԵԼ:1 ԱՇԽԱՏԱՆՔԱՅԻՆ:1 ՓՈՐՁ:1 ԱՆՈՒՄ:3 ԳՈՆԵ:1 ՄԱՍԻՆ:1 ԳԵԹ:1 ԵՐԿՈՒ:1 ԲԵՄ:1 ԴՈՒՐՍ:1 ԵՐԿՉՈՏ:1 ՏԱՐԱԳԻՐ:1 ԴԻՄԱՑ:2 ՊԱՏԱՀՈՒՄ:1 ՓՈՂ:1 ԱՆՀՈՒՅՍ:1 ՈՉԻՆՉ:1 ԿՈՏՐՎԱԾ:1 ԽՌՈՎԱՀՈՒՅԶ:1 ԳՆՈՒՄ:1 ՄՈՆ:1 ԳՐԱՎ:1 ԻՆՔՆԱԵՌ:1 ԱՆՊԵՏՔ:1 ՄԵԶ:3 ՇԱՏ:2 ՀԻՇՈՒՄ:1 ԸՆԿԱԾ:1 ԲԱԺԱԿ:1 ԿԱՆԱՅՔ:1 ԲՅՈՒՐ:1 ՀԱՎԵՐԺ:1 ԸՆԿԵՐ:1 ԲԱՐԵԿԱՄ:1 ԿԻՍՈՒՄ:1 ԼԱՎՈՒԹՅՈՒՆ:1 ԱՐԱ:1 ՄԻՆՉ:1 ԿԱԹՍԱ:1 ՏԱՊԱԿ:1 ՈՐՈՇՈՒՄ:1 ԳԻՇԵՐ:1 ՆՍՏՈՒՄ:1 ՄԵԾԱՀԱՐՈՒՍՏ:1 ՄԱՔՐՈՒՄ:1 ԴՊՐՈՑ:1 ԱՅՍՊԵՍ:1 ԹՈՒՆԴ:1 ՀԱՐԲՈՒՄ:1 ԱՇԽԱՏԵԼ:1 ԻՍԿԱԿԱՆ:1 ՊՐԾՆԵԼ:1 ՎԿԱ:1 ՀԻՇԵԼ:1 ԱՆՑՅԱԼ:1 ԱՊԱԳԱ:1 ՀԱՅՐԵՆ:1 ԹԱՐԳՄԱՆՈՒԹՅՈՒՆ:1 ՍԱՄՎԵԼ:1 ԿԱՐԾԻՔ:1 ԻՍԿԱՊԵՍ:2 ՀՐԱՇԱԼԻ:1 ՉԵՄ:1 ԱՆՄԻՏ:1 ԱՆՔՈՒՆ:1 ՍԵՒ:1 ԳԱՂՏՆԻ:1 ՊԱՐԶ:2 ԱՆԶՈՒԳԱԿԱՆ:1 ՀԻԱՆԱԼԻ:1 ՍՆՈՒՑՈՒՄ:1 ՇՆՈՐՀԱԿԱԼ:1 ԱՆԽՈՍ:1 ԲԱԶՄԱԹԻՎ:1 ԱՎԵԼԻ:2 ՀԱՍԱՆԵԼԻ:1 ՏԱՂԱՆԴԱՎՈՐ:1 ՓՈՔՐ:1 ԽՈՐԹ:1 ԼՍԵԼ:1 ԱՆԳԻՐ:1 ՖՐԱՆՍԵՐԵՆ:1 ԹՈՂՆԵԼ:1 ՄԵԿՆԱԲԱՆՈՒԹՅՈՒՆ:1 ԱՆՈՒՆ:1 ՓՈՍՏ:1 ԿԱՅՔ:2 ԳՐԱԿԱՆ:3 ՀԱՄԱՅՆՔ:2 ՀՐԱՏԱՐԱԿՉՈՒԹՅՈՒՆ:1 ՀԱՆԴԵՍ:1 ԳՐԱԽԱՆՈՒԹ:1 ԱՐԽԻՎ:1 ԹՎԱՅԻՆ:1 ԳՐԱԴԱՐԱՆ:1 ԿԱՊ:2 ԽՄԲԱԳՐԱԿԱՆ:1 ԳՈՎԱԶԴ:1 ԱՋԱԿՑԵԼ:2 ԳՈՐԾՈՒՄ:1 ՀԵՂԻՆԱԿԱՅԻՆ:2 ՈՒՄ:1 ՊԱՐՏԱԴԻՐ:1 ՆՇԵԼ:1 ՏԱԼ:1 ԱԿՏԻՎ:1 ՀՂՈՒՄ:1 ՓՆՏՐԵԼ:1 ՀԵՂԻՆԱԿ:1 ՏԵՔՍՏ:1
https://granish.org/violet-grigoryan/	ՍԵՐ:2 ԳՐԱՆԻՇ:6 ԺԱՄԱՆԱԿԱԿԻՑ:1 ԳՐԱԿԱՆՈՒԹՅՈՒՆ:2 ՎԵՐՋԵՐՍ:1 ՊԱՏՄՎԱԾՔ:1 ՊՈԵԶԻԱ:5 ԷՍՍԵ:1 ԳՐԱԽՈՍԱԿԱՆ:1 ՄՐՑԱՆԱԿ:2 ՀՈՒՆՎԱՐ:1 ՐՈՊԵ:1 ՊՈԵՄ:1 ՍԻՐՈՒՆ:3 ԱՅՍ:17 ԼՈՒ:1 ՏՈՆ:5 ԳԻՇԵՐ:3 ԿԻՐԱԿԻ:2 ԹԱՆԿ:1 ՀՅՈՒՐԻ:1 ՀԱՄԱՐ:7 ՍՓՌԵԼ:1 ԱՀԱ:4 ԴԵՄ:1 ԱՆՈՒՇ:2 ԱՐԱ:2 ՋԱՆԻ:1 ՔԵԶ:19 ՀՅՈՒՐԱՍԻՐՈՒՄ:1 ԻՆՁ:20 ԵՐԲԵՔ:2 ՉԵՄ:4 ՏԵՍ:6 ԿԵՐԵԼ:1 ԱՐԴԵՆ:4 ՓԱՅԼՈՒՆ:1 ԽԵԼՈՔ:3 ԾԱԿԵԼ:1 ՏԱՐԵԼ:1 ԲՈԼՈՐ:5 ԲԱՅՑ:23 ՉԻՆԱԿԱՆ:1 ԽՈՒԶԱՐԿՈՒ:1 ԻՆՉ:9 ՀԱՄՈՎ:1 ԻՆՔՆԱՎԱՐ:1 ՆՎԱԳՈՒՄ:1 ՎԱՐԺ:1 ԻՆՉՊԵՍ:5 ՃԵՐՄԱԿ:3 ՄԱՄԱ:1 ԸՆԴԱՌԱՋ:1 ՄԻԱԿ:1 ՏԱՔ:1 ՁՐԻ:2 ՆՎԵՐ:1 ՀԵՇՏ:1 ԱՅՆ:6 ՇԱՐԺԱԿԱՆ:1 ՍԵՂՄ:1 ՍՐՏՈՎ:1 ԽԱՐԻՍԽ:1 ՄԵՋ:17 ԹԵԺ:1 ՄԻՇՏ:1 ԲՈՒՅՆ:1 ՔԱՂՑՐ:1 ԹԵԹԵՒ:1 ԱՄԲԻՈՆ:1 ՃԱՐՏԱՐ:1 ԹԵՊԵՏ:7 ՆԵՂ:1 ԴՈՒՌ:1 ՃԱՆԱՊԱՐՀ:1 ՀՈՒ:1 ՊԱՏՐԱՍՏԵԼ:1 ՀԱՐԹԵԼ:1 ԲԱՐԱԿ:3 ՎԱՅՐԻ:1 ՋՈՒՐ:1 ԽԻՏ:1 ՈՂԿՈՒՅԶ:1 ՓՈՒԽՐ:1 ԽՈՐ:1 ՀԱՃԵԼԻ:2 ՄԱՐԶԻՉ:1 ԱՌՈՒՅԳ:1 ԵՐԱՆԻ:4 ԵՂԵԼ:1 ՕՐՀՆՅԱԼ:1 ԵՂԱ:1 ԱՅՍՔԱՆ:1 ԱՌՈՂՋ:1 ՈՆՑ:1 ՈՒՐԱԽ:2 ԱՊՐՈՒՄ:2 ՔԱՆԶԻ:2 ՏԵՍՆԵԼՈՒ:1 ԱՉՔ:1 ԹՈՂ:1 ՆԱՅԻ:1 ՆԿԱՐ:1 ԶՈՒՅԳ:1 ՀՅՈՒՍՎԱԾ:1 ԾԱՂԿԵՓՈՒՆՋ:1 ՇՈՒՇԱՆ:1 ՈՍՏՐԵ:1 ՔԱՄԻ:1 ԶՎԱՐԹ:1 ԳՈՐԾԸՆԿԵՐ:1 ԸՆՏԻՐ:1 ԹԻԱՎԱՐ:1 ԾՈՎԱՀԵՆ:1 ՄԻՆՉԵՒ:4 ԻՍՊԱՌ:1 ԻՆՔՍ:2 ԱՅՆՔԱՆ:2 ԱՅՆՏԵՂ:3 ՏԵՂ:4 ԱՅԴՊԵՍ:3 ՔԱՅԼ:6 ԲԱՌ:4 ԴԵՏԱԼ:4 ԿԱՆԳԱՌ:5 ՔԻՓ:1 ԻՍԿ:3 ՇԱՐԺՈՒՄ:6 ՀՆՉՅՈՒՆ:4 ՏԱՐ:4 ՏՈՒՆ:3 ԹՈՒՂԹ:1 ԵՐԿՈՒ:3 ՏՈՂ:1 ԳՐՎԱԾ:2 ԽՈՍՔ:3 ՀԱՎԻՏՅԱՆ:1 ՏԽՈՒՐ:1 ՍՈՒԳ:1 ՄԵՐ:37 ՄԵՆՔ:14 ԼԱՑ:3 ՀԱՐՍԱՆԻՔ:2 ԱՎԱՂ:2 ՄԵԶ:14 ՀԵՏ:6 ԱՐԺԱՆԻ:1 ԲԱԶՈՒՄ:1 ԱՐԴՅՈՒՆՔ:1 ՊԻՏԻ:1 ՎՐԱ:8 ԵԹԵ:4 ԻՆՔԸ:1 ՈՐԴԻ:1 ՏՂԱ:1 ԴՈՒ:11 ՈՐՍՈՐԴ:1 ԷԻՐ:2 ՀՈՐԴ:1 ՄՈՐ:2 ՊԵՍ:8 ՈՂԲՈՒՄ:1 ՆՄԱՆ:11 ԿԱՆԳՆՈՒՄ:1 ԾՈՒՌ:2 ԸՆԿԱԾ:1 ՔՈՒՐԴ:1 ՆԱԵՒ:6 ՀՍԿԱ:1 ԼԵՌՆԵՐ:1 ԿԱՆԱՉ:1 ՇՈՒՏ:2 ԿԱՂԻՆ:1 ՄԱՐԴ:2 ՊԱՏՃԵՆՈՒՄ:1 ՇՈՒՆՉ:1 ՓՉՈՒՄ:1 ԶՐԿՎԱԾ:1 ՉԵՆՔ:1 ՓՆՏՐՈՒՄ:1 ՈՐԻ:3 ՍԻՐԵԼ:1 ՎԻՐՏՈՒԱԼ:2 ԻՍԿԱԿԱՆ:2 ՁԵՌՔՈՎ:1 ՇՈՅՈՒՄ:1 ԿԱՐԵԿՑՈՒՄ:1 ՆՈՐԻՑ:4 ԸՆԿԵՐԱԿԱՆ:1 ԲԱՑ:2 ԲԱՆ:3 ԻՐԱՐ:2 ՀԱՑ:1 ԽՈՆԱՐՀ:1 ԽՈՑՎԱԾ:1 ՄԽԻԹԱՐՈՒՄ:1 ՈՒՐԱԽՈՒԹՅԱՄԲ:1 ԴԵՊԻ:2 ԴԻԱԿ:1 ԵՌՕՐՅԱ:1 ՇՈՒՏՈՎ:2 ՄԻՆՉԴԵՌ:1 ԱՅՍՏԵՂ:2 ՍԱՅՐ:1 ՊԱՐԱՆ:1 ՍԱՌՆԱՐԱՆ:1 ԱԶԱՏ:2 ԱՆԺԱՄԿԵՏ:1 ԵՐԲ:3 ԱՅԴ:4 ԷԺԱՆ:1 ՓԱԿՈՒՄ:1 ՆՐԱ:3 ԱՌԱՋ:1 ԲՈԲԻԿ:1 ՄԵՐԿ:1 ԿԾԻԿ:1 ՍԻՐԵԼԻ:1 ՀՈՐ:1 ՀՈՒՅՍ:1 ՏՈՒՐ:1 ԴՈՒՐՍ:1 ՄՈՒԹ:1 ՎԵՐՋԻՆ:2 ԿՈՒՄ:1 ԻՆՔՆ:2 ԻՐԵՆ:2 ՆԵՏՈՒՄ:1 ԱՐԴԻ:1 ՀԱՅ:5 ՈՐՈՆՔ:3 ԿԱՐԾԻՔ:1 ՆԱԽԱՆՁԵԼԻ:1 ՀԱՍԿԱՆԱԼԻ:1 ՄԱՐՄՆԱԿԱՆ:2 ՀԱՎԵՐԺԱԿԱՆ:2 ԱՆՑՈՒՄՆ:1 ՀՐԱՇԱԼԻ:2 ԳՈՐԾ:3 ԼՈՒՌ:1 ՑԱՎՈՏ:1 ԳՈՐԾՈՒՄ:2 ԹԱՂԵԼ:1 ԳՐՈՂԱԿԱՆ:1 ՄԵԾ:3 ՎԱՐՊԵՏՈՒԹՅՈՒՆ:1 ՍԱԿԱՅՆ:2 ՍՐԲԱՊՂԾՈՒԹՅՈՒՆ:1 ՓՈԽԱՐԵՆ:3 ՄԱՐԴԿԱՅԻՆ:1 ԱՆԿՐԿՆԵԼԻ:1 ՎԱՏ:1 ԻՆՉՔԱՆ:1 ՍԵՓԱԿԱՆ:3 ՆԵՐՈՒՄ:1 ՔԱՆԻ:2 ՇՆՈՐՀԱԼԻ:1 ԳՈՒՑԵ:1 ԳԵՂԵՑԻԿ:1 ԻՍԿԱՊԵՍ:2 ԳՐԵԼ:1 ՆՈՐ:3 ՔՆՆԱԴԱՏՈՒԹՅՈՒՆ:1 ԿԱՄ:2 ՄՅՈՒՍ:1 ԱՆԳԱՄ:2 ԱՆԱՄՈԹ:1 ԼՈՒՍԱՆԿԱՐՈՒՄ:2 ՇԱՏ:6 ՍԵՒԱԿ:1 ՇԻՐԱԶ:1 ԱՆԾԱՆՈԹ:1 ԴԵԶ:1 ԻՐԱՎՈՒՆՔ:1 ՀԱՅՐԵՆԻ:2 ԲԱՆԵՐ:1 ԳՐՈՒՄ:2 ՍԱՀՄԱՆՈՒՄ:1 ՍՈՒՐԲ:2 ԸՆԴՀԱՆՐԱՊԵՍ:1 ԿԱՐԵՆ:1 ՆԱԽԸՆՏՐԱԿԱՆ:1 ՄՏԱ:1 ԱՎԵԼԻ:6 ՎԻՃԱՀԱՐՈՒՅՑ:1 ՉԵՔ:2 ԽԱԿ:1 ԲԱՐՁՐ:1 ՃԱՇԱԿ:1 ՀԱՐՈՒՑՈՒՄ:1 ԿԱՐԴԱՆ:1 ՈՉԻՆՉ:1 ԽԻՍՏ:1 ԿԱՆԱՑԻ:1 ԶԳԱՑՄՈՒՆՔՆԵՐ:1 ՏՊԱՎՈՐՎԵԼ:1 ՔՆՆԱԴԱՏ:2 ԸՆԴԱՄԵՆԸ:1 ՓՈՐՁ:1 ԱՆՈՒՄ:1 ՆՄԱՆԱԿԵԼ:1 ԳՐԱԿԱՆ:5 ՀԱՅՏՆԻ:1 ԲԱՆԱՍՏԵՂԾՈՒՀԻ:1 ՏԱՐԲԵՐՈՒԹՅՈՒՆ:1 ՄԵԾՈՒԹՅՈՒՆ:1 ՄԵՂՔ:1 ԻՆՉՊԻՍԻ:1 ՊԱՐԶ:1 ՀԻՆ:1 ՄԻՋՆՈՐԴ:1 ԱՍՏՎԱԾԱՅԻՆ:1 ԲԱՆԱՍՏԵՂԾՈՒԹՅՈՒՆ:1 ՆԵՐՇՆՉԱՆՔ:1 ԳՐԱԿԱՆԱԳԵՏ:1 ՀԵՆՑ:1 ԱՌԱՋԻՆ:4 ԷԼԻ:1 ՈՒՄ:2 ՏԵՍԱԿ:2 ԱՆԿԵՂԾ:1 ԱՆՍՈՎՈՐ:1 ՄԻԱԺԱՄԱՆԱԿ:1 ԿՈՊԻՏ:1 ՍԻՐՈՒՄ:1 ԶԳԱՑՄՈՒՆՔԱՅԻՆ:3 ՊԼԱՏՈՆԱԿԱՆ:1 ԻՆՉԵՒԷ:1 ՄՏԱԾՈՂՈՒԹՅՈՒՆ:1 ՉԱՓԱԶԱՆՑ:1 ԱԶԱՏՈՒԹՅՈՒՆ:2 ՁԵՐ:2 ՈՒՂՂԱԳՐԱԿԱՆ:1 ԱԿՆՀԱՅՏ:2 ՆՈՒՅՆԻՍԿ:2 ԴՊՐՈՑԱԿԱՆ:1 ՄԻՋԻՆ:1 ՇՈՒՐՋ:1 ՄԻԱՅՆ:1 ԼԱՎ:3 ՍԱԳԻ:1 ՄԱՍԻՆ:3 ԲԱՐԵԿԱՄ:1 ԹՈՒՅԼ:1 ՊԵՏՔ:3 ԻՆՉԻ:1 ԿԱՐԴՈՒՄ:1 ԾԱՆՈԹ:2 ՎԱՂ:1 ԸՍՏ:1 ՀԱՋՈՂՎԱԾ:1 ԲԵԿՈՒՄ:1 ՏԵՂԻ:1 ՎԵՐԸ:1 ՓԱՍՏՈՒՄ:1 ՈՒՂՂԱԿԻ:1 ԽՈՐՀՈՒՐԴ:1 ԲԱՎԱԿԱՆԱՉԱՓ:2 ԴԱՍԱԿԱՆ:1 ՆՈՐԱԳՈՒՅՆ:2 ՀԵՌՈՒ:1 ԽՈՍՔԻ:1 ՏԵՂԻՆ:1 ՔԱՋԱՏԵՂՅԱԿ:1 ՎԵՐԱԲԵՐՅԱԼ:1 ՍՏԱՑՎԱԾ:1 ՆԵՐՔԻՆ:1 ԸՆԴՀԱՆՈՒՐ:1 ՄԻՏՔ:1 ԶՈՒՏ:1 ՈՐԸ:2 ՄԱՍՈՎ:1 ՀԱՋՈՂՎԵԼ:1 ՍՏԱՆԱԼ:1 ԿԱՆ:1 ԱՅԼ:2 ԱՍԵԼ:1 ՆԵՐՈՂՈՒԹՅՈՒՆ:1 ԽՆԴՐՈՒՄ:1 ՀԶՈՐ:3 ԱՅՍՕՐ:1 ԳՈՐԾԻ:1 ԵԿԱ:1 ՑԱՎԱԼԻ:1 ԱՄԵՆ:2 ԴԱՏԱՎՈՐ:1 ԴՈՒՐ:1 ՀԵԹԱՆՈՍԱԿԱՆ:1 ԿԱՐ:1 ՆՈՒՅՆՊԵՍ:1 ԲՈՒՌՆ:1 ԱՌԱՐԿԱ:1 ԱՌՀԱՍԱՐԱԿ:1 ՆԿԱՏՄԱՄԲ:1 ԲԱՑԱՍԱԿԱՆ:1 ՎԵՐԱԲԵՐՄՈՒՆՔ:1 ՊԱՐԶԱՊԵՍ:1 ԱՄԵՆԵՒԻՆ:1 ՋԱՆ:1 ԻՆՉՈՒ:1 ՀԱՄԵՆԱՅՆ:1 ԿԱՐԴԱԼ:1 ՀԻՇՈՒՄ:1 ԵՐԱՆԵԼԻ:1 ԱԿԱՆ:1 ՄԻԱՍԻՆ:1 ՍՈՎՈՐՈՒՄ:1 ԱՐՄԻՆԵ:1 ԱՂՋԻԿ:1 ԿԱՑ:1 ԳՈՌ:1 ՆԿԱՐԻՉ:1 ԱՐՎԵՍՏ:2 ԱՆԿՈՂՆԱՅԻՆ:1 ՀԻԱՍՔԱՆՉ:1 ԻՐՈՔ:1 ՀՈՒԶԻՉ:1 ՍԻՐԱՅԻՆ:1 ՆՈՒՐԲ:1 ՀԱՄԱՐՁԱԿ:1 ՑՆՑՈՂ:1 ԲԱՐՁՐԱՁԱՅՆ:1 ՁԻՐՔ:1 ՀԱՏԿԱՊԵՍ:1 ՕՐԻՆԱԿ:1 ՍԻՐԱԾ:1 ԱՊԱ:1 ՀԱՍՏԱՏ:1 ՄԵԿԸ:1 ԱՍՏԻՃԱՆ:1 ԵՐԿՐՈՐԴ:1 ՈԳԵՂԵՆ:1 ԿՅԱՆՔ:1 ՄԱՀ:1 ԹՈՂՆԵԼ:1 ՄԵԿՆԱԲԱՆՈՒԹՅՈՒՆ:1 ԱՆՈՒՆ:1 ՓՈՍՏ:1 ԿԱՅՔ:2 ՀԱՄԱՅՆՔ:2 ՀՐԱՏԱՐԱԿՉՈՒԹՅՈՒՆ:1 ՀԱՆԴԵՍ:1 ԳՐԱԽԱՆՈՒԹ:1 ԱՐԽԻՎ:1 ԹՎԱՅԻՆ:1 ԳՐԱԴԱՐԱՆ:1 ԿԱՊ:2 ԽՄԲԱԳՐԱԿԱՆ:1 ԳՈՎԱԶԴ:1 ԸՆԴՈՒՆՈՒՄ:1 ԱՋԱԿՑԵԼ:2 ՀԵՂԻՆԱԿԱՅԻՆ:2 ՊԱՐՏԱԴԻՐ:1 ՆՇԵԼ:1 ՏԱԼ:1 ԱԿՏԻՎ:1 ՀՂՈՒՄ:1 ՓՆՏՐԵԼ:1 ՀԵՂԻՆԱԿ:1 ՏԵՔՍՏ:1
https://granish.org/mane-grigoryan/	ՆՐԱՆՔ:4 ԿԱՐԴՈՒՄ:5 ԳՐԱՆԻՇ:6 ԺԱՄԱՆԱԿԱԿԻՑ:1 ԳՐԱԿԱՆՈՒԹՅՈՒՆ:1 ՎԵՐՋԵՐՍ:2 ՊԱՏՄՎԱԾՔ:1 ՊՈԵԶԻԱ:5 ԷՍՍԵ:1 ԳՐԱԽՈՍԱԿԱՆ:1 ՄՐՑԱՆԱԿ:2 ՎՈՒԼԳԱՐ:2 ՄԱՆԿԱԿԱՆ:2 ՄԱՅՐ:2 ԱՄԵՆ:3 ԱՌԱՎՈՏ:2 ՀԱՍՏԱՏ:2 ՀԵՏ:5 ԿԱՆԱՅՔ:2 ՊԱՐԶՈՒՆԱԿ:2 ԻՐԵՆՑ:3 ԴԱՏԱՐԿ:3 ՀՈՒՆՎԱՐ:1 ՐՈՊԵ:1 ՄԱՍԻՆ:3 ԳՐԵԼ:1 ՄԻԱՅՆԱԿ:4 ՎԱՂԱՀԱՍ:1 ԻՐԵՆ:1 ՀԱՄՈԶՈՒՄ:1 ՄՈՐ:2 ՏԱՐԲԵՐ:1 ՓՈՐՁՈՒՄ:1 ՀԱՄՈԶՎԵԼ:1 ԵՐՋԱՆԻԿ:1 ՀՈՒՍԱՀԱՏ:1 ԿԻՆ:1 ՇԱՏ:3 ԳՈՀ:1 ՊԵՍ:2 ԵՐԿԱՐ:2 ՆԱՄԱԿ:1 ԳՐՈՒՄ:1 ՀԱՑ:1 ՈՒՏՈՒՄ:1 ԱՊՐՈՒՄ:1 ԿԱՐԵՒՈՐ:1 ՀԵՏՈ:3 ԷԳԻ:1 ՄՏՔՈՎ:2 ՈՐԱԿԵԼ:1 ԱՆՈՐԱԿ:1 ՆԱՅԵԼ:1 ՔՆԱԾ:3 ԱՅԼ:1 ԻՆՉ:2 ԵԹԵ:1 ՆԿԱՏՄԱՄԲ:1 ՏՐԱՄԱԲԱՆԱԿԱՆ:1 ՀԵՏԵՒԱՆՔ:1 ԱՐՈՒՆ:1 ՈՆՑ:1 ՇՆՉՈՒՄ:1 ՓՈԽԱՆՑՈՒՄ:1 ՊԱՅՔԱՐՈՒՄ:1 ԽԱՂԱԼԻՔ:1 ԳՆՈՒՄ:1 ՀԵՂՁՈՒԿ:1 ՀԱՄՐ:1 ՍԻՐՈՎ:1 ՆՐԱ:1 ԿԱՐՈՂ:1 ՍԻՐԵԼ:1 ՈՒՐԻՇ:2 ՆԱԵՒ:2 ՈՐՈՆՔ:2 ԿԱՐԾԻՔ:1 ԻՆՁ:4 ԴՈՒՐ:1 ՀԵՆՑ:2 ՆՈՒՅՆ:1 ԱՅՍՏԵՂ:1 ԱՆՈՒՇ:1 ՈՐՈՎՀԵՏԵՒ:3 ՃԱՆԱՉՈՒՄ:1 ՈՒՂՂԱԿԻ:3 ԱՅՆ:4 ԽՈՐՔԱՅԻՆ:1 ԴՐՍԵՒՈՐԵԼ:1 ԸՆԿԱԼԵԼ:1 ԼԻԱՐԺԵՔ:1 ԳԻՏԱԿՑՈՒՄ:1 ԱՊՐԵՍ:1 ԻՐՈՔ:1 ՄԻԱՅՆ:1 ՏԱՂԱՆԴԱՎՈՐ:1 ԲԱՆԱՍՏԵՂԾՈՒՀԻ:1 ԱՅԼԵՒ:1 ԼԱՎ:1 ՄԱՐԴ:1 ՔԵԶ:2 ՆՄԱՆ:2 ԹՈՂ:1 ՆԱԽ:1 ՇՆՈՐՀԱԿԱԼ:3 ՀԻԱՍՔԱՆՉ:1 ՆՐԲԱՆԿԱՏ:1 ԲԱՆԱՍՏԵՂԾՈՒԹՅՈՒՆ:1 ՀԱՄԱՐ:3 ՔԱՆԶԻ:1 ԱՄԲՈՂՋՈՎԻՆ:1 ՉԵՄ:1 ԳՏՆՈՒՄ:1 ՄԻԱԿ:1 ԱՍԵԼ:1 ՋԱՆ:1 ՇՆՈՐՀԱԿԱԼՈՒԹՅՈՒՆ:2 ԹԱՔՆՎԱԾ:1 ՄԵՋ:1 ՄԻՇՏ:1 ԹԱՔՑՆԵԼ:1 ՇՆՈՐՀԻՎ:1 ԲԱՆ:1 ԳՆԱՀԱՏԵԼ:1 ԿԱՐԴԱՑՈՂ:1 ՍԻՐՈՒՄ:1 ՍԱՀՄԱՆՈՒՄ:1 ԿԱՄ:2 ԴՈՒՐՍ:1 ԹՈՂՆԵԼ:1 ՄԵԿՆԱԲԱՆՈՒԹՅՈՒՆ:1 ԱՆՈՒՆ:1 ՓՈՍՏ:1 ԿԱՅՔ:2 ՄԵՐ:1 ԳՐԱԿԱՆ:3 ՀԱՄԱՅՆՔ:2 ՀՐԱՏԱՐԱԿՉՈՒԹՅՈՒՆ:1 ՀԱՆԴԵՍ:1 ԳՐԱԽԱՆՈՒԹ:1 ԱՐԽԻՎ:1 ԹՎԱՅԻՆ:1 ԳՐԱԴԱՐԱՆ:1 ԿԱՊ:2 ՄԵԶ:1 ԽՄԲԱԳՐԱԿԱՆ:1 ԳՈՎԱԶԴ:1 ԸՆԴՈՒՆՈՒՄ:1 ԱՋԱԿՑԵԼ:2 ԳՈՐԾՈՒՄ:1 ՀԵՂԻՆԱԿԱՅԻՆ:2 ԲՈԼՈՐ:2 ՈՒՄ:1 ՊԱՐՏԱԴԻՐ:1 ՆՇԵԼ:1 ՏԱԼ:1 ԱԿՏԻՎ:1 ՀՂՈՒՄ:1 ՓՆՏՐԵԼ:1 ՀԵՂԻՆԱԿ:1 ՏԵՔՍՏ:1
https://granish.org/pregnant-dog/	ՄԵՐ:8 ԳՐԱՆԻՇ:6 ԺԱՄԱՆԱԿԱԿԻՑ:1 ԳՐԱԿԱՆՈՒԹՅՈՒՆ:2 ՎԵՐՋԵՐՍ:1 ՊԱՏՄՎԱԾՔ:5 ՊՈԵԶԻԱ:1 ԷՍՍԵ:1 ԳՐԱԽՈՍԱԿԱՆ:1 ՄՐՑԱՆԱԿ:3 ԱՎԵԼԻ:5 ՈՒՇ:2 ՔԱՆ:2 ԲԱՅՑ:13 ՀԱՄԱՐ:5 ՆՈՐՄԱԼ:2 ՈՐՈՎՀԵՏԵՒ:2 ԱՌԱՋԻՆ:4 ՆՈՐ:9 ԲՈԼՈՐՈՒՄ:2 ԲԱՑՎԵԼ:2 ՀՈՒՆՎԱՐ:1 ՐՈՊԵ:1 ՍԱԿԱՅՆ:1 ԱՄՈԹ:1 ՏԱՍԸ:1 ԱՎԵԼ:1 ԻՆՉ:6 ՀԱՐՍ:1 ԶԱՎԱԿ:2 ՄԱՐԴ:2 ԱՄԲՈՂՋ:2 ԳԻՇԵՐ:1 ԵՐԲ:11 ԱՇԽԱՏՈՒՄ:2 ԱՆՕԳՈՒՏ:2 ԽԵՂՃ:1 ՀԱՐՍԻ:1 ՀԱՅՏՆԻ:1 ՄՈՏ:5 ՏԱՆԵԼ:1 ՄՈՄ:1 ԹԱՓԵԼ:1 ՉԱՐ:1 ՔՇԵԼ:1 ՓԱԿԵԼ:1 ԱՌԱՋ:1 ՎԱՌԵԼ:1 ՆՐԱՆ:7 ՄԵԿ:5 ՈՉԻՆՉ:1 ՏԱՐԻ:1 ԳԻՇԵՐԱՅԻՆ:1 ՊԱՀԱԿ:1 ԻՍԿ:6 ԲԱՆՎՈՐ:1 ԱՄԵՆ:4 ԱՌԱՎՈՏ:1 ԴԻՄԱՎՈՐՈՒՄ:1 ՉՆԱՅԱԾ:1 ՔԱՂԱՔ:1 ՇՈՒՏ:3 ՀՈԳՆԱԾ:2 ՆՍՏՈՒՄ:1 ՀԱՏ:1 ԾԽԱԽՈՏ:1 ՎԱՌՈՒՄ:1 ԱՆԳԱՄ:3 ՏԱՐԲԵՐ:1 ՀԵՌՎԻՑ:2 ՍԿՍՈՒՄ:3 ԻՐԵՆՑ:1 ԱՆՀԱՋՈՂ:1 ԱՄԵՆԱՅՆ:1 ՊԱՏՄԵԼ:2 ՓՈՐՁՈՒՄ:2 ԸՆԴՀԱՏԵԼ:1 ԼՌԵՑՆԵԼ:1 ՊԱՏՄՈՒՄ:2 ԱՍՏԻՃԱՆԱԲԱՐ:1 ԳՈՒՆԵՂ:1 ՁԵՌՔՈՎ:1 ՀԱՅՀՈՅԱՆՔ:1 ՄԵՆԱԿ:4 ՀԱՅՀՈՅՈՒՄ:1 ՆՐԱ:7 ՀԵՏՈ:2 ԻՐԱՆ:1 ՏԵՂ:3 ԳՆՈՒՄ:2 ՀԵՆՑ:1 ՎՐԱ:3 ՏԱԼ:2 ԹՎՈՒՄ:1 ՀԵՏ:2 ԿՌԻՎ:1 ԱՆՈՒՄ:2 ԲԱԿԻ:1 ՄՅՈՒՍ:1 ԻՐԱՐ:4 ՄԻՆՉԵՒ:2 ԿԱՄԱՑ:2 ԱՇԽԱՏԱՆՔԱՅԻՆ:1 ՕՐԸ:2 ՊԵՍ:3 ՆՍՏԱԾ:2 ԲԱՎԱԿԱՆ:1 ԾԱՆՐ:1 ԹԵԹԵՒՈՒԹՅՈՒՆ:1 ԱՇԽՈՒԺՈՒԹՅՈՒՆ:1 ԱՐԱԳ:2 ԴԵՊԻ:1 ԻՆՁ:7 ՎԵՐ:1 ՓՈԽԱՐԵՆ:2 ԲԱՆ:5 ԱՍԵԼ:1 ՈՒՐԱԽ:4 ՏՂԱ:3 ՔԵԶ:1 ՆՈՐԻՑ:3 ՇՈՒՐՋ:1 ՄԻԱՅՆ:2 ՔԻՉ:2 ՄԵԶ:4 ԱՆՑԱՎ:1 ՏՆԱԿԱՆ:2 ՕՂԻ:1 ԱՊԱԳԱ:1 ԵՐՋԱՆԻԿ:1 ԼՈՒՐՋ:2 ԱՐԱ:1 ԼԱՎ:2 ԷԼԻ:1 ՀԱԶԻՎ:2 ԲՈԼՈՐ:3 ԽՄԱԾ:1 ՆՈՒՅՆԻՍԿ:1 ՓԱՅԼՈՒՄ:1 ՆՄԱՆ:2 ՀՂԻ:4 ՄԱՍԻՆ:1 ՀԱՆԳԻՍՏ:1 ՈՒՇԱԴԻՐ:1 ԼՍՈՒՄ:1 ԳԱՐՆԱՆԱՅԻՆ:1 ԴԵՌ:3 ՑՈՒՐՏ:1 ԴՈՒՐՍ:5 ԳԱԼ:1 ՏԱՔ:1 ԱՌԱՆՑ:2 ԱԽՊԵՐ:1 ՋԱՆ:1 ՆԱՅԵԼ:1 ԱՐԻ:2 ԴՈՒ:3 ՆԱՅԻ:2 ՏԵՍԱԿ:1 ԵՐԵՒԻ:1 ՇԱՏ:3 ԿԵՐԵԼ:1 ՈՒՏԵԼ:1 ՄԵՆՔ:4 ՏՂԱՄԱՐԴԿԱՅԻՆ:1 ՈՒՐԻՇ:1 ԹԵԹԵՒ:1 ԱՆՎԱՆԵԼ:1 ՀԱՅՐԱԿԱՆ:1 ԼՐԻՎ:1 ՆԱԵՒ:2 ԽՆԱՄՈՒՄ:1 ՀԱՄԵՂ:1 ԵՐԲԵՔ:1 ԲԱՑ:2 ԵՐԵԿՈՅԱՆ:2 ՏՈՒՆ:1 ԱՆՊԱՅՄԱՆ:1 ԿԵՐԱԿՐՈՒՄ:1 ՀԱՃԱԽԱԿԻ:1 ԵԿԱ:3 ԱՐԴԵՆ:2 ՔԱՇՎԵԼ:1 ԽՈՒԼ:1 ՄԵԾ:3 ՏԱԿ:1 ԻՆՉԻ:1 ՀԱՐՄԱՐԱՎԵՏ:1 ՍԱՐՔԵԼ:1 ՏԵՂԱՎՈՐՎԵԼ:1 ՈՒՏԵԼԻՔ:2 ՋՈՒՐ:2 ՔԱՆԻ:1 ՄԻԱՍԻՆ:1 ԵՐԱԽՏԱՊԱՐՏ:1 ԿԱԽՎԵԼ:1 ՅՈԹ:1 ՇԱՐԺՎԵԼ:1 ՇԱՐԺՈՒՄ:1 ՇԱՆ:2 ՀԱՄԲՈՒՐՈՒՄ:1 ՓԱԿ:1 ԳՏՆԵԼ:1 ՀԱՍՆԵԼ:1 ԹԱՐՄ:1 ԵՐԿՈՒ:1 ԱՆՑ:1 ՏԱՐԵԼ:1 ԾՆՆԴԱՏՈՒՆ:1 ԱՌԱՎՈՏՅԱՆ:1 ՍՊԱՍՈՒՄ:1 ՀԱՆԿԱՐԾ:1 ՔԱՇԵԼ:1 ԴՈՒՔ:1 ՄԵՋ:4 ՄԵԿԸ:1 ՄՆԱՑԱԾ:2 ՄԻԱԿ:2 ՓՈՇՈՏ:1 ԿՈՐԱԾ:1 ԱՅՆՊԵՍ:1 ԱՆԿԱԽ:1 ԻՆՉՔԱՆ:1 ՈՒԺ:1 ՏԽՈՒՐ:1 ԿԱՄ:2 ԱՐԴԻ:1 ՀԱՅ:1 ՀԵՔԻԱԹ:1 ՀԱՆԴԻՊՈՒՄ:1 ԼԻԱՆ:1 ԿԱՐԾԻՔ:1 ՀԵՏԱՔՐՔԻՐ:1 ՊԱՏՄՈՒԹՅՈՒՆ:1 ԽՈՐՀՈՒՐԴ:1 ՏԵՔՍՏ:2 ՎԱՆՈՒՄ:1 ԿԱՐԵՆ:1 ԻՀԱՐԿԵ:1 ՇՆՈՐՀԱԿԱԼՈՒԹՅՈՒՆ:1 ԹՈՂՆԵԼ:1 ՄԵԿՆԱԲԱՆՈՒԹՅՈՒՆ:1 ԱՆՈՒՆ:1 ՓՈՍՏ:1 ԿԱՅՔ:2 ԳՐԱԿԱՆ:3 ՀԱՄԱՅՆՔ:2 ՀՐԱՏԱՐԱԿՉՈՒԹՅՈՒՆ:1 ՀԱՆԴԵՍ:1 ԳՐԱԽԱՆՈՒԹ:1 ԱՐԽԻՎ:1 ԹՎԱՅԻՆ:1 ԳՐԱԴԱՐԱՆ:1 ԿԱՊ:2 ԽՄԲԱԳՐԱԿԱՆ:1 ԳՈՎԱԶԴ:1 ԸՆԴՈՒՆՈՒՄ:1 ԱՋԱԿՑԵԼ:2 ԳՈՐԾՈՒՄ:1 ՀԵՂԻՆԱԿԱՅԻՆ:2 ՈՐՈՆՔ:1 ՈՒՄ:1 ՊԱՐՏԱԴԻՐ:1 ՆՇԵԼ:1 ԱԿՏԻՎ:1 ՀՂՈՒՄ:1 ՓՆՏՐԵԼ:1 ՀԵՂԻՆԱԿ:1
https://granish.org/%d5%a1%d5%b0%d5%b4%d5%a1%d5%a4-%d5%b6%d5%b8%d6%82%d6%80%d5%ab%d5%a6%d5%a1%d5%a4%d5%a5-%d5%a2%d5%a1%d5%b6%d5%a1%d5%bd%d5%bf%d5%a5%d5%b2%d5%ae%d5%b8%d6%82%d5%a9%d5%b5%d5%b8%d6%82%d5%b6%d5%b6%d5%a5/	ԳՐԱՆԻՇ:6 ԺԱՄԱՆԱԿԱԿԻՑ:1 ԳՐԱԿԱՆՈՒԹՅՈՒՆ:1 ՎԵՐՋԵՐՍ:1 ՊԱՏՄՎԱԾՔ:1 ՊՈԵԶԻԱ:6 ԷՍՍԵ:1 ԳՐԱԽՈՍԱԿԱՆ:1 ՄՐՑԱՆԱԿ:2 ՊԱՏԱՍԽԱՆ:5 ԻՆՁ:5 ՀԱՐՑ:2 ԴՈՒ:6 ՀԱՅ:16 ԱՊԱ:3 ԶԳԱԼ:3 ՄԵՐ:5 ՀՈԿՏԵՄԲԵՐ:1 ՐՈՊԵ:1 ԲԱՆ:1 ՓՐԿՈՒՄ:1 ԼՈՒՐՋ:2 ԲԱՅՑ:3 ԱՅՍ:10 ԸՆԴ:1 ՄԻՇՏ:1 ՏԱԼ:2 ԱՅՈ:2 ԲԱՐԵԿԱՄ:5 ԸՆԿԵՐ:1 ՀԱՐԱԶԱՏ:1 ՊԱՐԶ:1 ՉԵՄ:1 ՊԱՐՍԻԿ:1 ԹՈՂ:1 ԱՍԵՄ:2 ԳՐԵԼ:1 ԿԱՐԴԱԼ:1 ՇԱՏ:3 ՉՆՉԻՆ:1 ՉԱՓ:1 ԾԱՌԱՅԵԼ:1 ՆՐԱ:5 ԳՐԱԿԱՆ:4 ԱՅՍՕՐ:1 ԲԱՆԱՍՏԵՂԾ:2 ՀԵՏ:6 ՆՍՏԱԾ:1 ՄԱՍՆԱԿՑՈՒՄ:1 ԵՐԲ:5 ԿԱՐԴՈՒՄ:2 ՀԱՅՈՑ:1 ՓՈԹՈՐԿՈՏ:1 ՇՈՒՆՉ:1 ՎՇՏԱՀԱՐ:1 ԱՊՐԻԼ:1 ՔՍԱՆՉՈՐՍ:1 ԱՅԴ:3 ՄԵԾ:2 ԼՍՈՒՄ:3 ԱՆՄՈՌԱՆԱԼԻ:1 ՍԱԶ:1 ԱՅՐՈՒՄ:1 ԳԵՐՈՒՄ:1 ՍԻՐՈՒՄ:5 ՔՆՔՈՒՇ:1 ԳՈՎԱՍԱՆՔ:1 ԵՐԿԻՐ:1 ԱՆՈՒՇ:1 ԱՅՆՔԱՆ:2 ՈՐՔԱՆ:1 ՔԱՆԻ:1 ՄԱՐԴ:3 ՀԻՄԱ:1 ՁԵՐ:1 ՉԱՐ:1 ՄԱՐԴԱՍՊԱՆ:1 ԳԱԶԱՆ:2 ԱՅԼ:1 ԱԶԳԻ:1 ՔԱՆԶԻ:1 ՀԻՆ:1 ՄԱՐԴԿԱՅԻՆ:1 ՀԱՄԵՐԳ:1 ԻՐԱՐ:1 ՎԵՀ:1 ԶԱՐՄԱՆՔ:1 ԴԵՌ:1 ՍՊԱՍՈՒՄ:1 ՆՈՐ:2 ՊԻՏԻ:1 ԽԵՆԹ:1 ՀԱՆԿԱՐԾ:1 ՀԱՆՑ:1 ՍՈՒՐԲ:1 ԿՐԱԿ:1 ՊԱՇՏԵԼԻ:1 ԱՐԵՒ:1 ՊԱՌԿԵԼ:1 ՄԻԱՅՆ:1 ՏԱՆՋԱՆՔ:1 ՑԱՍՈՒՄ:1 ԴԺՈԽՔ:1 ԿԱԽԵԼ:1 ՁԱՅՆ:1 ՀԱՆԳՈՒՑՅԱԼ:1 ԱՄԵՆ:1 ԱՆԳԱՄ:1 ԿԱՄ:2 ԾԱՆՈԹ:1 ՀԵՌՈՒ:1 ՀԵՌԱՎՈՐ:1 ԻՆՉ:2 ԱԶԳԱԿԱՆ:1 ՎԱԽՃԱՆՎԵԼ:1 ԱՇԽԱՐՀԻ:1 ԱՆԾԱՆՈԹ:1 ՄԵՌԵԼ:1 ՍՊԱՆՎԵԼ:1 ՆՈՒՅՆՔԱՆ:1 ՏԽՐՈՒՄ:2 ԵՐԲԵՔ:2 ՈՂՋ:1 ՊԻՏ:1 ՀԱՎԵՏ:1 ԳԵԹ:1 ԱԿՆԹԱՐԹ:1 ԿԱՐՈՏ:1 ՕՏԱՐԱԶԳԻ:1 ՆԱԵՒ:1 ՈՐՈՆՔ:2 ԹՈՂՆԵԼ:1 ՄԵԿՆԱԲԱՆՈՒԹՅՈՒՆ:1 ԱՆՈՒՆ:1 ՓՈՍՏ:1 ԿԱՅՔ:2 ՀԱՄԱՅՆՔ:2 ՀՐԱՏԱՐԱԿՉՈՒԹՅՈՒՆ:1 ՀԱՆԴԵՍ:1 ԳՐԱԽԱՆՈՒԹ:1 ԱՐԽԻՎ:1 ԹՎԱՅԻՆ:1 ԳՐԱԴԱՐԱՆ:1 ԿԱՊ:2 ՄԵԶ:1 ԽՄԲԱԳՐԱԿԱՆ:1 ԳՈՎԱԶԴ:1 ԸՆԴՈՒՆՈՒՄ:1 ԱՋԱԿՑԵԼ:2 ԳՈՐԾՈՒՄ:1 ՀԵՂԻՆԱԿԱՅԻՆ:2 ԲՈԼՈՐ:2 ՈՒՄ:1 ՊԱՐՏԱԴԻՐ:1 ՆՇԵԼ:1 ԱԿՏԻՎ:1 ՀՂՈՒՄ:1 ՓՆՏՐԵԼ:1 ՀԵՂԻՆԱԿ:1 ՏԵՔՍՏ:1
https://granish.org/small-girl/	ՓՈՔՐ:6 ԱՂՋԻԿ:5 ԳՐԱՆԻՇ:6 ԺԱՄԱՆԱԿԱԿԻՑ:1 ԳՐԱԿԱՆՈՒԹՅՈՒՆ:1 ՎԵՐՋԵՐՍ:1 ՊԱՏՄՎԱԾՔ:9 ՊՈԵԶԻԱ:1 ԷՍՍԵ:1 ԳՐԱԽՈՍԱԿԱՆ:1 ՄՐՑԱՆԱԿ:3 ՍՐՏԱԲԱՆԱԿԱՆ:1 ՏԽՈՒՐ:2 ՊԵՍ:5 ՍՊԻՏԱԿ:3 ԱՆԳՈՒՅՆ:2 ՍԵՒ:3 ՀՈՒՆՎԱՐ:1 ՐՈՊԵ:1 ՓԱԿԵԼ:1 ԳՑԵԼ:1 ԹԵԹԵՒԱԿԻ:1 ԱՍԵԼ:1 ՀՆԱՐԱՎՈՐ:1 ՆԱԵՒ:2 ՊԱՏՃԱՌՈՎ:2 ՓՍԽՈՒՄ:1 ԱՅԴ:8 ՄԱՍԻՆ:5 ՄՏԱԾՈՒՄ:4 ԵՐԲ:17 ՍԵՒԵՌՈՒՆ:1 ԴԵՄ:2 ԱՄԵՆ:5 ԻՆՉԻ:1 ՍՈՎԱԾ:1 ՄԻԱՍԻՆ:2 ԸՆԴՄԻՋՈՒՄ:1 ՀԵՏՈ:9 ԷԼԻ:5 ՄԱՐԴ:2 ՔԻՉ:1 ՇԱՏ:13 ԿԱՐԴՈՒՄ:1 ԲԱՆ:5 ԵԹԵ:1 ԹԵԹԵՒ:1 ՄԻՍՏԻԿ:1 ԻՐԵՆ:1 ԹՎՈՒՄ:1 ԸՆՏՐՅԱԼ:1 ԲԱՑԱՌԻԿ:1 ՀԱՄՈԶՎԱԾ:1 ԻՆՁ:13 ՀԱՄԱՐ:3 ՈՐՈՎՀԵՏԵՒ:2 ՄԱՐԳԱՐԵ:1 ՀԱԿԱՌԱԿ:1 ՉԵՄ:1 ԿԱՐՈՂ:1 ԲՈՒԺԵԼ:1 ԽԵԼՈՔ:3 ՆՐԱ:6 ՆՍՏԱԾ:4 ՏԱՔ:2 ԾԱՆՐ:1 ՇՈՅՈՒՄ:1 ՀՈՐՍ:2 ԼԱՑԵԼ:1 ՀԵՆՑ:2 ԱՆՈՒՆՈՎ:1 ԴՊՐՈՑ:1 ՆՄԱՆ:2 ԵՐԵԽԱ:1 ՄԵՂԱՎՈՐ:1 ԱՌՈՂՋ:1 ՄԵԿ:1 ԱՆՊԱՅՄԱՆ:1 ՏԱՌԱՊՈՒՄ:1 ԱՅՍ:3 ԿԱՄ:4 ԱՅՆ:3 ՍՐՏԱՅԻՆ:1 ԲԱՅՑ:11 ԱՆԳԱՄ:4 ՄԻԱՅՆ:1 ՄԵՂԱԴՐԵԼ:1 ԴԵՌ:2 ՀԻՎԱՆԴ:1 ՔԵԶ:3 ԻՆՉ:6 ԿԱՐԵԼԻ:3 ԹԱՑ:6 ՎՐԱ:5 ՏՈՒՆ:1 ԱՌԱՋԻՆ:3 ՄԻԱԿ:2 ՆՐԱՆ:2 ԱՆԸՆԴՀԱՏ:4 ՀԱՆԿԱՐԾ:2 ԱՐՅՈՒՆ:2 ԱՆՈՐՈՇ:1 ՔԱՂՑՐ:2 ԿԱԽՎԱԾՈՒԹՅՈՒՆ:1 ԱՆՊԱՇՏՊԱՆ:4 ԴՈՒՐՍ:2 ՏԱԿ:2 ՆՍՏԵԼ:1 ՊԱՏԱՀԱԲԱՐ:1 ՈՐԻ:1 ԵՐԿՈՒ:1 ՄՈԽՐԱԳՈՒՅՆ:1 ՇԱՐՎԵԼ:1 ԿԱԽՎԱԾ:1 ԻՐԱՐ:2 ՀԵՏ:12 ԿՏՐԱԾ:1 ՀԱՅ:1 ՄԵՏՐ:1 ԸՆԿԱԾ:2 ԿՈՐԻ:1 ԼՐԻՎ:2 ՀԱՎԱՔՎԵԼ:1 ԳԵՂԵՑԻԿ:2 ԽԵՂՃ:2 ԼԱՑ:1 ՔԱՋ:1 ԱՅՍՕՐ:1 ԾՆՆԴՅԱՆ:1 ՀԵՌՈՒ:2 ԽԵԼԱԳԱՐ:1 ՄԻԹԵ:1 ԲԵՐՈՒՄ:1 ԳԵՐԵԶՄԱՆՈՑ:1 ՏԵՍՆԵԼ:1 ՕՐԸ:2 ՏԵՍԻԼՔ:1 ՄԵՋ:5 ՁԱՅՆ:1 ՍՏՎԵՐ:1 ԻՐԱԿԱՆՈՒՄ:1 ԳՐԵԼ:4 ԴՈՒ:3 ԳՐՈՒՄ:2 ԻՍԿ:2 ՄԻՇՏ:1 ՍԱՐՍԱՓԵԼԻ:2 ԳՈՒՇԱԿՈՒՄ:1 ԻՆՉՈՒ:1 ԲԵՐԵԼ:1 ԱՅՍՏԵՂ:1 ՁԵՌՔ:1 ՊԻՏԻ:2 ՎԻՐԱՎՈՐ:2 ԹԻԿՈՒՆՔ:2 ՔԱՆԻ:1 ԱՐԴԵՆ:2 ՎԱՐԱԶ:1 ԳՆՈՒՄ:1 ԳՏՆՈՒՄ:1 ՈՒՏՈՒՄ:2 ԴԻՆ:1 ՆՈՒՅՆԻՍԿ:1 ՄԱՀԱՑԱԾ:1 ՍԻՐՈՒՆ:3 ԿԱՆԱՉ:3 ՀԱՋՈՐԴ:1 ԿՐԱԿԵԼ:1 ԼՍՈՒՄ:2 ՊԱԿԱՍՈՒՄ:1 ՀԱՅՀՈՅՈՒՄ:1 ԳՈՒՑԵ:1 ՎԱՂՈՒՑ:1 ԵՂԵԼ:2 ՏԵՍ:1 ՆՈՒՅՆ:2 ՑՈՒՐՏ:1 ԲԱՎԱՐԱՐՈՒՄ:1 ՁԱԽ:1 ՄԻԱՆԳԱՄԻՑ:1 ԱՄԲՈՂՋ:1 ԿՊՉՈՒՆ:1 ՔՐՏԻՆՔ:1 ՎԵՐ:1 ՑՈՒՅՑ:1 ՍՈՒՍ:1 ՀԱՆԳԻՍՏ:2 ԽՈՍԵԼ:1 ՇԱՐԺՎԵԼ:1 ԲԱՑ:2 ԿՏՐՈՒԿ:1 ԵԿՈՂ:1 ՀԱՍՈՒՆ:1 ԼԻՔՆ:1 ՄԵՐԿ:1 ՍՊԻՆ:2 ՆՐԱՆՔ:1 ԾԱՆՈԹ:1 ԶԳՈՒՅՇ:3 ՔՆՔՈՒՇ:2 ԱՅՆՊԵՍ:1 ԹԱՓԱՆՑԻԿ:1 ԾԵՐ:1 ԼՈՒՅՍ:1 ԵՐԵՒԻ:3 ՀԱՍՏԱՏ:1 ԳՆԱՑ:2 ՀԱՄ:2 ՎԱՏ:1 ԵՐԵՔ:1 ԴԵՊԻ:2 ՄԵՆՔ:1 ՀԵՆՎԵԼ:1 ԹՈՒՆԱՎՈՐ:1 ՇՈՒՏ:1 ԱԶԱՏՈՒՄ:1 ՄՂՈՒՄ:1 ԼՈՒՐՋ:1 ԸՆԴՀԱՆՐԱՊԵՍ:1 ՕՐԻՆԱԿ:1 ՀԱՂՈՐԴՈՒՄ:1 ՄՅՈՒՍ:1 ՍՐԱՆՔ:1 ԹՈՒՅՆ:1 ԱՐՏԱԴՐԵԼ:1 ՍՊԱՍՈՒՄ:1 ԼԱՎ:2 ԱՆՍՊԱՍԵԼԻ:1 ԹԵԵՒ:1 ՍԵՌԱԿԱՆ:1 ԱՊՐԵԼ:1 ՀՂԻԱՆԱԼ:1 ՄԵՂՄ:1 ՊԱՀԻ:1 ԳԵՂԱՐՎԵՍՏԱԿԱՆ:1 ԱՐԱԳ:2 ՇԱՐԱԴՐՈՒՄ:1 ԷԻՐ:2 ԽՈՆԱՎ:1 ԲԱՐԱԿ:1 ՀՐԱՇԱԼԻ:3 ՈՂՈՐԿ:1 ԻՆՔԸ:1 ՈՒՂԻՂ:1 ԲԱՆԵՐ:1 ԿԱՐԴԱԼ:3 ԱՆԽՆԱ:1 ՀԱՄԲՈՒՐԵԼ:1 ՎՐԵԺ:1 ԼՈՒԾՈՒՄ:1 ՔՆԱԾ:1 ԺԱՄԱՆԱԿ:1 ԱՆԿԱՆՈՆ:1 ՎԱՅՐԻ:1 ՊԱՏԱՍԽԱՆՈՒՄ:1 ՆՈՒՐԲ:1 ՍԻՐՈՒՄ:1 ՓՈՐՁՈՒՄ:1 ԹԱՔՑՆԵԼ:1 ԱՂԻՆ:1 ԳՈԼ:1 ՀԱՄԻՆ:1 ԱՌԱՎՈՏՅԱՆ:1 ՄՏԱ:1 ԶՈՒԳԱՐԱՆ:1 ԱՐԻ:1 ՓԱԹԱԹԵԼ:1 ՇՊՐՏԵԼ:1 ԱՌԱՆՑ:1 ՀԵՔԻԱԹ:1 ՀԱՆԴԻՊՈՒՄ:1 ԼԻԱՆ:1 ԿԱՐԾԻՔ:1 ԱՊՐՈՒՄ:1 ԱՅՆՈՒԱՄԵՆԱՅՆԻՎ:1 ՊԱԿԱՍ:1 ՈՒՐԻՇ:1 ՏԵՂ:1 ՆԱՏՈՒՐԱԼԻՍՏԱԿԱՆ:1 ՏԱՐՕՐԻՆԱԿ:1 ԱՆՍՈՎՈՐ:1 ՈՉԻՆՉ:1 ՍԱՐՍՈՒՌ:1 ԱՆՑԱՎ:1 ԹՈՂՆԵԼ:1 ՄԵԿՆԱԲԱՆՈՒԹՅՈՒՆ:1 ԱՆՈՒՆ:1 ՓՈՍՏ:1 ԿԱՅՔ:2 ՄԵՐ:1 ԳՐԱԿԱՆ:3 ՀԱՄԱՅՆՔ:2 ՀՐԱՏԱՐԱԿՉՈՒԹՅՈՒՆ:1 ՀԱՆԴԵՍ:1 ԳՐԱԽԱՆՈՒԹ:1 ԱՐԽԻՎ:1 ԹՎԱՅԻՆ:1 ԳՐԱԴԱՐԱՆ:1 ԿԱՊ:2 ՄԵԶ:1 ԽՄԲԱԳՐԱԿԱՆ:1 ԳՈՎԱԶԴ:1 ԸՆԴՈՒՆՈՒՄ:1 ԱՋԱԿՑԵԼ:2 ԳՈՐԾՈՒՄ:1 ՀԵՂԻՆԱԿԱՅԻՆ:2 ԲՈԼՈՐ:2 ՈՐՈՆՔ:1 ՈՒՄ:1 ՊԱՐՏԱԴԻՐ:1 ՆՇԵԼ:1 ՏԱԼ:1 ԱԿՏԻՎ:1 ՀՂՈՒՄ:1 ՓՆՏՐԵԼ:1 ՀԵՂԻՆԱԿ:1 ՏԵՔՍՏ:1
https://granish.org/alishan/	ՏԵՂԱԳՐՈՒԹՅՈՒՆ:4 ԱՇԽԱՐՀԻ:5 ԳՐԱՆԻՇ:6 ԺԱՄԱՆԱԿԱԿԻՑ:1 ԳՐԱԿԱՆՈՒԹՅՈՒՆ:1 ՎԵՐՋԵՐՍ:1 ՊԱՏՄՎԱԾՔ:1 ՊՈԵԶԻԱ:1 ԷՍՍԵ:1 ԳՐԱԽՈՍԱԿԱՆ:1 ՄՐՑԱՆԱԿ:2 ՈՍԿԵԶՕԾ:2 ՏԵՂԻ:2 ՀԱՅ:7 ԲԱՆԱՍՏԵՂԾ:3 ԲԱՆԱՍԵՐ:2 ՊԱՏՄԱԲԱՆ:2 ԱՇԽԱՐՀԱԳՐԱԳԵՏ:2 ԹԱՐԳՄԱՆԻՉ:2 ԱՆԴԱՄ:2 ԴԵԿՏԵՄԲԵՐ:1 ՐՈՊԵ:1 ՆՎԻՐՎԱԾ:5 ՎԵՐԱՀՐԱՏԱՐԱԿՎԵԼ:1 ՄԱՐԶՊԵՏ:2 ՀԱՆԴԵՍ:2 ՄՇՏԱԿԱՆ:1 ՆԱԽԱԳԱՀ:1 ԱՐՏԱԿ:1 ԿԱՐԾԻՔ:2 ՄԻԱՅՆ:1 ԴՊՐՈՑԱԿԱՆ:1 ԲԱՎԱԿԱՆ:1 ՇՐՋԱՀԱՅԱՑ:1 ՀԱՅՈՑ:2 ՄԻՄՅԱՆՑ:1 ԳՐԵԹԵ:1 ԲՈԼՈՐ:6 ՀՍԿԱՅԱԿԱՆ:1 ՎԱՍՏԱԿ:1 ՀԱՅՐ:2 ԳՐԱԿԱՆ:6 ԱՍՊԱՐԵԶ:1 ԻՋԵԼ:1 ՈՐՊԵՍ:1 ԲԱՆԱՍՏԵՂԾԱԿԱՆ:1 ՄՆԱՅՈՒՆ:1 ՂԱԶԱՐՈՍ:1 ՆԱՀԱՊԵՏ:1 ՀԱԶԱՐ:1 ՎԻԹԽԱՐԻ:1 ԱՆԿՐԿՆԵԼԻ:1 ԱՆՀԱՏԱԿԱՆՈՒԹՅՈՒՆ:1 ՀԱՏՈՐ:1 ԿԱԶՄՈՂ:1 ՆՐԱ:4 ՄԵՋ:1 ՈՒՐՈՒՅՆ:1 ՏԵՂ:1 ՊԱՏՄԱԿԱՆ:2 ԱՇԽԱՐՀԱԳՐԱԿԱՆ:1 ՆԿԱՐԱԳՐԵԼ:1 ՆՅՈՒԹԱԿԱՆ:1 ԼՈՒՅՍ:2 ԸՆԾԱՅԵԼ:1 ԱՄԲՈՂՋԱԿԱՆ:1 ԱԿԱՆ:1 ՁԵՌՆԱՄՈՒԽ:1 ԱՆԵՐԵՒԱԿԱՅԵԼԻ:1 ԱՅԴ:1 ԱՌԱՆՑ:1 ԳԵԹ:1 ՄԵԿ:1 ԱՆԳԱՄ:1 ՎԵՐԱԲԵՐՅԱԼ:1 ԾԱՎԱԼՈՒՆ:1 ԱՆԱՎԱՐՏ:1 ԱՅՍ:3 ՇԱՐՈՒՆԱԿՈՒՄ:1 ԱՆԳՆԱՀԱՏԵԼԻ:1 ՀԱՆԴԻՍԱՆԱԼ:1 ՄԵՐՕՐՅԱ:1 ՀԱՄԱՐ:3 ԴԵՌԵՒՍ:1 ՕՐՈՔ:1 ԱՍՈՒՅԹ:1 ՄԵԾ:2 ԱՅՆ:3 ՀԵՌԱՏԵՍ:1 ԱՉՔ:1 ԱՅՍՕՐ:1 ԲԱՐՁՐ:1 ԳՆԱՀԱՏՈՒՄ:1 ԱՆՄՆԱՑՈՐԴ:1 ՎԱՌ:1 ՓԱՌԱՀԵՂ:1 ՄԱՍԻՆ:1 ՀՈԳԵՒՈՐ:1 ՀԱՐՈՒՍՏ:2 ՇՏԵՄԱՐԱՆ:1 ԹՈՂ:1 ՕՐԻՆԱԿ:1 ՄԵՐ:3 ՄՅՈՒՍ:1 ՏԵՐ:1 ՄՇԱԿՈՒԹԱՅԻՆ:1 ԳՈՐԾՈՒՄ:2 ՆԱԵՒ:1 ԴՐԱՄԱՇՆՈՐՀ:1 ՓԱՌԱՏՈՆ:1 ԱՄՓՈՓՈՒՄ:1 ՏԱՐԻ:1 ՇԱՏ:2 ՈՒՐԱԽ:1 ՆՇԱՆԱՎՈՐ:1 ՇՆՈՐՀԱԿԱԼ:1 ԿԱՐՈՂ:1 ԳՆԵԼ:1 ՑԱՆՑ:1 ԱՆՈՒՆ:2 ԹՈՂՆԵԼ:1 ՄԵԿՆԱԲԱՆՈՒԹՅՈՒՆ:1 ՓՈՍՏ:1 ԿԱՅՔ:2 ՀԱՄԱՅՆՔ:2 ՀՐԱՏԱՐԱԿՉՈՒԹՅՈՒՆ:1 ԳՐԱԽԱՆՈՒԹ:1 ԱՐԽԻՎ:1 ԹՎԱՅԻՆ:1 ԳՐԱԴԱՐԱՆ:1 ԿԱՊ:2 ՄԵԶ:1 ՀԵՏ:1 ԽՄԲԱԳՐԱԿԱՆ:1 ԳՈՎԱԶԴ:1 ԸՆԴՈՒՆՈՒՄ:1 ԱՋԱԿՑԵԼ:2 ՀԵՂԻՆԱԿԱՅԻՆ:2 ՈՐՈՆՔ:1 ՈՒՄ:1 ՊԱՐՏԱԴԻՐ:1 ՆՇԵԼ:1 ՏԱԼ:1 ԱԿՏԻՎ:1 ՀՂՈՒՄ:1 ՓՆՏՐԵԼ:1 ՀԵՂԻՆԱԿ:1 ԿԱՄ:1 ՏԵՔՍՏ:1
https://granish.org/signs-sky/	ՎԱՉԵ:4 ԵՐԿԻՆՔ:8 ԳՐԱՆԻՇ:6 ԺԱՄԱՆԱԿԱԿԻՑ:1 ԳՐԱԿԱՆՈՒԹՅՈՒՆ:1 ՎԵՐՋԵՐՍ:1 ՊԱՏՄՎԱԾՔ:1 ՊՈԵԶԻԱ:1 ԷՍՍԵ:1 ԳՐԱԽՈՍԱԿԱՆ:2 ՄՐՑԱՆԱԿ:2 ԴԵՌԵՒՍ:1 ՆԿԱՏՈՒՄ:2 ՀԱՅՈՑ:10 ԲԱՑԱՌԻԿ:2 ՎԵՐԱԲԵՐՈՒՄ:2 ՈՐԻ:7 ԱՐԴԵՆ:9 ՀՍՏԱԿ:3 ՀՈՒՆՎԱՐ:1 ՐՈՊԵ:1 ԸՆԴ:3 ՍՐԱՆՔ:3 ՄԻԱՅՆ:9 ԱՌԱՆՁԻՆ:1 ՀԱԿԱԴԱՐՁ:2 ԸՄԲՌՆՈՒՄ:2 ԱՅԼԵՒ:3 ԷԱԿԱՆ:2 ՈՐՊԵՍ:9 ՀԱՄԱՏԱՐԱԾ:4 ԶՈՒԳԱՀԵՌ:1 ԱՆՀԱՄԱՏԵՂԵԼԻ:2 ՀԱՄԱՐ:2 ԻՍԿ:5 ՄԵՋ:25 ԺԱՄԱՆԱԿ:3 ԱՆՇՈՒՇՏ:1 ԳՈՐԾՈՂՈՒԹՅՈՒՆ:3 ՄՇԱԿՈՒԹԱԲԱՆԱԿԱՆ:31 ՀՆԱՐԱՎՈՐ:2 ՏԱՐԲԵՐԱԿ:1 ԱՅՆ:3 ՆՄԱՆ:4 ՁԵՐ:1 ՎԵՐԵՒ:1 ՁԵԶ:1 ԱՆՀԱՅՏ:2 ԳԱՂՏՆԻ:1 ՇԱՏ:2 ԲԱՆ:3 ՄՈՏ:2 ՀԵՌՈՒ:3 ՓԱՅԼՈՒՆ:1 ՍԵՒ:2 ՀԱԶԱՐ:3 ԱՉՔՈՎ:1 ԲԱՆԵՐ:1 ԹԱՔՆՎԱԾ:1 ԼՍՈՒՄ:1 ԴԵՌ:2 ԹԵԹԵՒ:1 ԱՅՍ:17 ՍԿԻԶԲ:4 ԱՌԱՆՁՆԱՀԱՏՈՒԿ:2 ԱՅԴՈՒՀԵՏ:1 ԲԱԶՄԻՑՍ:1 ՎԵՐԻՆ:4 ՀԱՎԱԿՆՈՏ:1 ԱՆՀԱՏԱԿԱՆ:5 ԵՐԲԵՔ:2 ՏԱՐԱԾՈՒԹՅՈՒՆ:1 ՆՇԱՆԱՎՈՐՎԵԼ:1 ԱՅԼ:10 ԽՆԴԻՐ:1 ԻՐԵՆ:3 ԸՆԴՀԱՆՐԱԿԱՆ:2 ՀԱՎԱՔԱԿԱՆ:2 ՆԿԱՏԻ:2 ԿԱՄ:15 ՊԱՐՏԱԴԻՐ:3 ԱՐԺԵՔՆԵՐ:1 ՀԱՅՐԵՆԻՔ:8 ՃԱՆԱՊԱՐՀ:1 ՏԻԵԶԵՐՔ:5 ԲԱՆԱՍՏԵՂԾԱԿԱՆ:5 ԱՐԱՐԻՉ:1 ԻՆՉ:2 ՉԵԶՈՔ:1 ԿԱՐԵՒՈՐ:1 ՏԱՆ:1 ՄԻԱԺԱՄԱՆԱԿ:5 ԶՐԱՀ:1 ՊԱՐԻՍՊ:1 ԼԻՈՎԻՆ:3 ԵՐԲ:2 ԽՆԴՐՈ:1 ԶՈՒՏ:2 ԳՐՈՂԱԿԱՆ:1 ԳԵՂԱՐՎԵՍՏԱԿԱՆ:10 ՀԱԶԻՎ:2 ՇՈՒՐՋ:1 ՔԱՌՈՐԴ:2 ԴԱՐ:2 ՀԱՄԱՊԱՐՓԱԿ:3 ԱՌՆՉՎՈՂ:1 ՎԵՐՋՆԱԿԱՆ:3 ՈՐՈՇԱԿԻ:1 ՏԵՒՈՂՈՒԹՅՈՒՆ:2 ՏԵՍԱՆԵԼԻ:8 ԵՐԿԻՐ:3 ՔԱՂԱՔԱԿՐԹԱԿԱՆ:2 ՈԼՈՐՏ:5 ՀՈԳԵՒՈՐ:18 ՏԻԵԶԵՐԱԿԱՆ:5 ԵՐԿՆԱՅԻՆ:2 ԻՐՈՂՈՒԹՅՈՒՆ:3 ՓԱԽՈՒՍՏ:1 ԻՆՔՆԻՆ:3 ՊԱՐԶԱՊԵՍ:3 ՎԵՐԾԱՆՈՒՄ:2 ՆԿԱՏԵԼ:1 ԱՅՍՏԵՂ:2 ՎՍԵՄ:1 ԽՈՐՀՈՒՐԴ:3 ԱՊՐՈՒՄ:1 ԾԱՆՐ:1 ՍՐԲԱԶԱՆ:1 ՇՈՒՆՉ:2 ՄԵԶ:4 ՎԵՐ:4 ԱՇԽԱՐՀԻ:7 ՄԵՐ:3 ԽՈՐՈՒՆԿ:1 ԳՐՎԱԾ:1 ԴԵՊ:4 ՍՈՒՐԲ:1 ԲԱՅՑ:4 ՊԱՅԾԱՌ:4 ԱՅՆՊԵՍ:1 ՀԱՍԿԱՆԱԼ:2 ԻԲՐԵՒ:5 ԱՅԴ:4 ՊԱՐՈՒՆԱԿՈՒՄ:1 ՊԱՐՏԱԴՐՈՒՄ:3 ԱՅՆՈՒԱՄԵՆԱՅՆԻՎ:2 ԲԱԶՄՈՒԹՅՈՒՆ:1 ՉՆԱՅԱԾ:1 ՆՈՒՅՆՊԵՍ:3 ԲՆԱԿԵԼԻ:1 ՄԱՐԴԿԱՅԻՆ:1 ԲՈՎԱՆԴԱԿՈՒԹՅՈՒՆ:1 ՆԱԵՒ:7 ՀԵՂԻՆԱԿԱՅԻՆ:5 ՎԱՐՔ:1 ԱՆԿԱՍԿԱԾ:3 ԲԱՆԱՀՅՈՒՍԱԿԱՆ:1 ՈՐԵՒԷ:1 ՈՐԸ:3 ՊԱՏԱՀԱԿԱՆ:1 ԲՆՈՒՅԹ:1 ՉՈՒՆԻ:4 ՏՐԱՄԱԲԱՆԱԿԱՆ:1 ԳՐԵԹԵ:6 ԿԱՐԴՈՒՄ:1 ՎԵՀ:1 ԱՆՎԵՐՋ:2 ՏԱՐ:1 ՑԱԾ:1 ԱՄԲՈՂՋ:3 ՏՈՒՆ:2 ԱԶԱՏ:1 ԱՆՏԱՐԲԵՐ:1 ԱՍՏՎԱԾ:1 ԸՆԴԱՐՁԱԿ:4 ՎԱՅՐ:2 ԽՈՍՔԻ:4 ՇՆՈՐՀԻՎ:3 ՀԱՍՏԱՏՈՒՄ:1 ՀՈՍՈՒՄ:1 ՀԱՍՏԱՏՎԵԼ:1 ՈՂՋ:1 ՊԱՏԵԼ:1 ՈՒՂՂԱԿԻ:1 ԲԱՑԱՀԱՅՏՈՒՄ:2 ՄԻՋԱՎԱՅՐ:1 ԲԱՆԱՍՏԵՂԾ:2 ԱՆՀՈՒՆ:1 ԱՆԱՆՈՒՆ:1 ՇՌԱՅԼ:1 ՄԻՆ:1 ՀԱԿԱՌԱԿ:1 ԻՆՔՆ:3 ԶԱՐՄԱՆԱԼԻ:1 ԸՆԹԵՐՑՈՂ:1 ԱՆՎԱՆԻ:1 ԸՆԹԵՐՑՈՒՄ:1 ՀԻՇՅԱԼ:1 ԲՆԱԿԱՆԱԲԱՐ:2 ՀԱՄԱՐԺԵՔ:6 ՎԱՎԵՐԱԿԱՆ:2 ԱՌԱՆՑ:2 ԵՐԳ:1 ԹԱՓՈՒՄ:1 ՔԵԶ:1 ԵՐԳՈՒՄ:1 ՁԵՌՔ:1 ԲԵՐՈՒՄ:1 ԱՄԲՈՂՋԱԿԱՆ:2 ՀԱՋՈՂՎԱԾ:1 ՊԱՏԿԵՐ:1 ՄԱՍՆԱՎՈՐ:1 ՍԱԿԱՅՆ:3 ԱՌԱՋԻՆ:3 ՊԱՀ:2 ԿԱՐՈՂ:5 ԹՈՂՆԵԼ:2 ՏՊԱՎՈՐՈՒԹՅՈՒՆ:1 ԱՍՏՎԱԾԱՅԻՆ:5 ԻՐԱՊԵՍ:2 ՆՈՒՅՆ:1 ՏԱՐՕՐԻՆԱԿ:1 ԱՐԵՒԵԼՔ:2 ԿԱՐԵԼԻ:2 ՄԵԿՆԱԲԱՆԵԼ:1 ԼԱԼԱ:1 ՀԻՄՆԱՎՈՐՈՒՄ:1 ՄԻԱՅՆԱԿ:2 ՔԱՂԱՔԱԿՐԹՈՒԹՅՈՒՆ:1 ԳՈՀԱՐ:1 ԹԱՓԱՌՈՒՄ:1 ՇՇՆՋՈՒՄ:1 ԴՈՒ:1 ԻՆՁ:1 ՀԵՏ:6 ՆՈՐ:4 ԱՎԵԼՈՐԴ:1 ԸՆԴԳԾԵԼ:1 ՀԱՍԿԱՆԱԼԻ:1 ՆԱԽ:1 ԱՆԱՊԱՏ:2 ԱՊԱ:6 ԸՍՏ:5 ԱՐԵՒ:1 ԱՅՆՔԱՆ:2 ԱՐԵՒԵԼՅԱՆ:1 ՏԵՂԱՆՔ:3 ՈՐՔԱՆ:2 ՔԱՆԻ:4 ԱՆՍԱՀՄԱՆ:2 ՄԻԱԿ:2 ԸՆԴՀԱՆՐԱՊԵՍ:1 ԸՆԿԱԼԵԼԻ:5 ԱՌԱՐԿԱ:1 ԱՆՀԻՄՆ:1 ՄԻՋԱՆԿՅԱԼ:2 ՎԵՐԱԻՄԱՍՏԱՎՈՐՎԵԼ:1 ԱՄԵՆ:2 ՄԵՌԵԼ:1 ԶԻՍ:2 ՀԱՄԱՇԽԱՐՀԱՅԻՆ:2 ԱՅՍԻՆՔՆ:1 ԶԵՐԾ:1 ԱԶԱՏՈՒԹՅՈՒՆ:1 ԼՌՈՒԹՅՈՒՆ:2 ՀԵՌԱՑՈՒՄ:1 ՎԵՐԱԴԱՐՁ:1 ԱՆԸՆԴՀԱՏ:2 ԳԱՂԱՓԱՐ:2 ԵԹԵ:5 ԿԱՏԱՐՅԱԼ:1 ՓՈԽԱՐԵՆ:2 ԽՈՍՏՈՎԱՆՈՒՄ:1 ԶՂՋՈՒՄ:1 ՈՐՏԵՂ:3 ԱՆԵԼԻՔ:1 ՈՒՍՏԻ:1 ԿՐՈՂ:1 ԿՐԿԻՆ:2 ՀԵՏՈ:3 ԱՐԺԵՔԱՎՈՐ:1 ՏԵՐ:1 ՎԱՐԴԱՆ:1 ՔԱՀԱՆԱ:1 ՎՍՏԱՀՈՒՄ:1 ԲՈԼՈՐ:5 ՄԵԾ:4 ԵՐՋԱՆԿՈՒԹՅՈՒՆ:1 ՏԵՍՆԵԼ:1 ՓՈՔՐԻԿ:1 ՑԱՆԿՈՒԹՅԱՆ:1 ԱՆԿԱՏԱՐ:1 ԼԻԱՐԺԵՔ:1 ԻՐԱԿԱՆԱՑՎԵԼ:1 ՈՒՐԵՄՆ:3 ԳՈՐԾ:2 ՈՒՇԱԴՐՈՒԹՅՈՒՆ:1 ԳՐԱՎՈՒՄ:1 ԱՆՎՐԵՊ:1 ՄԻՆՉԵՒ:1 ԱՆՎԵՐԱՊԱՀ:1 ՎԿԱՅՈՒՄ:3 ՔՄԱՀԱՃ:1 ԱՐՏԱՀԱՅՏՈՒԹՅՈՒՆ:1 ՄԱՀԱՄԵՐՁ:1 ԿԵՑՎԱԾՔ:1 ՍԱՀՄԱՆԱՅԻՆ:2 ՓՈՐՁՈՒՄ:1 ՀԵՌԱՆԱԼ:1 ԸՆԴՀԱԿԱՌԱԿԸ:1 ԸՆՏՐՈՒՄ:1 ԴԵՊԻ:1 ԱՌԱՋՆՈՐԴՈՂ:1 ԲՆԱՊԱՏԿԵՐ:3 ԴՈՒՐՍ:4 ԻՐԱԿԱՆՈՒԹՅՈՒՆ:2 ԱՐՏԱՔԻՆ:1 ՀԱՃԱԽ:1 ԱՅԼԵՒՍ:1 ՆՇԱՆԱԿՈՒԹՅՈՒՆ:4 ՈՒՆԵՆԱԼ:1 ԱՆԱԿՆԿԱԼ:1 ՀԱՌՆՈՒՄ:1 ԲԱՑԱԿԱՅՈՒՄ:2 ԱՇԽԱՐՀ:1 ԱՎԵԼԻ:1 ՍՏՈՒՅԳ:1 ԱՐՁԱԿ:1 ՄԹԻՆ:1 ԱՀԱՎՈՐ:1 ԼԱՅՆ:1 ԼՈՒՌ:2 ԱՆՍՊԱՍԵԼԻ:1 ԶԳԱԼԻ:1 ԸՆԴՈՒՆՈՒՄ:2 ՀԱՋՈՐԴ:1 ՀԱՆԳՈՒՄ:1 ԸՆՏՐԵԼ:1 ՆՇԱՆԱԿՈՒՄ:3 ԻՐԱԿԱՆ:3 ՆԵՐՔԻՆ:5 ԲՆՈՐՈՇ:1 ԱՎԱՐՏՈՒՆ:1 ԱՆՇԱՐԺ:1 ՇՐՋԱՆԱԿ:1 ԻՆՉՈՒ:2 ԳԻՇԵՐ:4 ՊԻՏԻ:1 ԱՆՍՈՎՈՐ:1 ՀԱՍԱՆԵԼԻ:1 ՔԻՉ:1 ԱՅՍՊԻՍԻ:1 ԱՆԵԼ:1 ԱՅԼԱՊԵՍ:1 ԱՆԴԱԴԱՐ:1 ՏԵՒՈՂ:1 ԱՍԵԼ:1 ԳՈՅՈՒԹՅՈՒՆ:1 ԱՌԱՐԿԱՅԱԿԱՆ:1 ՆԵՐՍ:1 ԳՈՐԾՈՒՄ:3 ՆԵՐԿԱ:1 ԼԻՆԵԼ:1 ՊԵՏՔ:1 ԱՆՄԻՋԱՊԵՍ:1 ՆԵՐԽՈՒԺՈՒՄ:1 ՆԱՅԻ:1 ՎԱՂՆՋԱԿԱՆ:1 ՌԱՅԻ:1 ԲԱՐՁՐԱԳՈՒՅՆ:2 ՀԱՆԴԻՊՈՒՄ:1 ԿԱՐԵՒՈՐԱԳՈՒՅՆ:1 ՆԵՐԴԱՇՆԱԿ:1 ԱՆՄՆԱՑՈՐԴ:1 ԵՐԿՐՈՐԴ:1 ՀՈԳԵԿԱՆ:2 ԱԶԱՏԱԳՐՈՒՄ:1 ՀԱՐԿ:1 ԿԱՌՈՒՑՎԱԾՔԱՅԻՆ:1 ՆՐԱ:4 ԱՆՉԱՓ:1 ԱՆԳԱՄ:2 ԾՈՎ:1 ՍՖԻՆՔՍ:2 ՆԻՐՎԱՆԱ:1 ԵՐԿՈՒ:2 ՀՈԳԵԲԱՆԱԿԱՆ:1 ԻՄԱՑԱԲԱՆԱԿԱՆ:1 ԱՌԱՋՆԱՅԻՆ:1 ՔՐԻՍՏՈՆԵԱԿԱՆ:1 ՄԱՐԴ:1 ԵՐԿՐՈՐԴՈՒՄ:1 ԱՌԱՆՑՔԱՅԻՆ:1 ՁԱՅՆ:1 ՀՈՒՅՍ:1 ԲՈՎԱՆԴԱԿՈՒՄ:1 ՀԵՏԱՄՆԱՑ:1 ԱՐՁԱՆԱԳՐՈՒՄ:1 ՀՈԳԻ:1 ԿՈՒ:1 ԱՌԱՆՁՆԱԿԻ:1 ՈՒՇԱԳՐԱՎ:1 ՄԱՆԱՎԱՆԴ:1 ԱՐԴՅՈՒՆՔ:1 ԿԱՆ:1 ՈՐՈՆՔ:3 ԶԳԱՑՈՂՈՒԹՅՈՒՆ:1 ԲՈՒՐԳ:1 ԽԵՆԹ:1 ՀՈՐԻԶՈՆԱԿԱՆ:1 ՏԱՐԱԾԱԿԱՆ:1 ԳՐԱՆՑՈՒՄ:1 ԽԱՂԱՂ:2 ԸՆԿԱԾ:1 ԱՍԵՆՔ:1 ՄԻՇՏ:1 ԽԱՐՏՅԱՇ:1 ԽՈՐԻՆ:1 ՎԱՐԴ:1 ԱՆՊԱՅՄԱՆ:1 ՈՐՊԵՍԶԻ:1 ՓՌՎԱԾ:1 ՃԱՆԱՉԵԼԻ:1 ՀԵՏԵՒՅԱԼ:1 ՎԻՃԱԿ:1 ԼՈՒՅՍ:2 ՎԵՐՋԱԿԵՏ:2 ՍՊԱՍՈՒՄ:1 ԿԱՆԽԱՏԵՍՈՒՄ:1 ՄԵՐԹ:1 ՓՈՐՁ:1 ԵՐԿԱՐԱՁԻԳ:1 ՉՊԵՏՔ:1 ՀԻՎԱՆԴ:1 ՊԱՐԶՈՒՆԱԿ:1 ԺՈՂՈՎԱԾՈՒ:1 ՀԵՂԻՆԱԿՈՒՄ:1 ՀՐԱՏԱՐԱԿՈՒՄ:1 ՀԱՆԴԵՍ:2 ՊԱՇՏՊԱՆԱԿԱՆ:1 ԿԵՆՍԱԲԱՆԱԿԱՆ:1 ԺԱՄԱՆԱԿԱՅԻՆ:1 ՇՐՋԱՆԱԿՈՒՄ:1 ԻՐՈՔ:1 ՏԵՒՈՒՄ:1 ՄԱՍԻՆ:1 ՍՈՎՈՐԱԿԱՆ:1 ՀՈԳԵՎԻՃԱԿ:1 ՆՇԱՆ:1 ՃԱԿԱՏԱԳԻՐ:1 ՎԵՐՋԱՊԵՍ:1 ՈՒՇԱԴԻՐ:1 ԱՄՐԱՊՆԴՈՒՄ:1 ԸՆԹԵՌՆԵԼԻ:1 ՆԱԽՈՐԴՈՒՄ:1 ՀՈՐԴ:1 ՀՆՉՈՒՄ:1 ԿԻՐԱԿԻ:1 ԱՆԴԻՆ:1 ՏԱՆԻՆ:1 ԱՐԱՐՔ:1 ԱՆՁ:1 ԻՆՔՆԱՏԻՊ:1 ՆՈՒՅՆԱԿԱՆ:1 ՆՇԱՆԱՎՈՐԵԼ:1 ՀՆԱՐԱՎՈՐՈՒԹՅՈՒՆ:1 ՓՈՔՐ:1 ԳՐՈՒՄ:1 ՏԻԵԶԵՐԱԲԱՆԱԿԱՆ:1 ԽՈՐՀՐԴԱՆՇԱՆ:1 ՉԻՆԱԿԱՆ:1 ՔԱՂԱՔԱԿԱՆՈՒԹՅՈՒՆ:1 ԿՐՈՆ:1 ՌՈՄԱՆՏԻԶՄ:1 ՄԵԿՆԱԲԱՆՈՒԹՅՈՒՆ:1 ԱՆՈՒՆ:1 ՓՈՍՏ:1 ԿԱՅՔ:2 ԳՐԱԿԱՆ:3 ՀԱՄԱՅՆՔ:2 ՀՐԱՏԱՐԱԿՉՈՒԹՅՈՒՆ:1 ԳՐԱԽԱՆՈՒԹ:1 ԱՐԽԻՎ:1 ԹՎԱՅԻՆ:1 ԳՐԱԴԱՐԱՆ:1 ԿԱՊ:2 ԽՄԲԱԳՐԱԿԱՆ:1 ԳՈՎԱԶԴ:1 ԱՋԱԿՑԵԼ:2 ՈՒՄ:1 ՆՇԵԼ:1 ՏԱԼ:1 ԱԿՏԻՎ:1 ՀՂՈՒՄ:1 ՓՆՏՐԵԼ:1 ՀԵՂԻՆԱԿ:1 ՏԵՔՍՏ:1
https://granish.org/jacques-brel-amsterdam/	ԲՐԵԼ:4 ԳՐԱՆԻՇ:6 ԺԱՄԱՆԱԿԱԿԻՑ:1 ԳՐԱԿԱՆՈՒԹՅՈՒՆ:1 ՎԵՐՋԵՐՍ:1 ՊԱՏՄՎԱԾՔ:1 ՊՈԵԶԻԱ:7 ԷՍՍԵ:1 ԳՐԱԽՈՍԱԿԱՆ:1 ՄՐՑԱՆԱԿ:2 ՁԵԶ:2 ՖՐԱՆՍԵՐԵՆ:2 ՀԱՅԵՐԵՆ:2 ԿԱՐՈՂ:2 ՆԱԵՒ:3 ՆԵՐԲԵՌՆԵԼ:2 ՀՈՒՆՎԱՐ:1 ՐՈՊԵ:1 ԿԱՆ:7 ԵՐԳՈՒՄ:1 ԱՅՆ:2 ՏԱՆՋՈՒՄ:1 ԲԱՑ:1 ԻՆՉՊԵՍ:2 ԴՐՈՇ:1 ՄՌԱՅԼ:1 ԱՓԻ:1 ՄԵՌՆՈՒՄ:1 ԴԵՌ:1 ԼՈՒՅՍ:2 ԱՂՈՏ:1 ԹԱՆՁՐ:1 ՄԵՋ:2 ՈՒՏՈՒՄ:2 ՎՐԱ:2 ՃԵՐՄԱԿ:1 ԹԱՐՄ:1 ՁԿՆԵՐ:1 ՑՈՒՅՑ:1 ՆՐԱՆՔ:3 ՊԱՐԱՆ:1 ՀԱՐՍՏՈՒԹՅՈՒՆ:1 ԼՈՒՍԻՆ:1 ԿՐԾՈՂ:1 ԱՆԳԱՄ:1 ԵՐԲ:3 ԿՈՇՏ:1 ՔԱՇՈՒՄ:1 ԷԼԻ:2 ՀԵՏՈ:2 ՏԱԿ:2 ԴՈՒՐՍ:1 ԳՆՈՒՄ:1 ԻՐԵՆՑ:2 ՊԱՐՈՂ:1 ՀԱՆՑ:1 ՈԼՈՐՈՒՄ:1 ԻՐԱՐ:1 ՎԻԶ:1 ԽԵՆԹ:1 ՄԻՆՉ:1 ՀԱՆԿԱՐԾ:1 ՓՉՈՒՄ:1 ԱՅՆԺԱՄ:2 ԱՐԴԵՆ:2 ԼՈՒՐՋ:1 ՏԵՍՔՈՎ:1 ՀՊԱՐՏ:1 ԱՄԵՆ:1 ՆԱՎԱԶ:1 ԽՄՈՒՄ:6 ԿՐԿԻՆ:1 ԱՅԼ:1 ՏԵՂԻ:1 ԳԵՂ:1 ԿՏՈՐ:1 ԴԻՄԱՑ:1 ՀԱՐԲԱԾ:1 ՇԱՏ:1 ՊԻՆԴ:1 ՏՆԿՈՒՄ:1 ԵՐԿԻՆՔ:1 ԴԱՎԱՃԱՆ:1 ԸՍՏ:1 ՖՐԱՆՍԱԿԱՆ:1 ՀՐԱՏԱՐԱԿՉՈՒԹՅՈՒՆ:2 ԵՐԵՒԱՆ:1 ԹԱՐԳՄԱՆԻՉ:1 ՖՐԱՆՍԱԽՈՍ:1 ԲԱՆԱՍՏԵՂԾ:1 ԲԱՐԴ:1 ԴԵՐԱՍԱՆ:1 ՌԵԺԻՍՈՐ:1 ԾՆՎԵԼ:1 ՀԱՐԱԿԻՑ:1 ՎԱՏ:1 ՍՈՎՈՐԵԼ:1 ԲԱՅՑ:1 ՎԱՂ:1 ՄԱՍՆԱԿՑԵԼ:1 ՍԻՐՈՂԱԿԱՆ:1 ՍՏԻՊՈՒՄ:1 ՄԻԱՆԱԼ:1 ԸՆՏԱՆԵԿԱՆ:2 ՀՐԱՊՈՒՐՈՒՄ:1 ՀԵՏ:2 ՆՈՒՅՆ:2 ՏԱՐՈՒՄ:2 ԳՐՈՒՄ:1 ՈՐՈՆՔ:3 ԿԱՏԱՐՈՒՄ:1 ԹՈՂԱՐԿՈՒՄ:1 ԱՌԱՋԻՆ:2 ՇՈՒՏՈՎ:1 ՄՇԱԿՈՒԹԱՅԻՆ:1 ՃԱՆԱՉՎԱԾ:1 ԳՈՐԾԻՉ:1 ՄԵԿՆՈՒՄ:1 ՈՐՏԵՂ:2 ԵՐԻՏԱՍԱՐԴ:1 ՍԿՍՈՒՄ:1 ԱՇԽԱՏԱԿՑԵԼ:1 ԴԱՇՆԱԿԱՀԱՐ:1 ԱՅԴ:2 ԺԱՄԱՆԱԿ:1 ՆՐԱ:2 ՀԵՐԹԱԿԱՆ:1 ԳՐԱՆ:1 ԱԿՏԻՎՈՐԵՆ:1 ՀԱՆԴԵՍ:3 ՀԵՂԻՆԱԿԱՎՈՐ:1 ՈՐՈՇՈՒՄ:1 ԹՈՂՆԵԼ:2 ԿԱՅԱՆՈՒՄ:1 ՎԵՐՋԻՆ:1 ՈՐՊԵՍ:1 ԿԻՆՈԴԵՐԱՍԱՆ:1 ՊՐՈՖԵՍԻՈՆԱԼ:1 ՄԱՐՍԵԼ:1 ԱՅՆՈՒՀԵՏԵՒ:1 ՕԳՏԱԳՈՐԾՈՒՄ:1 ԱՆԿՐԿՆԵԼԻ:1 ՀՈՐԵՂԲԱՅՐ:1 ԱՐԿԱԾ:1 ԻՆՔԸ:1 ՆԿԱՐԱՀԱՆԵԼ:1 ԵՐԿՈՒ:1 ՖԻԼՄ:1 ՎԱՅՐԻ:1 ԱՐԵՒՄՈՒՏՔ:1 ՎԱԽՃԱՆՎԵԼ:1 ԵՐԿԱՐԱՏԵՒ:1 ՊՈԼ:1 ԿԱՐԾԻՔ:1 ՇՆՈՐՀԱԿԱԼ:1 ՍԻՐԱԾ:1 ՄԵԿՆ:1 ԳԵՂԵՑԻԿ:1 ՄԵԿՆԱԲԱՆՈՒԹՅՈՒՆ:1 ԱՆՈՒՆ:1 ՓՈՍՏ:1 ԿԱՅՔ:2 ՄԵՐ:1 ԳՐԱԿԱՆ:3 ՀԱՄԱՅՆՔ:2 ԳՐԱԽԱՆՈՒԹ:1 ԱՐԽԻՎ:1 ԹՎԱՅԻՆ:1 ԳՐԱԴԱՐԱՆ:1 ԿԱՊ:2 ՄԵԶ:1 ԽՄԲԱԳՐԱԿԱՆ:1 ԳՈՎԱԶԴ:1 ԸՆԴՈՒՆՈՒՄ:1 ԱՋԱԿՑԵԼ:2 ԳՈՐԾՈՒՄ:1 ՀԵՂԻՆԱԿԱՅԻՆ:2 ԲՈԼՈՐ:2 ՈՒՄ:1 ՊԱՐՏԱԴԻՐ:1 ՆՇԵԼ:1 ՏԱԼ:1 ԱԿՏԻՎ:1 ՀՂՈՒՄ:1 ՓՆՏՐԵԼ:1 ՀԵՂԻՆԱԿ:1 ԿԱՄ:1 ՏԵՔՍՏ:1
https://granish.org/escalator/	ԳՐԱՆԻՇ:6 ԺԱՄԱՆԱԿԱԿԻՑ:1 ԳՐԱԿԱՆՈՒԹՅՈՒՆ:2 ՎԵՐՋԵՐՍ:1 ՊԱՏՄՎԱԾՔ:5 ՊՈԵԶԻԱ:1 ԷՍՍԵ:1 ԳՐԱԽՈՍԱԿԱՆ:1 ՄՐՑԱՆԱԿ:3 ԱՅՆՏԵՂ:7 ՈՒՐ:3 ԳՈՐՇ:3 ԱՆԿԱՆՈՆ:2 ՄԵԶ:10 ՄՇՏԱՊԵՍ:2 ԼԱՐՎԱԾ:2 ՄԵՋ:9 ՊԱՀՈՂ:2 ՎԱՐԴԱԳՈՒՅՆ:7 ՀՈՒՆՎԱՐ:1 ՐՈՊԵ:2 ԵՐԵՒՈՒՄ:3 ՀԱՍՆԵԼ:1 ՆՐԱՆ:12 ԹԵԵՒ:4 ԱՆՉԱՓ:1 ԴԺՎԱՐԻՆ:1 ԱՎԵԼԻ:13 ՀԻՄԱ:7 ԱՌԱՎԵԼ:8 ԶԳՈՒՇԱՎՈՐ:1 ՄԻԱՅՆ:6 ՉԵՄ:13 ԱՅԼԵՒ:3 ՊԱՐԶԱՊԵՍ:2 ՈՒԺԵՐ:1 ԿԱՐԵՒՈՐ:2 ԶՈՀ:1 ԱՌԱՋ:7 ԹՈՂ:1 ՔԻՉ:11 ՈՒՇ:1 ԻՆՔԸ:1 ՏԵՂ:4 ԻՍԿ:11 ԵԹԵ:11 ԿԱՄ:7 ՎԱՏ:2 ԱՐԱ:1 ԻՆՔՍ:3 ԻՆՁ:23 ՈՐՈՎՀԵՏԵՒ:4 ՆԱԽԿԻՆ:1 ԱՅԼԵՒՍ:3 ՀՈԳՆԵԼ:2 ԲԱՑԻ:2 ԱՅՍ:8 ՆՄԱՆ:7 ՄԻՇՏ:3 ՈՐՈՇԱԿԻ:1 ՀԵՏ:3 ԺԱՄԱՆԱԿ:4 ԿԱՐՈՂ:9 ԿՈՐՑՆԵԼ:1 ՀԱՋՈՂ:2 ԼԻՈՎԻՆ:4 ԲԱՎԱԿԱՆ:3 ՈՐՊԵՍԶԻ:3 ԲԱՆ:12 ԲՆԱԿԱՆԱԲԱՐ:1 ՍԱՐՍԱՓՈՒՄ:1 ԴԵՌԵՒՍ:1 ԱՊԱ:3 ԱՆԴՈՒՆԴ:2 ԶՐԿՎԱԾ:1 ՎԱՂՈՒՑ:4 ԱՐԴԵՆ:7 ՎՐԱ:10 ԵՂԱԾ:1 ՄԱՍԻՆ:4 ԻՀԱՐԿԵ:5 ՆԱԵՒ:3 ԱՌԱՎՈՏՅԱՆ:1 ԽԵՂՃ:1 ՄԱՐԴ:6 ԳՑԵԼ:1 ՔՆԵԼ:1 ՁԵՌՔ:2 ԴՈՒՔ:4 ԿԱՐԵԼԻ:3 ԿԱՐԾԵԼ:1 ԱՌԱՋԻՆ:1 ՍԱՆ:1 ՔԱՆԻ:7 ՏԱՐԻ:1 ՄԵՐ:2 ԱՅՈ:4 ՀԵՏՈ:5 ԱՆՍՊԱՍԵԼԻՈՐԵՆ:3 ՀԱՄԱՐՁԱԿ:1 ՔԱՅԼ:1 ՈՒԺԵՂ:3 ՄԵԿՆ:1 ՃԱՆԱՉՈՒՄ:1 ՄՈԼՈՒՑՔ:1 ՀԻՇՈՒՄ:1 ՊԱՐԱՆ:2 ԻՆՔՆՈՒՐՈՒՅՆ:1 ԱՅԴ:10 ՈՒՐԵՄՆ:2 ՄԻԱՄԻՏ:2 ՈՐԻ:4 ՀԵՆՑ:3 ՄԵԿԸ:4 ՏԱՂԱՆԴԱՎՈՐ:1 ՍԱԿԱՅՆ:16 ՏԵՂՈՒՄ:4 ՄՆԱՅՈՒՆ:1 ԱՆՑՆԵԼ:1 ՀԱԿԱ:1 ԱՅՆՔԱՆ:4 ՀԱՃԱԽԱԿԻ:1 ԻՐԱՐ:1 ԿՈՂՔ:1 ՄՏԵՐՄԱՆԱԼ:2 ԱՅԴՊԵՍ:6 ՄԻՄՅԱՆՑ:3 ԵՐԲԵՔ:1 ՎՍՏԱՀՈՒՄ:1 ՄՏԵՐՄՈՒԹՅՈՒՆ:1 ԲԱՅՑ:21 ՈՐՈՆՔ:2 ՍՏԻՊՈՒՄ:2 ԼԻՆԵԼ:3 ՀԱՄԱՐ:13 ՈՒԶԱԾ:1 ԱՆԱԿՆԿԱԼ:1 ՎՍՏԱՀԵԼ:1 ՆՈՒՅՆԻՍԿ:7 ԿԱՐԳԻՆ:1 ՊԱՀԱԾ:1 ԱՆՍՈՎՈՐ:1 ՇԱՐԺՈՒՄ:1 ՁԱՅՆ:1 ՄԵՆՔ:3 ԱՐԹՈՒՆ:1 ՍԹԱՓ:1 ԱՅՆ:9 ՄԻԱՑՆԵԼ:1 ՀԱԿԱՌԱԿ:2 ԸՍՏ:3 ԼՐԱՑՈՒՑԻՉ:1 ՄԻՋՈՑ:1 ՀԻՄՆԱԿԱՆ:1 ՀԻՆ:1 ՀԱՄԱԿՈՒՄ:1 ՆՐԱՆՔ:4 ԱՄՈՒՐ:1 ԿԱՌՉՈՒՄ:1 ԼԱՅՆ:2 ՍՊԱՍՈՒՄ:3 ԵՐԲ:8 ՇՈՒՐՋԸ:1 ՔԱՈՍԱՅԻՆ:1 ԽԱՌՆԱՇՓՈԹ:1 ՄԱՐԴԻԿ:1 ՀԱՅՀՈՅՈՒՄ:1 ԳՈՆԵ:1 ԻՐԵՆՑ:3 ԵՐԿԱՐ:4 ՏԵՒՈՒՄ:1 ԱՅԴՈՒՀԱՆԴԵՐՁ:1 ԴԻՄԱԿԱՅԵԼ:1 ԴԵՌ:8 ԱՆՓՈՐՁ:1 ԱՆԳԱՄ:5 ԳԼՈՐՎԵԼ:3 ԱՄԵՆ:4 ՍԿՍԵԼ:1 ՆՈՐԻՑ:4 ՓԱՌՔ:1 ԽՈՒՍԱՓԵԼ:1 ՆՐԱ:23 ԱՄԲՈՂՋ:3 ԳԱՐՇԱՀՈՏ:2 ԱՅՆՊԵՍ:2 ՄՈՏԱ:1 ԳՈՒՇԱԿՈՒԹՅՈՒՆ:1 ԱՆԵԼ:1 ԹՇՎԱՌ:1 ՊԵՏՔ:4 ԲԱՎԱԿԱՆԻՆ:1 ԽՈՐ:1 ՄՅՈՒՍ:2 ԻՆՉ:16 ԵՏԵՒՈՒՄ:3 ՊԱՏՃԱՌՈՎ:2 ԱՆՎԱՆՈՒՄ:1 ՊԱՏ:1 ԵՐԲԵՄՆ:1 ԹՎՈՒՄ:4 ՀԵՏԵՒՈՒՄ:1 ՓԱՍՏ:1 ՍԵՐՆԴԵՍԵՐՈՒՆԴ:1 ԿԵՐՊ:2 ՉԵՆՔ:1 ԹՈԹԱՓԵԼ:1 ԹԱՓԱՆՑԻԿ:1 ՀԱՆԳԱԾ:1 ԱՆՈՐՈՇ:1 ՄՈՒԹ:4 ԾԱՅՐԱՀԵՂ:1 ՀՊՈՒՄ:1 ՆՈՐ:6 ԼԻՑՔ:2 ՈՄԱՆՔ:1 ԱՌԱՐԿՈՒԹՅՈՒՆ:1 ՊՆԴՈՒՄ:1 ԻՍԿԱՊԵՍ:2 ԳԵՐԲՆԱԿԱՆ:1 ՀԱՄԱՐՈՒՄ:1 ՀԱՎԱՏ:1 ԸՆԴԱՄԵՆԸ:3 ՄԻՆՉԵՒ:1 ՀԵՌՈՒ:4 ԱՆՄԻՋԱՊԵՍ:2 ԶԱՏ:1 ՏԱՐԱԾՈՒԹՅՈՒՆ:1 ԱՆՑ:5 ԸՆԹԱՑՔ:1 ԿԱՏԱՂԻ:1 ՀԱՅՀՈՅԱՆՔ:1 ԵՐԿՈՒ:1 ՀՈԳԻ:1 ՈՒՂԻՂ:2 ՃԻՇՏ:3 ԺԱՄԱՆԱԿԻՆ:2 ՃԱՆԱՊԱՐՀ:1 ՎՈՒՄ:1 ՑԱԾ:5 ՎԵՐԱԿԱՆԳՆԵԼ:1 ՆԱՅԻ:1 ՊԵՍ:1 ՎԵՐ:13 ԴԵՊԻ:2 ԹՌՉՈՂ:1 ԹԻԹԵՌ:1 ՏԱՐԲԵՐՈՒԹՅՈՒՆ:1 ԶՈՒՐԿ:1 ՎԵՐՋ:1 ՀՆՉՈՒՄ:1 ՎԱԶԵԼ:1 ՀԱՍՏԱՏ:2 ՀԱՂԹԱՆԴԱՄ:1 ԲՈՒԹ:2 ԿԱՄԱՑ:2 ԻՆՉՈՒ:5 ՄՈՏԱԼՈՒՏ:1 ԹՅՈՒՐԻՄԱՑՈՒԹՅՈՒՆ:1 ՊԱՏՄՈՒԹՅՈՒՆ:1 ՏԵՂՅԱԿ:1 ԼՍԵԼ:2 ՆՍՏԱԾ:3 ՁԵՌՆԱՐԿԵԼ:1 ՇՈՒՏԱՓՈՒՅԹ:1 ԱՆՀԻՄՆ:1 ՀԱՄՈԶՎԱԾ:1 ՎԵՐՋԻՆ:2 ԱՐԱԳ:1 ՏԵՍՆԵԼ:1 ԱՍՏԻՃԱՆ:4 ՄՈԽՐԱԳՈՒՅՆ:1 ՀԱՄԱՐՅԱ:2 ՄԱՆԿԱԿԱՆ:1 ԱՆԲՆԱԿԱՆ:2 ԱՇԽՈՒՅԺ:1 ՀԱՋՈՂՎԵԼ:3 ՄՆԱԼ:1 ԳՆԱԼ:1 ԿԱԽ:2 ՓԱԽՉՈՂ:1 ՇՐՋԱԿԱ:1 ԼԱՎ:6 ԱՎԵԼՈՐԴ:1 ՍՈՒՐ:1 ԲԱՐՁՐԱՑՆԵԼ:1 ԳՐԿՈՒՄ:1 ՏԱՔ:2 ՀԻԱՆԱԼ:1 ԳԵՂԵՑԻԿ:4 ՊԱՀԵԼ:2 ՀԱՐՎԱԾՈՒՄ:1 ԻՆՔՆԱԲԵՐԱԲԱՐ:1 ՏԱՐԱԾՈՒՄ:1 ԴՈՒՐՍ:4 ՇԱՐՈՒՆԱԿՈՒՄ:2 ՄԵՏԱՔՍՅԱ:2 ՓԱՓՈՒԿ:1 ԵՐԿՆԱԳՈՒՅՆ:3 ԳՈՌՈՒՄ:1 ՊԱՀՈՒՄ:1 ԳԼԽԻՎԱՅՐ:1 ԱՆԱՂՄՈՒԿ:1 ՊԱՀ:2 ՑՐՎԱԾ:1 ԿԱՊՈՒՅՏ:3 ԻՍՊԱՌ:2 ՄՇՈՒՇՈՒՄ:1 ԱՎԱՐՏՎԵԼ:1 ԱՅԼԱՊԵՍ:1 ԶԳԱՑՄՈՒՆՔԱՅԻՆ:1 ԹԱՆԿ:1 ՎԵՐՍՏԻՆ:1 ՎԵՐՋԱՊԵՍ:3 ԱԶԱՏ:3 ՇՈՒՆՉ:2 ԸՆԿԱԾ:2 ՏԱՐՕՐԻՆԱԿ:2 ՋԱՆՔ:1 ԳՈՐԾԱԴՐՈՒՄ:1 ԱՆՁՆԱՏՈՒՐ:1 ԵՂԵԼ:1 ՋԱՀԵԼ:3 ՀՈՒՄ:1 ԳԵՂԵՑԻԿԸ:1 ԿԱՊ:3 ՄԵԿ:2 ԱՆՑԱՆ:1 ՕՐԵՐ:1 ԱՆԸՆԴՀԱՏ:1 ՀԵՏԸ:1 ՇՆՈՐՀԱԿԱԼ:3 ՇԱՏ:8 ԱՄԵՆԵՒԻՆ:1 ՄԻԱՍԻՆ:1 ՀԵՇՏ:2 ԲԵՌ:1 ԱՅՍՊԵՍ:2 ՇԱՐՈՒՆԱԿ:1 ԱՅԼԵՒԱՅԼ:1 ԲՈՐԲՈՔՈՒՄ:1 ԿԱՊԵԼ:1 ՅՈՒՐԱՔԱՆՉՅՈՒՐ:2 ԵՐԵՒԱԿԱՅԱԿԱՆ:1 ԻՐԱԿԱՆՈՒԹՅՈՒՆ:1 ՏՀԱՃ:1 ՄԻԱՅՆԱԿ:1 ՕՏԱ:1 ՏԵՍԱԿ:1 ԿԵՂԾ:1 ՀԱՆԴԵՐՁ:1 ՍԻՆԹԵՏԻԿ:1 ԿԱՐ:1 ՆԿԱՏԵԼ:2 ԳՈՒՑԵ:4 ՄԵՂԱՎՈՐ:1 ԵՂԲԱՅՐ:2 ԳՆՈՒՄ:1 ՀԵԳՆԱԿԱՆ:1 ԴՈՒ:3 ԱՆՀՈՒՅՍ:1 ԵՐԱԶՈՂ:1 ԶԳՈՒՅՇ:1 ՍԻՐՈՒՄ:3 ԱՐՏԱՔՆԱՊԵՍ:1 ՆԵՆԳ:1 ԶՍՊԵԼ:1 ԿԱՌՉԵԼ:2 ԿՈՂՄ:3 ԴԵՄ:1 ԵՐԵՔ:2 ՀԱՅՏՆԻ:1 ՄՈՏԻԿ:3 ՆՇԱՆ:1 ԱՐԱԳՈՐԵՆ:2 ՄԱՐԵԼ:1 ՏԵՂԸ:1 ՏՐԱՄԱԲԱՆՈՐԵՆ:1 ՀԱՎԱՆԱԲԱՐ:1 ԵՆԹԱԿԱ:1 ՀԱՋՈՐԴ:1 ԿԱՆԳՆԵԼ:1 ԵՐԿՐՈՐԴ:3 ՊԱՏՐԱՍՏՎԵԼ:1 ԴԱՐՁՅԱԼ:1 ԻՆՉՊԵՍ:1 ՌԵՏԻՆԵ:1 ՔԱՐՇ:1 ՀԱՐԿԱՎՈՐ:1 ՁԳՎԵԼ:1 ՈՒԺԳԻՆ:1 ՍԱՍՏԻԿ:1 ԱՅՆՈՒՀԱՆԴԵՐՁ:1 ՄԱԳԼՑԵԼ:1 ԵՐԵՒԻ:3 ԱՆԿԱՐՈՂ:1 ԵՂԱՆ:1 ԵՆԹԱՐԿՎԵԼ:1 ՀԵՏԱՔՐՔՐՈՒԹՅՈՒՆ:1 ՇՈՇԱՓԵԼԻ:1 ԹԱՑ:3 ՈՂՋ:2 ՓՈՔՐ:3 ԲԱՐԵՀԱՋՈՂ:1 ՔԱՆ:1 ՄԻԱՆԳԱՄԱՅՆ:1 ՏԱՆԵԼԻ:1 ՀԱՃԵԼԻ:1 ՆՈՒՅՆ:1 ԽՈՒԼ:1 ՏԱԿ:6 ԱՂՈՏ:1 ՀԱՆԿԱՐԾ:2 ԲԱՐԻ:2 ԳԱԼՈՒՍՏ:1 ՔԱՂԱՔ:2 ՆԵՂ:1 ՑԵԽՈՏ:2 ԽԱՐԽՈՒԼ:1 ՏՆԵՐ:1 ՀԱԶԻՎ:2 ԿԵՂՏՈՏ:3 ԱԼԱՐԿՈՏ:1 ՈՐՈՆ:1 ԾԽԵԼ:3 ԿՊՉՈՒՆ:1 ԳԱՐՇԵԼԻ:1 ՀՈՏ:1 ՇՈՒՏՈՎ:2 ՈՒՇԱԴԻՐ:2 ՏԱԿՈՎ:1 ԱՐԻ:1 ՄՈՏ:3 ՎՏԱՆԳԱՎՈՐ:1 ԱՅՍԻՆՔՆ:2 ԽՈՐՀՈՒՐԴ:1 ԹՔՈՒՄ:1 ՄԱՆ:1 ԳՑՈՒՄ:1 ՊԱՐԶ:1 ԶԱՆԳ:1 ԷԺԱՆ:2 ԻՆՉԻ:3 ԱՅՆՈՒԱՄԵՆԱՅՆԻՎ:1 ԹԵԹԵՒԱԿԻ:1 ԽՈՆԱՎ:1 ԴԻՐ:1 ԵՐՋԱՆԿՈՒԹՅՈՒՆ:2 ԲԵՐԵԼ:2 ԹՈՒ:1 ՊԻՏԻ:1 ՀՈԳ:1 ՎԵՐԻ:1 ԿՏՐՈՒԿ:1 ԱՀԱ:5 ԾԽԱԽՈՏ:1 ՃԱՐՊ:1 ԻՐԸ:1 ՀԱՆԱԾ:1 ԿԱՐԿԱՆԴԱԿ:1 ՍՈՎԱԾ:1 ՄԱՍԱՄԲ:1 ԴԺՎԱՐ:1 ԱՊՐԵԼ:2 ՍՏԻՊՎԱԾ:1 ՍՊԻՏԱԿ:1 ՄԱՏՆԱՑՈՒՅՑ:1 ՀԱՄԱՊԱՏԱՍԽԱՆ:1 ԱՇԽԱՏԱՆՔ:3 ՓԱՌԱՀԵՂ:1 ՀԱՐՄԱՐ:2 ԽՈՂՈՎԱԿ:1 ՄԵՋԸ:1 ՑՈՒՅՑ:1 ՔԻՄԻԱԿԱՆ:1 ԲԺՇԿԱԿԱՆ:1 ՄԱՍ:1 ՀԱՏՈՒԿ:1 ԴԵՆ:1 ԷԼԻ:1 ՀԱՄԱՁԱՅՆ:1 ԱՆՀԱՆԳԻՍՏ:1 ՀԱՆԳԻՍՏ:2 ՊԱՐԶՈՐՈՇ:1 ՏՊՎԵԼ:1 ՎՐԱՆ:1 ԹԱՆԿԱՐԺԵՔ:1 ՖԻՐՄԱ:1 ԲԱՐԱԿ:1 ՈՆՑ:2 ՊՈՉ:1 ԿԵՐԵԼ:1 ԱՆՎՐԴՈՎ:1 ՀԱՄ:1 ՎՃԱՐՈՒՄ:1 ՍՈՒՄ:1 ԱՅՍՏԵՂ:5 ՊՐՈՎՈԿԱՑԻՈՆ:1 ՏՈՒՐ:1 ՋԻՆ:1 ՅՈՒՂՈՏ:1 ԱՍՏԻՃԱՆԱԲԱՐ:1 ՑՈՒՐՏ:1 ՇՏԱՊՈՒՄ:1 ՀՐՈՒՄ:1 ԿԱՆ:3 ՈՐԸ:2 ՎԱՅԵԼՈՒՄ:1 ՀԱՏՈՒԿԵՆՏ:1 ԼՐՏԵՍ:2 ՍՈՎՈՐԱԿԱՆ:1 ՈՒՂԱՐԿՈՒՄ:2 ՄՈՏԻ:1 ՄԵԾ:2 ՄԵՐԹ:2 ԸՆԴ:1 ԱՆՀԱՅՏ:1 ՓԱՅԼՈՒՆ:1 ՏՈՒՓ:1 ՀԱՏԻԿ:1 ՊԱԿԱՍՈՒՄ:1 ԱՅՍՊԻՍԻ:1 ԱՆՈՒՇԱԴԻՐ:1 ԻՆՔՆ:1 ԴԱՎԱԴՐՈՒԹՅՈՒՆ:1 ՊԱՏՐԱՍՏՈՒՄ:1 ՊԱՅԹԵՑՆԵԼ:1 ԱՇԽԱՏՈՒՄ:1 ԻՄԱՍՏ:1 ԾԻԾԱՂԵԼԻ:1 ԶԳՈՒՇԱՑՆԵԼ:1 ԻՐԵՆՔ:1 ԵՐԳՈՒՄ:1 ԵՐԳ:1 ՄԻԱՆԱԼ:1 ԿԱՆԱՅՔ:1 ՄԱՐՄԻՆ:1 ԴԻԱԿ:1 ՈՒՐԱԽ:2 ՍԵՓԱԿԱՆ:1 ԴԵՊ:1 ՀՄԱՅԻՉ:1 ԿԻՆ:1 ԱՆՀԱՆԳՍՏԱՑԱԾ:1 ՍԵՒ:1 ԾԱՂԿԱՎՈՐ:1 ՓՆՏՐԵԼ:2 ԻՆՉՈ:1 ԱՊՐՈՒՄ:1 ՔԱՇՈՒՄ:1 ՄՈՄԵՐ:1 ՆԱՅԵԼ:1 ՄԻԱԿ:1 ՀՆԱՐ:1 ԱՍԵՆՔ:1 ՑԱՎՈՏ:1 ՍՏՎԵՐ:1 ՔԵԶ:1 ՀԱՋՈՂՈՒԹՅՈՒՆ:1 ԿՈՃԱԿ:1 ՀՈՅԱԿԱՊ:1 ԼԱՎԱ:1 ԳՈՒՅՆ:1 ԱՌՋԵՒՈՒՄ:1 ԻՐԵՆ:2 ՁԵԶ:1 ԱՅՍՕՐ:1 ՎԱՐԺՎԵԼ:1 ՀՊԱՆՑԻԿ:1 ՑՈՒՑԱՆԱԿ:1 ԱՊԱՌԻԿ:1 ԴԻՄԱՆԿԱՐ:1 ՊԱՏՄԵԼ:1 ԴԵՊՔ:1 ՇՐՋՈՒՄ:1 ԴԻՏՈՒՄ:1 ՀԱՐՑՈՒՓՈՐՁ:1 ԱՆՈՒՄ:1 ՏԱՐԲԵՐ:1 ՀԱՄԱԿՐԵԼԻ:1 ԵՐԻՏԱՍԱՐԴ:1 ԱՆՏԱՆԵԼԻ:1 ՔԱՇԵԼ:1 ՈՐՔԱՆ:1 ՄՈՄ:1 ԿՈՂՄՆՈՐՈՇՎԵԼ:1 ՑԱՎԱԼԻ:1 ՀԱՐԱՏԵՒ:1 ԱՐԴԻ:1 ՀԱՅ:1 ՀԵՔԻԱԹ:1 ՀԱՆԴԻՊՈՒՄ:1 ԼԻԱՆ:1 ԿԱՐԾԻՔ:1 ՀԵՏԱՔՐՔԻՐ:1 ԳՈՐԾ:1 ԱՆԱՎԱՐՏ:1 ԴՈՒՐ:1 ԹՈՂՆԵԼ:1 ՄԵԿՆԱԲԱՆՈՒԹՅՈՒՆ:1 ԱՆՈՒՆ:1 ՓՈՍՏ:1 ԿԱՅՔ:2 ԳՐԱԿԱՆ:3 ՀԱՄԱՅՆՔ:2 ՀՐԱՏԱՐԱԿՉՈՒԹՅՈՒՆ:1 ՀԱՆԴԵՍ:1 ԳՐԱԽԱՆՈՒԹ:1 ԱՐԽԻՎ:1 ԹՎԱՅԻՆ:1 ԳՐԱԴԱՐԱՆ:1 ԽՄԲԱԳՐԱԿԱՆ:1 ԳՈՎԱԶԴ:1 ԸՆԴՈՒՆՈՒՄ:1 ԱՋԱԿՑԵԼ:2 ԳՈՐԾՈՒՄ:1 ՀԵՂԻՆԱԿԱՅԻՆ:2 ԲՈԼՈՐ:2 ՈՒՄ:1 ՊԱՐՏԱԴԻՐ:1 ՆՇԵԼ:1 ՏԱԼ:1 ԱԿՏԻՎ:1 ՀՂՈՒՄ:1 ՀԵՂԻՆԱԿ:1 ՏԵՔՍՏ:1
https://granish.org/interview/	ՀԱՐՑԱԶՐՈՒՅՑ:6 ԳՐԱՆԻՇ:7 ԺԱՄԱՆԱԿԱԿԻՑ:1 ԳՐԱԿԱՆՈՒԹՅՈՒՆ:5 ՎԵՐՋԵՐՍ:1 ՊԱՏՄՎԱԾՔ:1 ՊՈԵԶԻԱ:1 ԷՍՍԵ:1 ԳՐԱԽՈՍԱԿԱՆ:1 ՄՐՑԱՆԱԿ:2 ԴՈՒՔ:5 ԸՍՏ:3 ՁԵԶ:2 ԱՅԴ:13 ՊԱՏԱՍԽԱՆ:2 ՎԵՐԱԴԱՐՁՎԵԼ:2 ԻՆՁ:4 ՀՈՒՆՎԱՐ:1 ՐՈՊԵ:1 ԻՆՉՈ:3 ՄԵԶ:2 ՀԱՄԱՐ:17 ԿԱՆԳ:1 ՀՐԱՏԱՊ:2 ՕՐՈՔ:1 ԱՅՍՕՐ:2 ՀԵՏՈ:1 ԲՈԼՈՐ:5 ՄԵՐ:6 ԻՍԿԱՊԵՍ:1 ՀԱՅՈՑ:2 ՀԱՎԵՐԺԱԿԱՆ:2 ՄԵԿ:6 ԽՆԴՐՈՒՄ:1 ԱԶԳԻ:2 ՄԵՋ:14 ՄԻՆՉԵՒ:4 ՀԱՅ:7 ԱՅԼ:7 ՓՈԽԱՐԵՆ:1 ԱՄԵՆ:4 ՏԵՂ:1 ՊԱՏ:1 ՄՇՏԱՊԵՍ:3 ԴԵՄ:3 ՄԵԾ:4 ԱՅՍԻՆՔՆ:1 ՄԻԱԺԱՄԱՆԱԿ:1 ՆՐԱՆՔ:2 ԱՆՈՒՄ:3 ԱՅՆ:10 ԻՆՉ:7 ՌՈՒՍ:2 ԵՐԿՈՒ:1 ԽՈՇՈՐ:3 ՄԻՋԵՒ:2 ՄՇԱԿՈՒԹԱՅԻՆ:1 ՌՈՒՍԱԿԱՆ:1 ԸՆՏՐԵԼ:1 ԻՍԿ:10 ԱՌԱՋ:1 ԱՅՍ:6 ՄԻԱՍԻՆ:1 ՄԻՄՅԱՆՑ:3 ԱԶԳԱՅԻՆ:2 ՄԵՆՔ:5 ԸՆԴՀԱՆՐԱՊԵՍ:1 ՊԱՏՄՈՒԹՅՈՒՆ:4 ԻԲՐԵՒ:1 ՏԱՐԵԳՐՈՒԹՅՈՒՆ:1 ԳՈՒՑԵ:2 ԱՅՆՊԵՍ:2 ՀԱՄԱՇԽԱՐՀԱՅԻՆ:1 ՊԱՏՄԱԳԻՏԱԿԱՆ:1 ՁԵՌՔՈՎ:1 ԳՐԵԼ:4 ԻՀԱՐԿԵ:2 ՕՏԱՐ:1 ԿԱՅՍԵՐԱԿԱՆ:1 ՀՍՏԱԿ:1 ՄԻՇՏ:3 ԿԾԻԿ:1 ԻՐԵՆՔ:2 ԴԺՎԱՐ:1 ՈՐՏԵՂ:4 ԴԱՐԱՆ:1 ՊԱՀԵԼ:1 ԹԱԳԱՎՈՐ:1 ԾԱՆՐ:1 ԳՈՐԾԻ:1 ՓՈՐՁ:1 ՈՐՊԵՍ:2 ԱԴԱՄԱՆԴ:1 ԿՈՒՅՐ:4 ՀԱԶԱՐ:1 ՏԱՐԻ:1 ՊԵՍ:3 ՓԱԽՉՈՂ:1 ԹՈՒԽ:2 ԻՐԵՆ:4 ԿՈՉՈՒՄ:2 ՑԵՂ:2 ԱՐԱՐԱՏ:1 ՊՈՂՊԱՏԵ:1 ԿԵՆԻ:1 ԿԱՐԾՐՈՒԹՅՈՒՆ:1 ԵՌԱՆԴՈՒՆ:1 ԱՌՀԱՍԱՐԱԿ:1 ՈՒՐԵՄՆ:3 ՄԱՐԴ:7 ԱՆՀԱՆԳԻՍՏ:2 ԲԱՑ:2 ԱՐԱԾՈՒՄ:2 ԱՌԱՆՑ:2 ԵՐԵԿ:2 ՄՈՐԹԵԼ:2 ԿՅԱՆՔ:1 ԾՈՎ:1 ԵԹԵ:4 ՔԱՆԻ:2 ՄՈՏ:1 ԲԱՐԱԿ:1 ՏՂԱ:1 ՇՈՅՈՒՄ:1 ՈՐՈՎՀԵՏԵՒ:3 ԱՆՆԿԱՏ:1 ՄԵՌՆՈՒՄ:2 ԱՆՋՆՋԵԼԻ:1 ՆՐԱ:5 ԱՆԽՈՒՍԱՓԵԼԻ:1 ՏՈՀՄԱԿԱՆ:1 ԿԱՂ:1 ԿՈՒԶ:1 ԳԵՂԵՑԻԿ:1 ՃԱՂԱՏ:1 ԾԻԾԱՂԵԼԻ:1 ՄՌԱՅԼ:1 ՍՈՒՏ:2 ԱՆԿՈՏՐՈՒՄ:1 ՀԱՆԴԻՍԱՎՈՐ:1 ԴԺԳՈՀ:2 ԱՆՎԵՐՋ:1 ՈՒՐԱԽ:3 ՉԱՓ:1 ՀԻՄԱ:4 ԱՄԲՈՂՋ:2 ԱՐԵՒ:1 ՓՌՈՒՄ:2 ԲՈՒՅՐ:1 ԾԻՐԱՆԻ:1 ԾԱՌ:1 ՏՆԿՈՒՄ:1 ԼՈՒՍԻՆ:1 ՕԾՈՒՄ:1 ՏԱԿ:1 ՇՊՐՏՈՒՄ:1 ԵՐԿԻՆՔ:1 ԿԱՐՈՏ:1 ՓԱՌԱԲԱՆՈՒՄ:2 ՀԱՑԻ:2 ՏՂԱՄԱՐԴ:1 ՇԻՆՈՒՄ:1 ՀԱՅՐ:1 ԱՐԵՒԱՅԻՆ:1 ԲԱՐԻ:1 ԱՀԱ:2 ԱՂՈՒՏ:1 ԴԱՇՏ:2 ՄԱՐԴԻԿ:1 ԿԵՐՊ:1 ԱՉՔՈՎ:1 ՍԽԱԼՄԱՄԲ:1 ԲԱՆՏ:1 ՆՍՏԵԼ:1 ՍՊԱՍՈՒՄ:1 ՆԵՐՈՂՈՒԹՅՈՒՆ:1 ԱՏՐՃԱՆԱԿ:1 ԲՌՆԵԼ:1 ԳՆՈՒՄ:1 ՎԵՐ:1 ՁԱՅՆՈՎ:1 ԳՈՌՈՒՄ:1 ԻՆՔԸ:2 ՀԱՄԱՁԱՅՆ:1 ԲՈԼՈՐՈՎԻՆ:1 ՏԵՍԱԿԵՏ:1 ԿԱՊՈՒՄ:1 ՆԿԱՏՈՒՄ:1 ՆՈՒՅՆ:3 ՔԵԶ:4 ԻՐԵՆՑ:4 ՄԱՐԴԿԱՅԻՆ:1 ՈՉԻՆՉ:2 ՄՏԱԾՈՒՄ:2 ՊԱՐՏՎԵԼ:3 ԴՈՒ:2 ԱՅՆՔԱՆ:4 ԹՈՒՂԹ:1 ԳՐՎԵԼ:1 ԲԱՅՑ:7 ԱՅՆՈՒՀԱՆԴԵՐՁ:1 ՆՈՐ:4 ԳՏՆՈՒՄ:1 ՔԻՉ:2 ԳՈՆԵ:1 ԿԱՐԵԼԻ:1 ՄԻԱՅՆ:4 ՍԿԻԶԲ:1 ՀԱՄԱՐԵԼ:2 ԻՍԿԱԿԱՆ:2 ՉԵՄ:2 ԸՆԹԵՐՑՈՂ:3 ԿԱՄ:8 ԵՂԵԼ:2 ՄԱՔՈՒՐ:1 ԵՐԲ:7 ՊԱՏՎԵՐ:1 ԿԱՏԱՐՈՒՄ:1 ԻԴԵԱԼ:1 ԶԻՆԱՆՇԱՆ:1 ՓՈՐՁԵԼ:1 ՀԱՆՃԱՐԵՂ:1 ԿԱՐՈՂ:4 ԻՐԱԿԱՆ:1 ԴԵՊԻ:1 ՓԱՌԱՀԵՂ:1 ԼԵՆԻՆՅԱՆ:1 ՎԵՐՋԱՊԵՍ:1 ՌՈՄԱՆՍ:1 ՆՈՂԿԱԼԻ:1 ՀՐԱՇՔ:2 ՈՒԺ:1 ԿՏՐՈՒԿ:1 ԱՆՀՐԱԺԵՇՏՈՒԹՅՈՒՆ:1 ԺԱՄԱՆԱԿԻՆ:2 ՆԿԱՏԻ:1 ՈՐԻ:3 ԱՀԱՎՈՐ:1 ՄՇԱԿՈՒՅԹ:1 ՇԱՏ:2 ԱՌՕՐՅԱ:1 ԱՆԸՆԴՀԱՏ:2 ԱՅԴՔԱՆ:1 ՍՈՒՐ:1 ՄԱԿԱՐԴԱԿ:1 ԱՊԱՀՈՎՈՒՄ:1 ՀՆԱՐԱՎՈՐ:1 ԲԱՐՁՐԱՆԱԼ:1 ՀԱՐՈՒԹՅՈՒՆ:1 ԱՅԴՊԵՍ:2 ԺԱՄԱՆԱԿ:1 ՏԳԵՏ:1 ԿԻՍԱՏ:1 ՀԱՆՐԱՊԵՏՈՒԹՅՈՒՆ:1 ԳԱՎԱՌ:1 ՁԳՏՈՒՄ:3 ՁԵՐ:4 ՄԻԱԿ:1 ՋԵՐՄ:1 ՎԱՂՎԱ:1 ԱՌՋԵՒ:4 ՎՍՏԱՀ:1 ՏԵՍՆԵԼ:2 ԵՐԿՐՈՐԴ:1 ԵՐՐՈՐԴ:1 ԱՆԿՈՂՄՆԱԿԱԼ:1 ՄԵԿԸ:1 ՀԱՄԱՏԵՂ:1 ՎԻՊԱԿ:1 ՀՈՒՇ:1 ՏԵՔՍՏ:2 ԶԱՐՀՈՒՐԵԼԻ:1 ԱՐԴԵՆ:1 ՀԱՐԿ:1 ԽՈՍԵԼ:3 ՊԻՏԻ:4 ԸՆԴԳՐԿԵԼ:1 ԲԵՐԵԼ:1 ԸՆԴՀԱՆՐԱՑՆԵԼ:1 ԳՆԱՀԱՏԵԼ:2 ՕՐԸ:1 ԻՆՉԻ:1 ՄԱՍԻՆ:4 ՈՐԵՒԷ:1 ՍԽԱԼ:1 ՃՇՄԱՐՏՈՒԹՅՈՒՆ:1 ԱԿԱՆ:2 ԳՐՈՒՄ:1 ԵՐԿԻՐ:1 ՓՈԽՎԵԼ:2 ԻՆՔՆԱՍՊԱՆ:1 ՓԱՍՏՈՐԵՆ:1 ՎԵՑ:1 ԱՄԻՍ:1 ՄԱՐԶՊԵՏ:2 ԼՈՌԻ:1 ԳԵՐԻ:1 ՀԵՏ:6 ԱՆՑԵԼ:1 ՓՐԿԵԼ:1 ՓՐԿՎԵԼ:1 ՍՊԱՆԵԼ:1 ԶԻՆՎՈՐ:1 ԿՌԻՎ:1 ԽԵՂՃ:1 ՍՊԱՆՈՒՄ:2 ՓԱԿՈՒՂԻ:1 ՀԱՄԱՐՅԱ:1 ԴՈՒՐՍ:2 ՀԱՅՏՆԻ:1 ԱՌԱՆՑՔԱՅԻՆ:1 ՀԱՃԱԽ:1 ԱՆՑԱՎ:1 ԶԲԱՂՎԵԼ:1 ԱՆՀՆԱՐ:2 ԱՅԼԵՒՍ:1 ԼԱՎ:1 ՀԻԵՐՈԳԼԻՖՆԵՐ:1 ԺՈՂՈՎՈՒՐԴ:1 ԻՆՉՊԵՍ:1 ԱՆԳԱՄ:1 ՉԵՆՔ:1 ՆԱԵՒ:1 ՍՏՈՐԳԵՏՆՅԱ:1 ՊԱՐՈՒՅՐ:1 ՍԵՒԱԿ:1 ԵՐՋԱՆԻԿ:2 ԳՐԱՍ:1 ԿԱՐԾԻՔ:1 ԿԱՐԵՆ:1 ԻՐՈՔ:1 ՊԵՏՔ:1 ՍՊԱՍԵԼ:1 ՏԽՈՒՐ:1 ԻՆՉՔԱՆ:1 ՀՆՉԵԼ:1 ԱՅԼԱՊԵՍ:1 ԿԼԱՆՈՒՄ:1 ՈՂՋ:1 ՀԱՍԿԱՆԱԼԻ:1 ԻՆՉՈՒ:2 ԲԱՑԻ:1 ԱՍԵՆՔ:1 ՄՂՈՒՄ:1 ՉՈՒՆԻ:1 ՏԱՐԲԵՐՈՒԹՅՈՒՆ:1 ՈՐՈՆՔ:3 ԴԱԴԱՐ:1 ԻՐԱՐ:1 ՆՄԱՆ:1 ՏԱՐԲԵՐ:1 ՎՐԱ:1 ՏԱՐԱԾՔ:1 ՎԵՐԾԱՆԵԼ:1 ՈՒՂՂԱԿԻ:2 ՎԱՅԵԼՈՒՄ:1 ԹՈՒՅԼ:1 ՀԵՌՈՒ:2 ԹՌԻՉՔ:1 ՏՈՒՆ:1 ԵՐԵՒՈՒՄ:1 ՆԵՐՍ:1 ԹՈՂԵԼ:1 ՄԵՆԱԿ:3 ԳՏՆԵԼ:1 ԹԱՓԱՆՑՈՂ:1 ՊԱՀԻ:1 ԸՆԿԱԾ:1 ՓՆՏՐՈՒՄ:1 ԷԻՐ:1 ՎԱՐԵԼ:1 ԱՌԱՋԻ:1 ՇՆՈՐՀԱԿԱԼ:2 ՎԵՐՋԻՆ:1 ՆԵՐՔԻՆ:1 ՇՆՉԱՀԵՂՁ:1 ԹՈՂՆԵԼ:1 ՄԵԿՆԱԲԱՆՈՒԹՅՈՒՆ:1 ԱՆՈՒՆ:1 ՓՈՍՏ:1 ԿԱՅՔ:2 ԳՐԱԿԱՆ:3 ՀԱՄԱՅՆՔ:2 ՀՐԱՏԱՐԱԿՉՈՒԹՅՈՒՆ:1 ՀԱՆԴԵՍ:1 ԳՐԱԽԱՆՈՒԹ:1 ԱՐԽԻՎ:1 ԹՎԱՅԻՆ:1 ԳՐԱԴԱՐԱՆ:1 ԿԱՊ:2 ԽՄԲԱԳՐԱԿԱՆ:1 ԳՈՎԱԶԴ:1 ԸՆԴՈՒՆՈՒՄ:1 ԱՋԱԿՑԵԼ:2 ԳՈՐԾՈՒՄ:1 ՀԵՂԻՆԱԿԱՅԻՆ:2 ՈՒՄ:1 ՊԱՐՏԱԴԻՐ:1 ՆՇԵԼ:1 ՏԱԼ:1 ԱԿՏԻՎ:1 ՀՂՈՒՄ:1 ՓՆՏՐԵԼ:1 ՀԵՂԻՆԱԿ:1
https://granish.org/writer-reader-critic/	ԳՐՈՂ:3 ԸՆԹԵՐՑՈՂ:2 ՔՆՆԱԴԱՏ:4 ԳՐԱՆԻՇ:6 ԺԱՄԱՆԱԿԱԿԻՑ:1 ԳՐԱԿԱՆՈՒԹՅՈՒՆ:1 ՎԵՐՋԵՐՍ:1 ՊԱՏՄՎԱԾՔ:1 ՊՈԵԶԻԱ:1 ԷՍՍԵ:5 ԳՐԱԽՈՍԱԿԱՆ:1 ՄՐՑԱՆԱԿ:2 ԱՎԵԼԻ:6 ՏԵՒԱԿԱՆ:4 ՔԱՆ:4 ՆՈՒՅՆԻՍԿ:2 ՄԻՏՔ:2 ԽՈՐՀՈՒՐԴ:2 ԲԱՅՑ:3 ՔԱՆԻ:3 ՄԻԱՅՆ:6 ՄԻՇՏ:3 ՀԱՆԳՈՒՄ:2 ՈՒՍՏԻ:4 ԲԱՆ:4 ՀՈՒՆՎԱՐ:1 ՐՈՊԵ:1 ԱՌՆ:1 ԿԱՄԱ:1 ԱԿԱՄԱ:1 ԿԱՄ:4 ԻՆՔՆԻՆ:1 ՀԱԶԱՐ:1 ՓՈՐՁՈՒՄ:5 ՔԵԶ:1 ՈՒՐ:1 ԽՈՍՔԻ:2 ՃՇՄԱՐԻՏ:5 ՀԵՆՑ:4 ԻՆՔՆ:3 ԱՄԵՆ:3 ՀԱՆՃԱՐԵՂ:1 ԽՈՍՔ:1 ԻՆՉ:2 ՀԻՄԱՐՈՒԹՅՈՒՆ:1 ՅՈՒՐԱՔԱՆՉՅՈՒՐ:1 ՎԱՅՐԿՅԱՆ:1 ՄԵՋ:3 ԱՅՍՕՐ:7 ԲԱՑԱԿԱ:2 ԵՐԵԿ:1 ԻՐԵՆ:3 ՄԱՍՆԻԿ:1 ԳԻՏԱԿՑՈՒՄ:1 ՀԱՆԴԱՐՏ:1 ԱՆԱԿՆԿԱԼ:1 ՀԱՄԱՐ:4 ՏԵՂԱՎՈՐՈՒՄ:1 ԿՈՐՈՒՍՅԱԼ:1 ՀԱՎԵՏ:2 ՔԱՆԶԻ:1 ՀԱՍՈՒ:2 ՍԱԿԱՅՆ:2 ՆԵՐՇՆՉԵԼ:1 ՃԻՇՏ:2 ԱՌՆՎԱԶՆ:1 ՄԵԴԻՏԱՑԻԱ:1 ԵԹԵ:3 ԿԱՐՈՂՈՒԹՅՈՒՆ:1 ԻՍԿ:4 ԱՅԴՊԻՍԻ:1 ՍԱԿԱՎ:2 ԻՆՉՊԵՍ:2 ԱՅՆ:3 ԸՆԹԵՐՑՈՒՄ:1 ԲՈՒԹ:1 ՍՈՎՈՐԱԿԱՆ:1 ԿԵՆՑԱՂԱՅԻՆ:1 ԿՈՒՌՔ:1 ԲՆԱՎ:2 ԸՆԴԱՄԵՆԸ:2 ՏԱՍԸ:1 ՇՆՈՐՀԱԼԻ:1 ԳԵՐԱԴԱՍՈՒՄ:1 ԲՈԼՈՐ:4 ՏԵՂԵԿԱՏՎԱԿԱՆ:1 ԶԱՐԳԱՑՈՒՄ:1 ԻԲՐԵՒ:1 ՊԱՏՃԱՌ:1 ՎԿԱՅԱԿՈՉՈՒՄ:1 ԱԶԱՏԵԼ:1 ԼՈՒՐՋ:1 ՆՐԱՆՔ:2 ԻՆՉԻ:1 ԳՐԵԼ:1 ՄԻՋՈՑ:1 ԸՆԿԱԼՈՒՄ:1 ՈՉԻՆՉ:1 ՈՐՈՇ:1 ԵՐԲ:1 ՀԵՏ:2 ՃԱԿԱՏ:1 ԾԻԾԱՂԵԼԻ:1 ԴԵՄ:1 ԱՊԱՐԴՅՈՒՆ:1 ԻՐԵՆՑ:2 ՍՊԱՌՎԱԾ:1 ԱՆՑԱՆ:1 ԼՍԱՐԱՆ:1 ՀԱՃԱԽ:2 ԱՐՎԵՍՏ:1 ԿԱՏԱՐԵԼԱԳՈՐԾԵԼ:1 ԱՅԼԵՒՍ:2 ՈՐԸ:3 ԵՂԵԼ:1 ՀԱՍԱՐԱԿԱԿԱՆ:2 ՆՈՐ:2 ԿԱՐԳԱՎԻՃԱԿ:1 ՁԵՌՔ:1 ԲԵՐՈՒՄ:1 ԱՅՆՊԵՍ:1 ՀԱՄԱՇԽԱՐՀԱՅԻՆ:1 ԱՌԿԱ:1 ԴԱՐԱԿԱԶՄԻԿ:1 ՇԱՏ:1 ՄԵԶ:3 ՀԱՅՏՆԻ:1 ԲԱՆԱՎՈՐ:1 ԵՐԿՈՒՍՏԵՔ:1 ՓԱՍՏՈՒՄ:1 ԵՐԲԵՄՆ:2 ՀԱՍՆՈՂ:1 ԱՅՍ:1 ԲԱՑԱՌԵԼ:1 ԴՈՒՐՍ:1 ՍԵՓԱԿԱՆ:1 ԿԱՐՈՂ:1 ՆՈՒՅՆՔԱՆ:1 ՍՈՒԲՅԵԿՏԻՎ:1 ԼԻՆԵԼ:1 ՈՐՔԱՆ:2 ԱՅԴ:2 ՄԵԾ:1 ՆՇԱՆԱԿՈՒՄ:1 ՎԵՐՔԵՐ:2 ԿԱՆ:1 ՑԱՎՈՔ:1 ՎԱՆԵԼ:1 ՕՏԱՐԵԼ:1 ԳՐԵԹԵ:1 ՄԻԱԿ:1 ՇԱՀ:1 ԱՊԱ:1 ԸՆԴՀԱՆՈՒՐ:1 ՀԱՄԱՐՈՒՄ:1 ԱԾԱՆՑՅԱԼ:2 ԳԻՏՈՒԹՅՈՒՆ:1 ՀԱՎԱՍՏԵԼ:1 ՀԵՏՈ:1 ԲՈՒՆ:1 ՍՏԵՂԾԱԳՈՐԾԱԿԱՆ:1 ԳԼԽԱՎՈՐԱՊԵՍ:1 ՆԱԵՒ:1 ՄՈՌԱՆԱԼ:1 ՀՈՄՈ:1 ԻՆՉՈՒ:1 ԿԱՐՈՏՈՒՄ:1 ՍՊԻՏԱԿ:1 ԿԱՐԾԻՔ:1 ՀԱՃԵԼԻ:3 ՄՏԱԾԵԼ:1 ԲԱՌ:1 ՔՆԱԾ:1 ԳԵՂԵՑԿՈՒՀԻ:1 ՍՊԱՍՈՒՄ:1 ՍԻՐԱՆՈՒՅՇ:1 ԴԺՎԱՐ:2 ԸՆԹԵՐՑԱՆՈՒԹՅՈՒՆ:1 ԹՈՂՆԵԼ:1 ՄԵԿՆԱԲԱՆՈՒԹՅՈՒՆ:1 ԱՆՈՒՆ:1 ՓՈՍՏ:1 ԿԱՅՔ:2 ՄԵՐ:1 ԳՐԱԿԱՆ:3 ՀԱՄԱՅՆՔ:2 ՀՐԱՏԱՐԱԿՉՈՒԹՅՈՒՆ:1 ՀԱՆԴԵՍ:1 ԳՐԱԽԱՆՈՒԹ:1 ԱՐԽԻՎ:1 ԹՎԱՅԻՆ:1 ԳՐԱԴԱՐԱՆ:1 ԿԱՊ:2 ԽՄԲԱԳՐԱԿԱՆ:1 ԳՈՎԱԶԴ:1 ԸՆԴՈՒՆՈՒՄ:1 ԱՋԱԿՑԵԼ:2 ԳՈՐԾՈՒՄ:1 ՀԵՂԻՆԱԿԱՅԻՆ:2 ՈՐՈՆՔ:1 ՈՒՄ:1 ՊԱՐՏԱԴԻՐ:1 ՆՇԵԼ:1 ՏԱԼ:1 ԱԿՏԻՎ:1 ՀՂՈՒՄ:1 ՓՆՏՐԵԼ:1 ՀԵՂԻՆԱԿ:1 ՏԵՔՍՏ:1
https://granish.org/ash/	ՀՈՎԻԿ:5 ԻՆՉՈ:2 ԳՐԱՆԻՇ:6 ԺԱՄԱՆԱԿԱԿԻՑ:1 ԳՐԱԿԱՆՈՒԹՅՈՒՆ:1 ՎԵՐՋԵՐՍ:1 ՊԱՏՄՎԱԾՔ:1 ՊՈԵԶԻԱ:1 ԷՍՍԵ:1 ԳՐԱԽՈՍԱԿԱՆ:1 ՄՐՑԱՆԱԿ:2 ԱԿՆԱՐԿ:4 ԻՍԿ:9 ԱՅՍ:11 ՊԱՅՄԱՆԱՎՈՐՎԱԾ:3 ՈՐԻ:3 ԱՆՏԵՂՅԱԿ:3 ԿԱՐՈՂ:8 ՄԻԱՅՆ:5 ՄՈԼՈՐԵՑՆԵԼ:2 ԱՅԼԵՒ:3 ՀԱՆԵԼ:2 ՀՈՒՆՎԱՐ:1 ՐՈՊԵ:1 ՔԵԶ:2 ԲԱՆ:4 ՍՐԲԱՊՂԾՈՒԹՅՈՒՆ:1 ԿԱՐԵԼԻ:4 ՆՄԱՆ:4 ԱՆԵԼ:1 ՈՄԱՆՔ:2 ԱՅԴ:17 ԱՐԴԵՆ:2 ԹՈՌՆ:1 ՈՒՄ:3 ԱՆՁԱՄԲ:1 ՉԵՄ:2 ՃԱՆԱՉՈՒՄ:1 ԺԱՌԱՆԳԱԲԱՐ:1 ՆՐԱՆ:3 ԲԱՑԻ:1 ՈՒՐԻՇ:3 ՄԵԾ:4 ՀԵՏ:3 ՏՈՒՆ:2 ՏՆՕՐԵՆ:1 ՄԻՆՉ:2 ՀԱՄԱՐԵԼ:1 ԳՈՐԾԻ:1 ԳԻՏԱԿ:1 ՍԵՓԱԿԱՆ:1 ԽՈՍՔԻ:2 ՄԱՐ:1 ԲԱՅՑ:11 ԱՎԱՂ:1 ԽԻՍՏ:1 ԱՆԿԱՅՈՒՆ:1 ԱՅՆ:6 ԱՅԺՄ:1 ՄԱՐԴԻԿ:6 ՀԱՅՏՆՎԵԼ:1 ՄԵՋ:4 ԽՈՒՄԲ:1 ՕՐԸ:2 ՆՐԱ:3 ԹԱՂՄԱՆ:5 ՀԱՄԱՐ:4 ԱՅԴՕՐԻՆԱԿ:1 ԱՆՈՒՆ:3 ՉՈՒՆԻ:2 ՔԱՆ:1 ԷԺԱՆ:1 ՍԵՆՍԱՑԻԱ:2 ԱՅՆԻՆՉ:1 ԷԺԱՆԱԳԻՆ:1 ԻՐԱԿԱՆ:1 ՊԻՏԻ:6 ԳՏՆՎԵԼ:1 ԵՐԵԿ:2 ԱՌԱՋԻՆ:2 ԱՅԼ:5 ՏԱՐԻ:2 ԱՌԱՋ:4 ՄԱՍԻՆ:10 ՀՐԱՇԱԼԻ:1 ՊԱՏՄՈՒԹՅՈՒՆ:1 ՍՏԻՊՎԱԾ:1 ՊԱՏԱՍԽԱՆ:1 ԳՏՆԵԼ:1 ԱՅՆՊԻՍԻ:2 ՊԱՐԶԱԳՈՒՅՆ:1 ՏԱՐԵԿԱՆ:1 ԻՀԱՐԿԵ:1 ՍԱԿԱՅՆ:2 ԼԻՆԵԼ:4 ԿՈՒՐՈՒԹՅՈՒՆ:1 ԽԼՈՒԹՅՈՒՆ:1 ՔԱՆԻ:10 ԵՐԿՈՒ:2 ԲԱԶՈՒՄ:1 ԱՆԳԱՄ:1 ԳՐՎԵԼ:1 ԱՍՎԵԼ:1 ՈՒՐԵՄՆ:1 ԿԱՐԻՔ:1 ԱՅՍՕՐ:5 ԱՆՄԵՂ:1 ԻԲՐ:1 ՄԵՆՔ:3 ՀԵՆՑ:5 ՆՈՐ:3 ՇԱՏ:2 ԲԱՌԱՑԻՈՐԵՆ:1 ՀԱՆՐԱՅԻՆ:1 ԸՆԴԱՐՁԱԿ:1 ՀԱՂՈՐԴՈՒՄ:1 ԵԹԵՐ:1 ՆՎԻՐՎԱԾ:1 ՀԱՏԿԱՊԵՍ:1 ՎՍՏԱՀ:1 ԴԻՏԵԼ:1 ՁԱՅՆ:1 ԴԵՄ:3 ԳՆԱԼ:1 ՀԻՄԱ:3 ՀԱՐՄԱՐ:1 ՎՆԱՍ:1 ՏԱՐԲԵՐ:1 ՎԵՐՋԻՆ:2 ՃՇՄԱՐԻՏ:1 ԴՈՒՐՍ:3 ԳՐՈՒՄ:2 ԳԱՂՏՆԻ:1 ՀԵՌՈՒ:1 ՏԱՆՈՂ:1 ՁԱԽ:1 ՆԵՐՔԻՆ:1 ԴԵՌ:3 ԱՊՐՈՒՄ:1 ԱԿԱՆԱՏԵՍ:1 ՈՂԲԵՐԳԱԿԱՆ:1 ԵՐԵՒԱՆ:1 ԲԱԶՄԱԹԻՎ:2 ՈՐՊԵՍԶԻ:2 ՄԵՐ:4 ԵՐԲ:4 ԼՈՒՐ:1 ԱՅՈ:2 ԴՈՒՔ:2 ՉԵՔ:1 ՆՈՒՅՆ:2 ԿԵՂԾԻՔ:1 ՏԵՂ:2 ԱՌԱՋՆԵԿ:1 ՀԱՐԻՐ:1 ՎԵՐՆԱԳԻՐ:1 ՏԵՂԸ:1 ԱՀԱ:4 ԱՅՍՊԵՍ:1 ՀԱՅՏԱՐԱՐՈՒՄ:1 ՀԱՋՈՂՎԵԼ:1 ՃՇԳՐԻՏ:1 ՈՐՈՇԵԼ:1 ՓՈՐԵԼ:1 ՑՈՒՅՑ:1 ԵՐԿԱՐ:1 ՇԱՐՈՒՆԱԿՎԵԼ:1 ԵԹԵ:5 ՊԱՏՃԱՌՈՎ:2 ԻՆՔԸ:2 ԱԿԱՄԱ:1 ԲԱՑՈՒՄ:1 ԳԵՐԵԶՄԱՆ:6 ՈՐՏԵՂ:2 ՇԱՆ:1 ՀԱՍՆՈՂ:1 ՎԵՐՋ:1 ԿԱՐԵՒՈՐ:1 ՄԵԿ:2 ՆՐԱՆՔ:1 ՈՐԵՒԷ:5 ՄԵԿՆ:1 ԱՊԱ:2 ԹԵԹԵՒ:1 ՁԵՌՔՈՎ:2 ՈՐԱԿԵԼ:1 ԱՐԿԱԾԱԽՆԴԻՐ:1 ՍՐԲՈՒԹՅՈՒՆ:1 ՊԱՐՈՆ:2 ՊԱՇՏՈՆԱԿԱՆ:1 ՀԵՏԱՔՐՔԻՐ:2 ՀԱՅՏԱՐԱՐՈՒԹՅՈՒՆ:1 ԱՆՈՒՄ:2 ԱՅԴՊԻՍԻ:2 ՎԵՐԸ:1 ՄՅՈՒՍ:1 ԱՆՆՇԱՆ:1 ՇԵՂՈՒՄ:1 ՎՐԻՊԵԼ:1 ՀԱՆԴԵՍ:2 ԱՆՈՒՆԻՑ:1 ՆԱԵՒ:5 ԴՈՒՍՏՐ:1 ՀԱՍՄԻԿ:1 ԱՅՆՔԱՆ:2 ՀԱՄԱՄԻՏ:1 ՀՐԱՊԱՐԱԿ:1 ՄԱՍՆԱՎՈՐԱՊԵՍ:1 ԹԵՍՏ:1 ՓԱՌՔ:1 ՎՐԱՆ:1 ԽԱՉ:1 ԻՆՁ:4 ՄԵԿԻՆ:2 ԻՐԵՆՑ:1 ՓՈՐՁՈՒՄ:1 ՔՈՂԱՐԿԵԼ:1 ԱՅԴՊԵՍ:1 ԱՎԵԼԻ:3 ՀԵՇՏ:1 ԱՍԵՆՔ:1 ԳԵՆԵՏԻԿ:1 ՀԱԶԻՎ:1 ՀՍՏԱԿ:1 ՊԱՏԿԵՐԱՑՈՒՄ:1 ԱՅԼԱՊԵՍ:1 ԴԱՐԱԿԱԶՄԻԿ:1 ՄԻՏՔ:1 ԿԱՐՃ:1 ՄԵՋԲԵՐՈՒՄ:1 ՆՈՒՅՆՊԵՍ:2 ԾԱՆՐԱԿՇԻՌ:1 ԿԱՆ:2 ԱՆՀԱՐԿԻ:1 ԱՂՄՈՒԿ:1 ՄԱՍՆԱՎՈՐ:2 ՍԵՓԱԿԱՆՈՒԹՅՈՒՆ:1 ՄՇԱԿՈՒԹԱՅԻՆ:1 ԼՈՒՐՋ:1 ԼՈՒԾԵԼ:1 ՏՆԱՅՆԱԳՈՐԾԱԿԱՆ:1 ՄԵԿՏԵՂ:1 ՄՈՒԹ:1 ԸՆԴԱՄԵՆԸ:1 ԼՍԵԼ:1 ՀԱՐՑ:1 ՈՐՈՆՔ:3 ՀԱՆՁՆՎԵԼ:1 ՈՐՔԱՆ:1 ՄԵԶ:2 ՃՇՏԵԼ:1 ՁԵԶ:1 ԱՍՏԻՃԱՆ:1 ԼԵԶՈՒ:1 ԿԱՄ:7 ՎԵՊ:1 ՉՈՐՍ:1 ԿԱՐԾԻՔ:1 ԱՆՀԱՍԿԱՆԱԼԻ:1 ԻՆՉՈՒ:3 ԿԱՍԻ:1 ՄԵԿԸ:1 ԹԱՂՈՒՄ:1 ԱՆՊԱՅՄԱՆ:1 ՏԱՍՆԱՄՅԱԿ:1 ԱՆՑ:1 ԱՅԴՔԱՆ:1 ԴԻԱԿ:1 ՍԻՐՈՒՄ:1 ՓՈՐՈՒՄ:1 ՈՍԿՈՐ:1 ՀԱՆՈՒՄ:1 ՀԵՏՈ:2 ՍԿՍՈՒՄ:1 ԿԱՍԿԱԾԵԼ:1 ԿՈՐԵԼ:1 ՈՐՈՎՀԵՏԵՒ:1 ԿԵՐԵԼ:1 ՀԱՄՈԶՎԱԾ:1 ԱՆԳԻՐ:1 ՀԱՏՎԱԾ:1 ԱՐԻՆ:1 ՀԱՅ:2 ՏԱՍՆՅԱԿ:1 ԿԵՐ:1 ԱՌԱՆՁԻՆ:2 ՀԱՄԱՐՅԱ:1 ՈՐՊԵՍ:1 ԱՎԵԼ:1 ԾԱՅՐԱԳՈՒՅՆ:1 ԲԱՌ:1 ՉԵՆՔ:3 ՊԱՇՏՊԱՆՈՒԹՅՈՒՆ:1 ԿԱՆԳՆՈՒՄ:1 ՊԱՏԱՌ:1 ՀԱՑ:1 ԲԱԺԱԿ:1 ՋՈՒՐ:1 ՎԱՂՎԱ:3 ՀԱՅԵՐ:2 ՄՈՏԱՎՈՐԱՊԵՍ:1 ԿՌԱՀԵԼ:1 ԻԲՐԵՒ:1 ՀԱՎԱԿՆՈՒՄ:1 ԱՄԵՆ:3 ՀԱՆԳԻՍՏ:3 ՎԱՂԸ:1 ԿԵՆԴԱՆԻ:1 ԴԺՎԱՐ:1 ԱՅՆՈՒԱՄԵՆԱՅՆԻՎ:1 ԼԱՎ:4 ԳԻՏԻ:1 ՊԵՏՔ:1 ԳՐԱԿԱՆ:4 ԱՊԱԳԱ:1 ՀԱՐԳԵԼԻ:1 ԻՄԱՆԱԼ:1 ՁԵՐ:1 ԻՆՔՍ:1 ՀԱՆԴԻՊԵԼ:1 ԱՍԵԼ:2 ԹԱՂՎԵԼ:1 ԲԱՐԻ:1 ԽՈՍՔ:1 ԻՆՉ:3 ԳՈՒՑԵ:1 ՈՒՆԵՆԱԼ:1 ԵՐԲԵՒԷ:1 ԱՐԺԱՆԻ:1 ՈՒՐ:1 ԸՍՏ:1 ՈՒՇ:1 ԲՈԼՈՐՈՎԻՆ:1 ՉԱՓԱԶԱՆՑ:1 ՀԵՏԱՔՐՔՐԱԿԱՆ:1 ԵՐԲԵՄՆ:1 ՄԻՇՏ:1 ԲԱՐՁՐ:1 ԱՐԺԵՔ:1 ԱՆԿԱԽ:2 ԲԱՆԱՍՏԵՂԾԱԿԱՆ:1 ԻՐԵՆ:1 ՍԻՐՈՎ:2 ԸՆԴՀԱՆՐԱԿԱՆ:1 ԲԱՑԱՍԱԿԱՆ:1 ԶՈՀ:1 ԽԱՉՔԱՐ:1 ԱՅՆՏԵՂ:1 ԹՈՂՆԵԼ:1 ՄԵԿՆԱԲԱՆՈՒԹՅՈՒՆ:1 ՓՈՍՏ:1 ԿԱՅՔ:2 ՀԱՄԱՅՆՔ:2 ՀՐԱՏԱՐԱԿՉՈՒԹՅՈՒՆ:1 ԳՐԱԽԱՆՈՒԹ:1 ԱՐԽԻՎ:1 ԹՎԱՅԻՆ:1 ԳՐԱԴԱՐԱՆ:1 ԿԱՊ:2 ԽՄԲԱԳՐԱԿԱՆ:1 ԳՈՎԱԶԴ:1 ԸՆԴՈՒՆՈՒՄ:1 ԱՋԱԿՑԵԼ:2 ԳՈՐԾՈՒՄ:1 ՀԵՂԻՆԱԿԱՅԻՆ:2 ԲՈԼՈՐ:2 ՊԱՐՏԱԴԻՐ:1 ՆՇԵԼ:1 ՏԱԼ:1 ԱԿՏԻՎ:1 ՀՂՈՒՄ:1 ՓՆՏՐԵԼ:1 ՀԵՂԻՆԱԿ:1 ՏԵՔՍՏ:1
https://granish.org/karslyan/	ԿԱՐԵՆ:6 ՄԵԶ:5 ՁԵԶ:3 ԳՐԱՆԻՇ:6 ԺԱՄԱՆԱԿԱԿԻՑ:1 ԳՐԱԿԱՆՈՒԹՅՈՒՆ:2 ՎԵՐՋԵՐՍ:2 ՊԱՏՄՎԱԾՔ:7 ՊՈԵԶԻԱ:1 ԷՍՍԵ:1 ԳՐԱԽՈՍԱԿԱՆ:1 ՄՐՑԱՆԱԿ:3 ՀԱՄԱՐ:10 ԹԱՆԿԱԳԻՆ:2 ԱՆԳԱՄ:16 ՄԵՐ:7 ՓՈՔՐԻԿ:6 ՀԱՅԿԱԿԱՆ:6 ՄՇԱԿՈՒԹԱՅԻՆ:3 ԱՅՍՊԻՍԻ:2 ՆՎԵՐ:2 ՊԱՏՐԱՍՏԵԼ:2 ԲԱԶՄԱԶԱՎԱԿ:2 ՀՈՒՆՎԱՐ:1 ՐՈՊԵ:3 ԱՄԲՈՂՋ:7 ԴՐԱՄ:1 ԳՐՈՒՄ:2 ՏՆՕՐԵՆ:1 ՀԱՅ:2 ԲԱՐԵԳՈՐԾԱԿԱՆ:1 ԲԱՐԵԿԱՄ:1 ԱՅՍ:9 ՈՒՐԲԱԹ:1 ԱՌԱՎՈՏ:3 ԱՐԴԵՆ:9 ՕՐԸ:6 ՍԱԿԱՅՆ:14 ԻՐԵՆՑ:8 ՆՈՐ:5 ՄԱՍԻՆ:8 ՈՉԻՆՉ:1 ԲԱՑԻ:1 ԱՅԴ:10 ԹԵՐԹ:1 ՓՈՂ:1 ԱՌԱՆՁՆԱԿԻ:1 ՈՐԵՒԷ:2 ԲԱՆ:5 ԿԱՐՈՂ:3 ՓՈԽՎԵԼ:1 ԳՈՐՇ:1 ԵՐԻՏԱՍԱՐԴ:2 ՇԱՏ:10 ՆԱԽՈՐԴ:2 ԱԿԱՆԱՏԵՍ:1 ԵՐԲ:8 ՊԵՍ:6 ԵՐԿԱՐ:6 ԳՈՒՅՆԶԳՈՒՅՆ:1 ԾԱՂԿԵՊՍԱԿ:1 ԿԱՐ:3 ԱԼԱՐԿՈՏ:1 ՀԱՅԱՑՔ:1 ՁԱԽ:20 ԱՊԱ:4 ՈՒԺԵՂ:1 ԻՐԱՐ:6 ԱՆՀԱՄԲԵՐ:1 ՍՊԱՍՈՂ:1 ԲՈՒՌՆ:1 ԱՆՄԻՋԱՊԵՍ:1 ՆՐԱՆ:9 ՊԱՐԶԱՊԵՍ:1 ԸՆԴԱՌԱՋ:2 ՆՈՒՅՆ:3 ՏԱՍՆԵՐԿՈՒԱՄՅԱ:1 ՏԱՍՆԱՄՅԱ:1 ՀՆԳԱՄՅԱ:1 ՀԵՏ:21 ՔՆՔՇՈՐԵՆ:1 ՆՐԱ:16 ԱՌԱՆՁԻՆ:2 ԱՆՈՒՆ:2 ԳԼԽԻՑ:1 ԶԱՆԱԶԱՆ:1 ՀՈՐԻՆՈՒՄ:1 ԱՂՄՈՒԿ:1 ԻՍԿ:16 ՆՍՏԱԾ:1 ՈՐԸ:9 ԿԵՐԵԼ:1 ԺԱՄԱՆԱԿ:5 ԴՈՒՐՍ:6 ՎԵՐՋԻՆ:2 ՄՈՏ:4 ՏԱՍՆՀԻՆԳ:1 ՏԱՐԻ:2 ԱՌԱՋ:3 ԱՅԼ:3 ԻՆՔՆ:6 ՍԵՓԱԿԱՆ:3 ՄԵԾ:3 ՀԱՎԱՆԱԿԱՆՈՒԹՅՈՒՆ:1 ԹՈՂՆԵԼ:2 ԱՅՆ:9 ԴԵՌ:6 ԱՊԱՍՏԱՆ:1 ՀԵՌԱՎՈՐ:1 ՄՈՏԱԿԱ:5 ԽՐԱՄԱՏՈՒՄ:1 ՀԵՏՈ:12 ՀԱՐԱԶԱՏ:1 ՄԵԿ:8 ՀԱՋՈՐԴՈՒՄ:1 ԱՄԱՅԻ:1 ԿՐԿԻՆ:5 ՓՍԽՈՒՄ:1 ՆԵՂԼԻԿ:2 ԱՎԵԼԻ:2 ԹԱՐՄ:1 ՄԵՋ:12 ՏՈՒՆ:7 ՈՒՇ:2 ԵՐԵԿՈՅԱՆ:2 ՔԱՋԱՏԵՂՅԱԿ:1 ՆՅՈՒԹԱԿԱՆ:2 ՈՐՊԵՍ:1 ՎԱՐՁԱՏՐՈՒԹՅՈՒՆ:1 ԴՈՒՅԼ:3 ՓԱՐԻԶՅԱՆ:1 ԻՆՉՊԵՍ:3 ՊՆԴՈՒՄ:1 ՏԱՐԲԵՐՈՒԹՅՈՒՆ:1 ԵՐԲԵՔ:1 ԱՎԱԳ:2 ՈՐՈՆՔ:5 ՈՒՐԱԽՈՒԹՅԱՄԲ:2 ՏԱՆ:2 ՎՐԱ:6 ՔԱՆԻ:13 ՈՐՊԵՍԶԻ:1 ԱՌԱՎՈՏՅԱՆ:3 ԲԱՐԻ:1 ՄԱՍՆԱԿԻՑ:1 ԱՅԺՄ:1 ԳԵՂԵՑԻԿ:1 ՍԵՂԱՆ:1 ԲԱՑՈՒՄ:1 ՀԱՆՈՒՄ:1 ՍՊԻՏԱԿ:1 ԵՐԲԵՒԷ:2 ՓՌՈՒՄ:1 ՓԱՅՏԵ:1 ՈՐԻ:5 ՇԱՐՈՒՄ:1 ԿԱԹՈՎ:1 ՀԻՆԳ:5 ԹԱՓԱՆՑԻԿ:1 ԲԱԺԱԿ:2 ԿԱՎԵ:1 ԿՈՒԺ:1 ՄԵՋԸ:1 ԼԻՔԸ:1 ԿԱԹ:1 ՇՈՒՐՋ:1 ԱՌԱՋԻՆ:2 ՄԻԱՅՆ:6 ԻՐԵՆ:5 ՀՈՐ:2 ՌՈՄԱՆՏԻԿ:1 ԱՌԱՆՑ:1 ՈՒՇԱԴՐՈՒԹՅՈՒՆ:1 ՀԱՃԵԼԻ:1 ՏԵՏՐԱԿ:1 ԱՆՁԱՄԲ:1 ՆՎԻՐՈՒՄ:1 ՖՐԱՆՍԱՀԱՅ:1 ԷԼԻ:1 ՎԵՐ:4 ԽՈՀԱՆՈՑ:1 ԼԱՎ:4 ՕՂԱԿԱՁԵՒ:1 ԱՅՆՊԵՍ:1 ՍԵՂՄԵԼ:1 ԲՌԻ:1 ՏԵՍՔ:1 ՏՈՆԻ:1 ԱՌԹԻՎ:1 ԱՆՉԱՓ:1 ՄՆԱՑԱԾ:5 ԲՈԼՈՐՈՎԻՆ:1 ԹԵԵՒ:3 ՀՈՏ:1 ՓՉՈՒՄ:1 ԱՅՆՈՒԱՄԵՆԱՅՆԻՎ:1 ՄԵՂԱՎՈՐ:1 ՎԱՅ:1 ՓԱԹԱԹՎԵԼ:2 ԴԺԳՈՀ:1 ԴՈՒ:1 ԴԵՄ:2 ԱՂՋԿԱԿԱՆ:1 ԴԺՎԱՐ:1 ՄԱՐՍՈՒՄ:1 ՍՐՎԵԼ:1 ՀԱՏԿԱՊԵՍ:1 ՔԱՆԴԵԼ:2 ՔՍԱՆ:2 ՎԱՅՐԿՅԱՆ:1 ԳԵՐԱԶԱՆՑԵԼ:1 ՉՈՐՍ:3 ԳՐԱՎԵԼ:1 ՏԵՂԸ:1 ԲԱՐԱԿ:1 ԾԱՂԻԿ:1 ՆԵՐԿԱ:1 ՀԱԿԱՌԱԿ:3 ԲԱՐԵԲԱԽՏԱԲԱՐ:1 ԼԵԶՈՒ:1 ՀԵՆՑ:3 ԼՌՈՒԹՅՈՒՆ:1 ԵՐԵՒԻ:1 ԲԱՅՑ:12 ՀՈԳ:10 ՀԵԾԱՆԻՎ:2 ՔՇԵԼ:1 ՉՈՒՆԻ:1 ԾԱՓ:1 ՏԱՐԵԼ:1 ՀԻՄԱ:1 ԵՐԿՈՒ:4 ՊԱՀԵԼ:1 ՇՈԿՈԼԱԴ:1 ՎՐԱՆ:1 ԱՄԵՆ:3 ԳՈՆԵ:2 ՄԵԿԸ:2 ԿԱՏԱՐՎԵԼ:1 ԱՆՈՒՆՈՎ:1 ԾՆՎԵԼ:1 ՁԱԽԼԻԿ:1 ՈՒՐ:2 ԳՆՈՒՄ:2 ՄԻՇՏ:1 ԳՏՆՈՒՄ:1 ԱՆՈՒՄ:1 ՎԵՑԵՐՈՐԴ:1 ՑՈՒՅՑ:1 ՔԵԶ:3 ԿԻՆ:1 ՁԵՌՔՈՎ:1 ՀԱՄԲԵՐԱՏԱՐ:1 ԱՐԱԳ:1 ՍՈՎԱԾ:1 ԿՈՎ:2 ՏԱՍ:1 ԱՅՆՔԱՆ:2 ՀԱՍՑՆԵԼ:1 ԼԱԼ:1 ՍԿՍԵԼ:3 ՉԱՐԱՃՃԻ:1 ԿԱՐՃԱՏԵՒ:1 ԾԻԾԱՂ:1 ԱՐՁԱԿԵԼ:1 ՍՈՎՈՐԱԲԱՐ:2 ԽԻԶԱԽ:1 ՏԵՂ:5 ՄՇՏԱՊԵՍ:1 ԼԱՑ:1 ՁԱՅՆԵՂ:1 ՄԱՀԱՑԱԾ:1 ՊԱՏՄՈՂ:1 ԱՆՍԱՆՁ:1 ՆԱԵՒ:4 ՀԱԶԻՎ:2 ՊԵՏԱԿԱՆ:1 ԵՐԵՔ:1 ԿՅԱՆՔ:3 ԾԱՅՐԱՀԵՂ:2 ԱՇԽԱՐՀԻ:2 ԾՐԱԳԻՐ:1 ՆԱԽԱՁԵՌՆԵԼ:1 ՀԱՄԱՁԱՅՆ:1 ՅՈՒՐԱՔԱՆՉՅՈՒՐ:1 ԽՈՇՈՐ:1 ԳՈՒՄԱՐ:1 ՀԱՎԵԼՅԱԼ:1 ԱՎՏՈՄԵՔԵՆԱ:1 ՏԱՍՆԵՐՈՐԴ:1 ԳՈՐԾԱԶՈՒՐԿ:1 ՋԱՆՔ:1 ԽՆԱՅԵԼ:1 ԽՄԲԱԿԱՅԻՆ:2 ԵԹԵ:2 ՔԻՉ:6 ԱՆՑ:4 ԱՆՃՈՌՆԻ:1 ԾԱՆՐ:1 ՄԻԱՆԳԱՄԻՑ:1 ԱՆԴԱՄԱԼՈՒՅԾ:1 ՊԱՅԾԱՌ:1 ՆՐԲՈՐԵՆ:1 ՇՈՅՈՒՄ:1 ՔԱՂՑՐ:1 ՇԱՂ:1 ԻՆՉՔԱՆ:2 ՍԻՐՈՒՆ:1 ԽՆԴՐՈՒՄ:1 ՄԻՆՉ:1 ԳՆԱԼ:1 ՊԻՏԻ:2 ԱՆՑԵԼ:1 ԴԵՊԻ:6 ՏԱՆՈՂ:1 ՔԱՐՔԱՐՈՏ:1 ԹԱՐՍ:1 ՇԻՏԱԿ:1 ՈՐՈՇ:2 ԴԻՏՈՒՄ:1 ԱՂՄԿՈՏ:1 ՏԱՐԱԾՎԵԼ:1 ՈԳԵՇՆՉԵԼ:1 ԻՐԵՆՔ:1 ԱՐՏԱՔԻՆ:1 ՍՐՏԱՆՑ:1 ՀԱՐԵՒԱՆ:1 ՈՄԱՆՔ:1 ԱՅՆՊԻՍԻ:1 ՈՒՐԱԽ:1 ՀՊԱՐՏ:2 ՉՈՐՔՈՏԱՆԻ:1 ՊԱՏՐԱՍՏ:1 ՓՈԽԱՆԱԿԵԼ:1 ՈՂՋ:2 ՀՈՐԹ:1 ՀԻՆ:1 ՀԱՏՈՒԿ:2 ԺԱՄԱՆԱԿԱՑՈՒՅՑ:1 ԿԱԶՄԵԼ:1 ԸՍՏ:2 ՆՈՒՅՆԻՍԿ:1 ՀԵՐԹՈՎ:1 ՄԻԱՍԻՆ:2 ԲԵՐԵԼՈՒ:2 ԳՈՀ:1 ՄԱՆԱՎԱՆԴ:2 ԱՅԼԵՒՍ:2 ԱՌԻԹ:1 ՓՆՏՐՈՒՄ:1 ԳԱԼՈՒ:1 ՀԵՐԹԱԿԱՆ:2 ԴՊՐՈՑԱԿԱՆ:1 ՄՈՐ:1 ԴԱՆԴԱՂ:1 ՀԱՎԱՔԵԼ:1 ՏԱԿՏԻԿԱԿԱՆ:1 ԱՆԽՏԻՐ:2 ՀԵՏԵՒՈՒՄ:3 ԱՄԵՆԱՅՆ:1 ՆՈՒՅՆՊԻՍԻ:1 ՀԱՎԱՏԱՐԻՄ:1 ԾԱՆՈԹ:1 ԱԶԱՏ:2 ԳՏՆԵԼ:1 ԲՈԼՈՐ:4 ԾՆՆԴՅԱՆ:1 ՀԱՄԱՌՈՐԵՆ:1 ԿԱՄ:2 ՈՐՈՇԵԼ:2 ԱՅԴՈՒՀԵՏ:2 ԱՌՈՂՋ:2 ՎԱՐԵԼ:1 ՀԱՎԱՆՈՒՄ:1 ՇԱԲԱԹ:1 ԶԱՐՄԱՆՍ:1 ՓՈՔՐ:3 ԻՆՉ:4 ՈՐՏԵՂ:3 ԿԱՊՈՒՄ:1 ԱՆԴՐԴՎԵԼԻ:1 ԿԻՐԱԿԻ:1 ԿԻԼՈՄԵՏՐ:1 ՏԱԿ:1 ՈՏՔ:2 ՊԱՏՃԱՌՈՎ:1 ԱՆՊՏՈՒՂ:1 ՆԵՂ:2 ՀԱՆԴԻՊԱԿԱՑ:1 ԹՈՒԼՈՒԹՅՈՒՆ:1 ՆԿԱՏՄԱՄԲ:1 ՈՒԺ:1 ՍԱՀՄԱՆԱՄԵՐՁ:1 ԴԱՇՏ:1 ԱՐԳԵԼՎԱԾ:1 ՀԱՍՄԻԿ:1 ՄԻՋԵՒ:2 ԸՆԿԱԾ:1 ԱՅՆՏԵՂ:1 ՀԻՍՏԵՐԻԿ:2 ՏԱՐՕՐԻՆԱԿ:1 ԹԻԶ:1 ՓՈՐԵԼ:1 ԳՆԱՑ:1 ԴԻՄԱՑ:1 ՑՈՒԼ:1 ՀԱՆԳԻՍՏ:1 ՇՈՒՆՉ:1 ԿԱՐՄԻՐ:2 ՏԱԿՈՎ:1 ԱՆՑՆԵԼ:1 ԽԵԼԱԳԱՐ:1 ՓՈԽԱՐԵՆ:1 ԿԱՊԵԼ:1 ՍԱՐՍԱՓԱԶԴՈՒ:1 ԵՐԿՐՈՐԴ:1 ԵՐՐՈՐԴ:1 ԱՅԼԱՆԴԱԿ:2 ՆԱՅԵԼ:1 ԱԶԱՏՎԵԼ:2 ՎԵՐՋԱՊԵՍ:1 ՇՈՒՏՈՎ:1 ԾԱԽՍՈՒՄ:1 ԱՆՄԱՐԴԿԱՅԻՆ:1 ՊԱՀ:1 ՄԵԿԻՆ:1 ՈՒԺՈՎ:1 ՔԱՇՈՒՄ:1 ԱՊԱՐԴՅՈՒՆ:1 ՈՒԺԱՍՊԱՌ:1 ՈՐՈՇԱԿԻ:1 ԼԱՐՎԱԾ:1 ՀԵՏԵՒՈՂ:1 ՏԵՂՈՒՄ:2 ԿԵՆԱԼ:1 ԾԱՄԵԼ:1 ԿԱԽՎԱԾ:1 ՄՈՏԵՆԱԼ:1 ՇՏԱՊ:1 ՄԱՆՐ:1 ԵՂԱԾ:1 ՈՒՇԱԳՆԱՑ:1 ՀԱԶԱՐ:1 ՍԱՐՍԱՓԵԼԻ:1 ՏԵՂԻՔ:1 ԼԻՆԵԼ:1 ԱՆՑԱՆ:1 ՃԱՇ:1 ՄԱՅՐ:1 ՄԻՄՅԱՆՑ:1 ԵՐԵՒՈՒՄ:1 ՆՐԱՆՔ:1 ԺԱՄ:1 ՈՒՇԱԴԻՐ:1 ՀԵՏԵՒԵԼ:1 ՑԱԾ:1 ԿԱՆԳ:1 ՈՒՂԻՂ:1 ԱՌԱՏ:1 ԽՈՏ:1 ԱՆՀԱՆԳՍՏԱՑԱԾ:1 ՏԱՐԲԵՐ:1 ԱՐՁԱԿՈՒՄ:1 ԿԱՆՉԵԼ:1 ԱՆՁԵՌՆՄԽԵԼԻ:1 ԺԱՄԱՆԱԿԱՎՈՐ:1 ԱՅԴՏԵՂ:1 ՏԱՍՆԵՐԵՔ:1 ԴԻՊԵԼ:1 ԱՅԴՊԻՍԻ:1 ՍՊԱՍՈՒՄ:1 ՇԱՐՈՒՆԱԿՈՒՄ:1 ԱԴՐԲԵՋԱՆԱԿԱՆ:1 ԲԱՑԱՐՁԱԿ:1 ՎԻՃԱԿՎԵԼ:1 ԵԿԱԾ:1 ՆՆՋՈՒՄ:2 ՓԱԽԱՎ:1 ԿՐԱԿՈՑ:1 ԹԱՔՆՎԱԾ:1 ՀԵՏԶՀԵՏԵ:1 ՀԱՏ:2 ՀԱՆԳՑՆԵԼ:1 ՀԱՇՎՈՒՄ:1 ՀԱՆԿԱՐԾ:1 ՀԵՌՎԻՑ:1 ԹՈՒՅԼ:1 ԻՍԿՈՒՅՆ:1 ՊԱՏԱՍԽԱՆ:1 ԱՆՑԱՎ:1 ԴԱՎԱՃԱՆ:1 ՄԵՏՐ:1 ՓԱՄՓՈՒՇՏ:1 ԼՈՍ:1 ԱՐԴԻ:1 ՀԵՔԻԱԹ:1 ՀԱՆԴԻՊՈՒՄ:1 ԼԻԱՆ:1 ԿԱՐԾԻՔ:1 ՏԽՈՒՐ:1 ՊԱՏՄՈՒԹՅՈՒՆ:3 ԶԳԱՅԱԿԱՆ:1 ՀԵՏԱՔՐՔԻՐ:1 ԻՐԱԿԱՆ:1 ՀՈՐԻՆՎԱԾ:1 ԱՓՍՈՍ:2 ԻՐՈՔ:1 ԻՐԱԿԱՆՈՒՄ:1 ՊՈՏԵՆՑԻԱԼ:1 ԼԻՈՎԻՆ:1 ԴՐՍԵՒՈՐՎԵԼ:1 ՊԱՏԿԱՆՈՒՄ:1 ԻՆՁ:1 ՉԵՄ:2 ՆԵՐԻ:1 ՄԵՆԱԿ:1 ԵՐՋԱՆԻԿ:1 ՊԱՏԿԱՆԵԼ:1 ԲԱՐԴՈՒՅԹ:1 ՊԵՏՔ:1 ՈՒՆԵՆԱԼ:1 ՄԵԿՆԱԲԱՆՈՒԹՅՈՒՆ:1 ՓՈՍՏ:1 ԿԱՅՔ:2 ԳՐԱԿԱՆ:3 ՀԱՄԱՅՆՔ:2 ՀՐԱՏԱՐԱԿՉՈՒԹՅՈՒՆ:1 ՀԱՆԴԵՍ:1 ԳՐԱԽԱՆՈՒԹ:1 ԱՐԽԻՎ:1 ԹՎԱՅԻՆ:1 ԳՐԱԴԱՐԱՆ:1 ԿԱՊ:2 ԽՄԲԱԳՐԱԿԱՆ:1 ԳՈՎԱԶԴ:1 ԸՆԴՈՒՆՈՒՄ:1 ԱՋԱԿՑԵԼ:2 ԳՈՐԾՈՒՄ:1 ՀԵՂԻՆԱԿԱՅԻՆ:2 ՈՒՄ:1 ՊԱՐՏԱԴԻՐ:1 ՆՇԵԼ:1 ՏԱԼ:1 ԱԿՏԻՎ:1 ՀՂՈՒՄ:1 ՓՆՏՐԵԼ:1 ՀԵՂԻՆԱԿ:1 ՏԵՔՍՏ:1
https://granish.org/deviation/	ՀՐԱՊԱՐԱԿՎԵԼ:2 ԺԱՄԱՆԱԿԱԿԻՑ:6 ՀԱՅԿԱԿԱՆ:4 ԱՆԹՈԼՈԳԻԱ:5 ԳՐԱՆԻՇ:6 ԳՐԱԿԱՆՈՒԹՅՈՒՆ:2 ՎԵՐՋԵՐՍ:1 ՊԱՏՄՎԱԾՔ:1 ՊՈԵԶԻԱ:1 ԷՍՍԵ:1 ԳՐԱԽՈՍԱԿԱՆ:3 ՄՐՑԱՆԱԿ:2 ԻՆՔՆԱԳԻՐ:4 ԳՐԱԿԱՆ:7 ԱՆԳԼԵՐԵՆ:2 ՀՐԱՊԱՐԱԿԵԼ:2 ԷՋԱՆՈՑ:2 ՇԵՂՈՒՄ:2 ՀՈՒՆՎԱՐ:1 ՐՈՊԵ:1 ՀԵՂԻՆԱԿ:2 ՎԱՀԱՆ:2 ԿԱՐԵՆ:1 ԱՐՄԱՆ:1 ԳԱՐՈՒՆ:1 ՄԱՐԿ:1 ՏՊԱԳՐՎԵԼ:1 ՆԱԵՒ:3 ՀԱՎԱՔԵԼ:1 ԼՐԱԳՐՈՂ:1 ՆԱԽԱԳԱՀ:1 ԳՐՈՂ:1 ԽՄԲԱԳԻՐ:1 ԸՆԴԳՐԿԵԼ:1 ԿԱՐՃ:1 ԹԱՐԳՄԱՆՈՒԹՅՈՒՆ:1 ՀԱՅ:1 ԴՐԱՄԱՇՆՈՐՀ:1 ՉԻՆԱԿԱՆ:1 ՍԱՀՄԱՆԱՅԻՆ:1 ՓԱՌԱՏՈՆ:1 ԹՈՂՆԵԼ:1 ՄԵԿՆԱԲԱՆՈՒԹՅՈՒՆ:1 ԱՆՈՒՆ:1 ՓՈՍՏ:1 ԿԱՅՔ:2 ՄԵՐ:1 ՀԱՄԱՅՆՔ:2 ՀՐԱՏԱՐԱԿՉՈՒԹՅՈՒՆ:1 ՀԱՆԴԵՍ:1 ԳՐԱԽԱՆՈՒԹ:1 ԱՐԽԻՎ:1 ԹՎԱՅԻՆ:1 ԳՐԱԴԱՐԱՆ:1 ԿԱՊ:2 ՄԵԶ:1 ՀԵՏ:1 ԽՄԲԱԳՐԱԿԱՆ:1 ԳՈՎԱԶԴ:1 ԸՆԴՈՒՆՈՒՄ:1 ԱՋԱԿՑԵԼ:2 ԳՈՐԾՈՒՄ:1 ՀԵՂԻՆԱԿԱՅԻՆ:2 ԲՈԼՈՐ:2 ՈՐՈՆՔ:1 ՈՒՄ:1 ՊԱՐՏԱԴԻՐ:1 ՆՇԵԼ:1 ՏԱԼ:1 ԱԿՏԻՎ:1 ՀՂՈՒՄ:1 ՓՆՏՐԵԼ:1 ԿԱՄ:1 ՏԵՔՍՏ:1
https://granish.org/empty-bottles/	ԴԱՏԱՐԿ:5 ԳՐԱՆԻՇ:6 ԺԱՄԱՆԱԿԱԿԻՑ:1 ԳՐԱԿԱՆՈՒԹՅՈՒՆ:1 ՎԵՐՋԵՐՍ:1 ՊԱՏՄՎԱԾՔ:1 ՊՈԵԶԻԱ:5 ԷՍՍԵ:1 ԳՐԱԽՈՍԱԿԱՆ:1 ՄՐՑԱՆԱԿ:2 ԵՏԻՆ:2 ՀՈՒՆՎԱՐ:1 ՐՈՊԵ:1 ԱՅՍ:9 ՄԱՀ:1 ՄԻՆՉԵՒ:2 ՊԻՏԻ:8 ԾԱԼՔ:2 ԵՂԱԾ:1 ԵՐԲ:8 ՊԻՏ:2 ՈՐՍԱԼ:1 ԴԵՂԻՆ:1 ՓԱԿ:1 ԱՆՀԱՆԳԻՍՏ:1 ՄԱՍԻՆ:3 ԿԱԹԻԼ:1 ՍՊԻՏԱԿ:1 ԶԻՍ:2 ԲՈԼՈՐ:3 ԱՆՄԱՐՄԻՆ:1 ԽԵՑԻ:1 ՁԵՐ:1 ՄԵԾ:1 ՈՐՈՆՔ:4 ՀԵՐԹԻ:1 ՏԵՍՆԵԼՈՒ:1 ԽՈՒԼ:1 ՎԵՐՋԻՆ:3 ՀԵՏ:2 ՈՒՐ:2 ԿԱՐՄԻՐ:1 ԱՅՆ:2 ՀԱՄԱՐ:7 ՁԵԶ:3 ՀԱՑԻ:1 ԿԻՍԱՏ:1 ՎԵՐ:1 ՎԵՐԱՐԿՈՒ:1 ՆՈՐԱԾԻՆ:1 ԱՆՈՒՆՈՎ:3 ՀԻՄԱ:5 ՄԻԱԿ:2 ՀՈՆ:1 ՀՐԱՇԱԼԻ:1 ՊԱՅԾԱՌ:1 ԱՌԱՆՑ:1 ԴԻՄԱՑԿՈՒՆ:1 ՎԱՅԵԼ:1 ԱՆՑԱԾ:1 ԱՆՀԱՄԲԵՐ:1 ՍՊԱՍՈՂ:1 ԱՌԱՋ:1 ԱՐՁԱԿԵԼ:1 ԽԱՂԱՂ:1 ՄԱՔՐԵԼ:1 ԴԺԳՈՀ:1 ՈՐՈՎՀԵՏԵՒ:1 ՀԵՌՈՒ:1 ՏԵՂ:1 ՇԱՊԻԿ:1 ԲԱԽՏ:1 ՊԱՏԱՀՈՒՄ:1 ՍԵՒ:1 ԱՍՏՎԱԾ:1 ՆԱԵՒ:1 ԹՈՂՆԵԼ:1 ՄԵԿՆԱԲԱՆՈՒԹՅՈՒՆ:1 ԱՆՈՒՆ:1 ՓՈՍՏ:1 ԿԱՅՔ:2 ՄԵՐ:1 ԳՐԱԿԱՆ:3 ՀԱՄԱՅՆՔ:2 ՀՐԱՏԱՐԱԿՉՈՒԹՅՈՒՆ:1 ՀԱՆԴԵՍ:1 ԳՐԱԽԱՆՈՒԹ:1 ԱՐԽԻՎ:1 ԹՎԱՅԻՆ:1 ԳՐԱԴԱՐԱՆ:1 ԿԱՊ:2 ՄԵԶ:1 ԽՄԲԱԳՐԱԿԱՆ:1 ԳՈՎԱԶԴ:1 ԸՆԴՈՒՆՈՒՄ:1 ԱՋԱԿՑԵԼ:2 ԳՈՐԾՈՒՄ:1 ՀԵՂԻՆԱԿԱՅԻՆ:2 ՈՒՄ:1 ՊԱՐՏԱԴԻՐ:1 ՆՇԵԼ:1 ՏԱԼ:1 ԱԿՏԻՎ:1 ՀՂՈՒՄ:1 ՓՆՏՐԵԼ:1 ՀԵՂԻՆԱԿ:1 ԿԱՄ:1 ՏԵՔՍՏ:1
https://granish.org/mher-bezhanyan/	ՄՀԵՐ:3 ԹՌՉՈՒՆ:5 ԳՐԱՆԻՇ:6 ԺԱՄԱՆԱԿԱԿԻՑ:1 ԳՐԱԿԱՆՈՒԹՅՈՒՆ:1 ՎԵՐՋԵՐՍ:1 ՊԱՏՄՎԱԾՔ:1 ՊՈԵԶԻԱ:6 ԷՍՍԵ:1 ԳՐԱԽՈՍԱԿԱՆ:1 ՄՐՑԱՆԱԿ:2 ՑԱՎ:2 ԿԱՐՄԻՐ:2 ՏԱՔ:5 ՄԱՐՄԻՆ:2 ԱՅԴ:3 ԹՈՂ:19 ՄԻՇՏ:7 ՀՈՒՆՎԱՐ:1 ՐՈՊԵ:1 ՊԻՏԻ:4 ԱՄԵՆ:2 ՇՐԹՈՒՆՔ:1 ԻՆՁ:17 ԿԻՆ:1 ԱՂՋԻԿ:1 ԳԵՏ:1 ՆԱԵՒ:3 ՀԵԹԱՆՈՍ:1 ՀԱԼՎԵԼ:1 ՈՐՊԵՍ:2 ՆՈՐ:2 ՇՈՒՏՈՎ:1 ԾՈՎ:1 ՈՒՐ:3 ԿԱՆ:1 ԱՅՆՔԱՆ:1 ՈՐՈՆՔ:3 ՀԻՄԱ:10 ԳԵՂԵՑԻԿ:1 ՏԻՐԱԿԱՆ:1 ԱՆԳԱՄ:5 ՉԵՄ:4 ԿԱՐՈՂ:3 ԻՆՉՊԵՍ:1 ԱՅՆ:3 ՏԱՐԱԾՈՒՄ:1 ԴԵՊԻ:1 ՔԱՂՑՐ:1 ՄԵԾ:1 ԱՆԱՂՄՈՒԿ:1 ԴՈՒՐՍ:1 ՄԵՋ:4 ԿԱԽՈՎԻ:2 ՀՐԱՇՔ:1 ԽՆՁՈՐ:1 ՆՈՒՌ:1 ԴԵՂՁ:1 ԹՈՒԶ:1 ԱՆՈՒՇ:1 ԵՐԲ:2 ԼՍԵԼԻ:1 ՄԵՐ:9 ԲԱՅՑ:9 ՆՐԱՆ:4 ՀՍԿՈՒՄ:1 ՎԵՐՋԱՊԵՍ:1 ԴԱԴԱՐ:1 ԲԱՑԱՏՈՒՄ:1 ԹԵԹԵՒ:1 ՆԵՏԱՁԻԳ:1 ՀԻՇՈՒՄ:1 ՄԻՆՉ:1 ՊԱՏՄՈՒՄ:1 ԱՌԱՆՑ:1 ԻՐԵՆՑ:1 ԵՂԱՆ:1 ԱՅՐ:1 ԱՅԳԻ:1 ՀԱՄԱՐ:2 ՈՒՇ:2 ՄՈՒԹ:1 ՄԻԱՅՆ:2 ԱՄԱՌ:1 ՁԱԽԼԻԿ:1 ԱՅՍՕՐ:2 ՏԱԼ:2 ԴՈՒ:8 ԶԵՐՈ:2 ԺՊՏԱԼ:1 ԵԹԵ:5 ՍԵՐ:2 ԻԲՐ:2 ՄԵՂՐ:1 ԴԱՏԱՐԿ:1 ԳԻՇԵՐ:1 ԻՍԿ:3 ԱՍՏՎԱԾ:1 ՀԻՇԵԼ:1 ԿԱՏԱԿԵԼ:1 ՍԱԿԱՅՆ:1 ԱՎԱ:3 ԻՆՉ:3 ԾԱՂԻԿ:1 ՇՐՋՈՒՄ:1 ԱՆՈՒՆ:2 ՓՆՏՐՈՒՄ:1 ՔԵԶ:2 ՏԱՆ:1 ՀՐԴԵՀ:1 ԱՆՏԱՌ:1 ՄՈՄ:1 ԿԱՆԱՉ:2 ԱՄԲԱՐ:1 ԿՈՒՏ:1 ՕՐԸ:1 ԱՇԽԱՐՀԻ:2 ԱՄԵՆՈՒՐ:1 ՀԱՐՑ:1 ԳՆՈՒՄ:1 ՊԱՏԱՍԽԱՆ:1 ԱՐԹՈՒՆ:1 ՈՒՐԻՇ:1 ՀԱՐԱԶԱՏ:1 ՀՈՐ:1 ՏՈՒՆ:1 ՀԱՐԿ:1 ՄԱՐԴԻԿ:1 ՀԵՏՈ:2 ԼԱՎ:1 ՔԱՆԻ:2 ԱՅՆՏԵՂ:1 ԾԻԱԾԱՆ:1 ՊԵՍ:5 ԱՆՄԱՀՈՒԹՅՈՒՆ:1 ՀԻՐԱՎԻ:1 ՆՐԱ:1 ՍՊԱՍՈՒՄ:1 ՄԵԶ:2 ԱՐԴԵՆ:3 ԾԱՐԱՎԻ:1 ԲԱՑ:1 ԴՐԱԽՏ:1 ԱՅԴՊԵՍ:2 ԱՄԵՆԱՅՆ:1 ՑԱՆՑԿԵՆ:1 ԹԱՇԿԻՆԱԿ:1 ՄԵՐԿ:2 ԼՐԻՎ:1 ՎԿԱ:1 ԳՈՒՑԵ:1 ՊԱՀ:1 ԴԵՌ:2 ՀՈՒՅՍ:1 ԲԱՆ:2 ԸՆԴԴԵՄ:1 ԱՅԼ:2 ՇՇՆՋՈՒՄ:1 ՀԱՄԱՁԱՅՆ:1 ՀԱՐՑՈՒՄ:1 ՀԱՅՑՈՒՄ:1 ՏԵՍԱՐԺԱՆ:1 ՊԵՏՔԱԿԱՆ:1 ՊԵՏՔ:1 ԳԱՆ:1 ՍԻՐՈՒՄ:2 ԿԱՆԳԱՌ:1 ՔԱՈՍ:1 ՃԱՄՓԱ:1 ԱՐԱԳԱՀՈՍ:1 ՀՈԳՆԱԾ:1 ՀԱՃԱԽ:2 ԱՅՆՊԵՍ:1 ԹՎՈՒՄ:1 ԵՏԵՒՈՒՄ:1 ՈՏՔ:1 ՇՆԻԿ:2 ԳԵԹ:1 ՏԱՂԱՆԴԱՎՈՐ:1 ԵՐԲԵՔ:1 ՎԱՌ:1 ԺԱՆԻՔ:1 ՍԻՐԵԼ:1 ԴԵՂԻՆ:1 ՍԵՒ:1 ԹԱՓՈՒՄ:1 ԱՅՈ:1 ԱՆԹԻՎ:1 ՏԱՐԵԿԱՆ:1 ԱՅՍ:2 ԴԺՎԱՐ:1 ՇԱՏ:4 ԻՐԱԿԱՆ:1 ԵՂԵԼ:1 ՄՆԱՍ:2 ԱՎԱԶ:1 ՎԱՂՈՒՑ:1 ՇՈՒՏ:1 ՔԻՉ:2 ՔՆՔՈՒՇ:1 ԵՐԿՆԱՅԻՆ:1 ԴԵՂ:1 ԳՈՆԵ:1 ԴԵՌԱՀԱՍ:1 ՈՉԻՆՉ:1 ԱՅՍՏԵՂ:1 ԿԻՍԱՏ:1 ԹԵԿՈՒԶ:2 ԻՆՉՔԱՆ:1 ՄՈՏԻԿ:1 ԱՆՈՐՈՇ:1 ՔԱՆԶԻ:1 ԻՍԿԱՊԵՍ:1 ԷԼԻ:2 ԻՆՉԻ:1 ՁԵՒ:1 ՀԱՄ:1 ԸՆԴՈՒՆԵԼ:1 ԲՅՈՒՐ:1 ՏԱՐԻ:1 ՎԵՐՔ:1 ՏՈՒՐ:5 ԿԵՌ:1 ՀՈԳՆԵԼ:1 ԾՈՒԽ:1 ՓԽՐՈՒՆ:1 ՀԱՄԲՈՒՅՐ:1 ՆԵՑՈՒԿ:1 ԼԵՑՈՒՆ:1 ՏԻՐԵԼ:1 ՀԱՄԲՈՒՐԵԼ:1 ԿԱՐԾԻՔ:1 ԹՈՂՆԵԼ:1 ՄԵԿՆԱԲԱՆՈՒԹՅՈՒՆ:1 ՓՈՍՏ:1 ԿԱՅՔ:2 ԳՐԱԿԱՆ:3 ՀԱՄԱՅՆՔ:2 ՀՐԱՏԱՐԱԿՉՈՒԹՅՈՒՆ:1 ՀԱՆԴԵՍ:1 ԳՐԱԽԱՆՈՒԹ:1 ԱՐԽԻՎ:1 ԹՎԱՅԻՆ:1 ԳՐԱԴԱՐԱՆ:1 ԿԱՊ:2 ՀԵՏ:1 ԽՄԲԱԳՐԱԿԱՆ:1 ԳՈՎԱԶԴ:1 ԸՆԴՈՒՆՈՒՄ:1 ԱՋԱԿՑԵԼ:2 ԳՈՐԾՈՒՄ:1 ՀԵՂԻՆԱԿԱՅԻՆ:2 ԲՈԼՈՐ:2 ՈՒՄ:1 ՊԱՐՏԱԴԻՐ:1 ՆՇԵԼ:1 ԱԿՏԻՎ:1 ՀՂՈՒՄ:1 ՓՆՏՐԵԼ:1 ՀԵՂԻՆԱԿ:1 ԿԱՄ:1 ՏԵՔՍՏ:1
https://granish.org/words/	ԳՐԱՆԻՇ:6 ԺԱՄԱՆԱԿԱԿԻՑ:1 ԳՐԱԿԱՆՈՒԹՅՈՒՆ:1 ՎԵՐՋԵՐՍ:1 ՊԱՏՄՎԱԾՔ:5 ՊՈԵԶԻԱ:1 ԷՍՍԵ:1 ԳՐԱԽՈՍԱԿԱՆ:1 ՄՐՑԱՆԱԿ:3 ԿԻՍԱՏ:3 ՄԵՐ:29 ՍՈՎԵՏԱԿԱՆ:2 ՌԵԿՈՐԴ:3 ԲԱՎԱԿԱՆ:4 ԾԵՐ:2 ԱՅԴ:31 ՊԱՏՃԱՌՈՎ:4 ՀԱՃԱԽ:2 ՇՓՈԹՈՒՄ:2 ՀՈՒՆՎԱՐ:1 ՐՈՊԵ:4 ՆՐԱ:4 ՏԵՂԸ:1 ԲԵՐԵԼՈՒ:2 ՀԱՄԱՐ:19 ՄԵՆՔ:28 ԼԱՎ:10 ՁԵՒ:1 ԿԱՐԵԼԻ:5 ԱՍԵԼ:3 ՀԻՆ:2 ՀԱՅԿԱԿԱՆ:1 ԱՎԱՆԴԱԿԱՆ:1 ՊԵՏՔ:13 ՈՒՂՂԱԿԻ:11 ՀԱՐՎԱԾԵԼ:1 ԻՐԱԿԱՆՈՒՄ:1 ԱՅԴՔԱՆ:6 ՎԱՏ:2 ՈՄԱՆՔ:2 ԸՆԴՀԱՆՐԱՊԵՍ:2 ՔԱՆԻ:27 ՀԱՆԳԻՍՏ:1 ՆԱՅԵԼ:4 ԿԱԽՎԱԾ:1 ՄԱՍԻՆ:16 ԼՔԵԼ:1 ՄԻԱԿ:1 ՓՈՔՐ:11 ՏԵՂԱՎՈՐՎԵԼ:1 ՄԵԾ:10 ՇԱՏ:15 ՄԵԶ:11 ԵՐԲԵՄՆ:2 ՄԵՋ:17 ՈՐԸ:13 ԼԱՑ:3 ԴՈՒ:5 ՁԱՅՆՈՎ:2 ԱՂՋԻԿ:1 ՏԵՂԻ:2 ԱՅՈ:3 ՀԱՅՀՈՅԵԼ:1 ԻՍԿ:25 ԿԱԽ:1 ԴՈՒՐՍ:9 ՍԵՆՅԱԿ:3 ԱՎԱԳ:4 ԷԼԻ:4 ՏԱՐԱՆ:1 ՀԱԶԱՐ:1 ԱՆԳԱՄ:8 ԲԱՅՑ:22 ԼԻՆԵԼ:2 ԻՆՁ:22 ԴԵՌ:9 ՀԱՋՈՂՎԵԼ:2 ՄԻՆՉԵՒ:3 ՎԵՐՋ:3 ՈՒՂԵԿՑԵԼ:1 ՍԿԻԶԲ:1 ԱՅՆ:28 ԱՐԴԵՆ:21 ՍԻՐՈՒՄ:2 ՑՈՒՅՑ:1 ԴԺՎԱՐ:2 ՏԱՔ:4 ՏԱՐԲԵՐԵԼ:1 ՍԵՐ:1 ԳԻՇԵՐ:2 ԿՈՂՄ:4 ԻՆՉՊԵՍ:10 ԲԱՑԱՏՐԵԼ:2 ԻՆՉ:35 ՀԱՄԵՆԱՅՆ:1 ԲԱՆ:5 ՕՐԸ:8 ՀԻՆԳ:2 ՎԵՑ:1 ՏԱՐԵԿԱՆ:2 ԵՐԲ:20 ԳԵՂԵՑԻԿ:1 ԺԱՄԱՆԱԿ:7 ԱՄԵՆ:5 ՀԻՄԱ:6 ՆՈՒՅՆԻՍԿ:4 ԿԱՐՈՂ:10 ԱՌԱՆՑ:9 ՎԱԽԻ:1 ՏԽՈՒՐ:1 ԱՌՋԵՒ:1 ԻՆՏԵՐՆԵՏ:1 ԳԻՐՔ:3 ԵՐԱԺՇՏՈՒԹՅՈՒՆ:3 ՎԱՂՈՒՑ:2 ԵՆԹԱՐԿԵԼ:1 ԱՅՍԻՆՔՆ:2 ԿԱՐԳԻՆ:1 ԴԱՍԱՎՈՐԵԼ:1 ՎԵՐԱՑՆԵԼ:1 ԱԿՏՈՒԱԼ:1 ՔԻՉ:9 ՀԵՏՈ:28 ԳՐՎԱԾ:3 ԿԱՐԴԱԼ:2 ՀԱՐԱԶԱՏ:2 ՀԱՆԿԱՐԾ:4 ՆՈՒՅՆ:4 ԵՐԵԿՈՅԱՆ:1 ԳՆԱԼ:9 ՀՐԱՎԻՐԵԼ:1 ՇՈՒՏՈՎ:2 ԱՓՍՈՍ:1 ԵՐԲԵՔ:1 ԱՐԺԵՔԱՎՈՐ:1 ՄԻԱՅՆԱԿ:3 ԿԵՍ:3 ԵՐԿՐՈՐԴ:2 ԼՐՋՈՐԵՆ:1 ՄՏԱԾԵԼ:1 ԱՅՍ:4 ԵԹԵ:7 ԳԼԽԱՎՈՐ:1 ՈՐՏԵՂ:4 ԱՇԽԱՏՈՒՄ:3 ՄՈՏ:17 ԵՐԿՈՒ:11 ԱՄԻՍ:2 ՋԱԶ:1 ՏԻԿԻՆ:9 ՆՅՈՒԹ:1 ԳՐԵԼ:3 ԱՅՆՊԵՍ:5 ՄԱՐԶԱՀԱՄԵՐԳԱՅԻՆ:1 ՀԱՄԱԼԻՐ:1 ՄԻԱՆԳԱՄԻՑ:2 ԵՐՋԱՆԻԿ:2 ՆԵՐՍ:3 ԹՐՋՎԱԾ:1 ՓԱԿՈՒՄ:1 ԲԱՑԻ:1 ԱՅՆՏԵՂ:4 ՆՍՏԱԾ:4 ՀԱՐԵՒԱՆ:7 ՍՈՒՍԱՆ:3 ՋՈՒՐ:1 ԱՅՍՊԵՍ:1 ԱՐԱԳ:4 ՏԱՔԱՑՆԵԼ:1 ԿՐԿԻՆ:5 ՆԵՏՎԵԼ:1 ՑՈՒՐՏ:4 ԼՈՒՅՍ:5 ԿԱՐ:4 ՆՐԱՆՔ:6 ԱՆՄԱՀ:1 ԱՆՎԵՐՋ:1 ՈՐՊԵՍԶԻ:3 ՀԵՏ:21 ԶԱՆԳԱՀԱՐԵԼ:1 ԻՐԵՆՑ:5 ՀԱՋՈՐԴԱԲԱՐ:1 ԼՍՈՒՄ:3 ԲԱԶՄԱԲՈՎԱՆԴԱԿ:1 ՓՈՐՁՈՒՄ:3 ՀԱՍԿԱՆԱԼ:1 ԽՈՐՀՐԴԱՎՈՐ:1 ԼԱՐՎԱԾ:1 ԲՈԼՈՐ:9 ՉԵՄ:4 ՍԵՐԻԱ:1 ԱՌԱՋ:8 ՀԵՐԹԱԿԱՆ:4 ԲՌՆԱԲԱՐԵԼ:1 ՄԻԼԻՈՆԱՏԵՐ:1 ՀԱՅՏՆԱԲԵՐԵԼ:1 ՎԵՑԵՐՈՐԴ:1 ԿԱՄ:5 ՅՈԹԵՐՈՐԴ:2 ԱՆՕՐԻՆԱԿԱՆ:1 ՀԱՐԿԱՎՈՐ:1 ՈՒՇԱԴԻՐ:2 ԼՍԵԼ:5 ՊԻՏԻ:5 ՏԱՆ:2 ՎՐԱ:6 ՊԱՏԱՍԽԱՆ:2 ԲՆԱԿԱՆԱԲԱՐ:1 ՀՈՒՅՍ:2 ՀԱԳԵԼ:1 ԴԱՎԱՃԱՆ:1 ՊԱՐՈՆ:1 ՓՈԽԱՆԱԿ:1 ՓՈՔՐԻԿ:2 ԱՆՊԱՇՏՊԱՆ:1 ՄԻՆՉԴԵՌ:2 ԱՍՏԻՃԱՆԱԲԱՐ:4 ՇՈՒՐՋ:1 ԲԱԿ:5 ՀԵՏԵՒՈՒՄ:1 ՈՐՈՆՔ:2 ՉՈՐ:2 ԳՏՆԵԼ:2 ՏԱՆԵԼ:1 ԲԱԿԻ:2 ԱՆՎԱՆՈՒՄ:1 ՆԱԵՒ:4 ԿԱՊՈՒՅՏ:2 ՀԱՄԱՐՅԱ:3 ԵՐԵԿՈ:3 ՏԱՐԻ:5 ՈՒՄ:3 ԽԱՐՈՒՅԿ:1 ՎԱՌՈՒՄ:1 ՈՐԻ:3 ՔՍԱՆ:1 ՑԱԽ:1 ԱՍՏՎԱԾ:2 ԳԻՏԻ:2 ԱՅՆՔԱՆ:3 ՓԱՅՏ:1 ԱՄԲՈՂՋ:5 ՏԱՔԱՆԱԼ:2 ՀՍԿԱՅԱԿԱՆ:5 ՇՈՒՐՋԸ:2 ՏՈՒՆ:11 ՇՏԱՊՈՒՄ:1 ԱՅՍՏԵՂ:2 ԱՎԵԼԻ:8 ԱՆՏԱՆԵԼԻ:1 ՈՒՐՎԱԳԻԾ:1 ՆՐԱՆ:6 ԱՐԻ:3 ՄԵՆԱԿ:2 ՈՒՍԻՆ:1 ՏԵՂ:3 ԵՐԳԵԼ:2 ԼՔՈՒՄ:1 ԿԱՐՈՏՈՒՄ:1 ՎՍՏԱՀԱԲԱՐ:1 ՊԱՀԵԼ:1 ՏԱԿ:1 ԸՆԿԱԾ:1 ԱՌԱՋԻՆ:6 ՎՍՏԱՀ:1 ՀԱՆՁՆԵԼ:2 ՀԱՆԴԻՊԵԼ:1 ԲԱՐԻ:2 ՃԱՆԱՊԱՐՀ:1 ՎԵՐՋԱՊԵՍ:2 ՔԱՆԴԵԼ:1 ԿԻՍԱՔԱՆԴ:1 ԻՀԱՐԿԵ:4 ՍԻՐԱՀԱՐ:1 ՀԱՍՏԱՏ:1 ՀԱՏԿԱՊԵՍ:1 ՈՒՇԱԴՐՈՒԹՅՈՒՆ:1 ԽՆԴՐԵԼ:1 ՀՊԱՐՏ:1 ՈՐՊԵՍ:2 ՄԱՍ:1 ՄԻՇՏ:3 ԽՆՁՈՐ:1 ԱՐՔԱՅԱԽՆՁՈՐ:1 ՀԻՄՆԱԿԱՆ:1 ԱՆՑԵԼ:1 ԱՇԽՈՒՅԺ:1 ԲԱԶՄԱԹԻՎ:1 ՄԻԱՍԻՆ:3 ՓՉԱՑԱԾ:1 ՀԵՌԱԽՈՍ:1 ՎԵՐՋԻՆ:3 ՀԱՎԱՔՎԵԼ:1 ՊԱՀ:1 ՀԱՇՎԵԼ:1 ՄԻԱՑՅԱԼ:1 ՎԵՐԱԿԵՆԴԱՆԱՑՆԵԼ:1 ՍԱՄՎԵԼ:8 ՓԱԿ:1 ՈՒՐԱԽ:4 ԱԶԱՏ:4 ՁԵԶ:1 ԿԱՊՈՑ:1 ԹՈՒՂԹ:2 ՔԵԶ:2 ՆՎԵՐ:1 ՀԱՅՏՆՎԵԼ:1 ԵԿԱԾ:1 ՄՈՏԱԿԱ:3 ԵՐԵՔ:3 ՄԱՄ:1 ԳՐԵԹԵ:1 ԲԱՑԵԼ:2 ԱՎԵԼ:1 ՊԱԿԱՍ:1 ՃԻՇՏ:4 ՄԵԿ:6 ՔԱՌՈՐԴ:1 ՄՆԱՑԱԾ:3 ԲԱԺԱՆՎԵԼ:1 ՄՅՈՒՍ:3 ԿԵՐԵԼ:1 ԴԱՆԱԿ:1 ԱՆՈՒՄ:3 ՍՐԱ:1 ԽՈՀԱՆՈՑ:4 ՀԱՆԳՐՎԱՆԵԼ:1 ՏԱՐՕՐԻՆԱԿ:2 ՀԱՅԵՐԵՆ:1 ՈՆՑ:1 ՀԻՄԱՐ:1 ԱՆՈՒՆ:2 ՆՄԱՆ:4 ԽՆՁՈՐԻ:2 ԻՍԿԱՊԵՍ:1 ՀԱՄՈՎ:1 ՊԱՅԹՅՈՒՆ:1 ՎԱՅՐԿՅԱՆ:2 ՁԵՌՔՈՎ:1 ՀՐՈՒՄ:1 ՎԵՐ:1 ԿԱՑ:1 ՊԱՏԿԵՐԱՑՆԵԼ:3 ՇՏԱՊ:1 ՀԱՎԱՔՈՒՄ:1 ՍՊԱՍՈՒՄ:4 ԼԻԱԶՈՐ:1 ՇՈՒՏ:3 ԵՂԱՆ:1 ՆՈՒՅՆՔԱՆ:1 ՈՐՔԱՆ:2 ԴԻՄԱՑ:2 ԱՅԴՊԵՍ:1 ՈՂՋ:5 ԱՅՑ:1 ՑՐՏԻՆ:1 ՄԻԱՅՆ:4 ԸՆԴ:1 ԿՈՂՔԻ:1 ԴԻՄԱՑԻ:2 ԵՂԲԱՅՐ:2 ՍՐԱՆՔ:1 ՁԵՌ:1 ՀԱՏ:2 ՏՈՒՐ:1 ՀԱՍՑՆԵԼ:1 ՆԱՅԻ:1 ՊԵՍ:1 ԽԵԼՈՔ:1 ՍՏԵԼ:1 ՄԵԿԸ:8 ՄԱՐԴԻԿ:2 ԻՆՉՔԱՆ:4 ԶԵՆՔ:2 ՉԵՆՔ:2 ԲԱՑ:1 ԱՆՑԱՎ:1 ԺԱՄ:4 ՀԻԱՍԹԱՓՈՒԹՅՈՒՆ:1 ԲԱԺԱԿ:2 ՀԱՐԿ:2 ՎԱՂԸ:1 ԱՌԱՎՈՏ:1 ԳՈՐԾ:1 ԳՐԱԿԱՆԱԳԵՏ:3 ՈՒՐԻՇ:2 ՎԱՅ:1 ՀԱՅ:1 ՕՂԻ:1 ԱՅՆՈՒԱՄԵՆԱՅՆԻՎ:1 ԽՄԵԼՈՒ:1 ԻՐԵՆ:5 ՈՒԹԵՐՈՐԴ:2 ՍՈՎՈՐՈՒՄ:2 ՓԱԽԵԼ:1 ԱՆՏԵՐ:1 ԶԻՆԱՆՈՑ:1 ՏԱՍՆՉՈՐՍ:1 ԹՈՂՆԵԼ:2 ՊԱՅԹԵԼ:1 ՌԱԶՄԱԿԱՆ:1 ԱՌԱՋԱԴՐԱՆՔ:1 ՏՐՎԵԼ:1 ՀԱՑԻ:2 ՆՇԱՆԱԿՈՒՄ:2 ԿԱՆԱՉԱՎՈՒՆ:1 ԽԱՆՈՒԹ:1 ՀԵՐԹ:1 ԿԱՆԳՆԵԼ:1 ՎԵՐՑՆԵԼ:1 ՀԱՍԱՆԵԼԻՔ:1 ՎԵՐԱԴԱՌՆԱԼ:2 ԱՆՀԱՆԳԻՍՏ:2 ՄԻՆՉ:2 ԲԱՆԵՐ:1 ՄՈՏԱՎՈՐԱՊԵՍ:1 ՄԵՏՐ:1 ՀԱՃԱԽՈՐԴ:1 ԿԻՆՈ:1 ԽԻՍՏ:5 ՌՈՒՍԵՐԵՆ:2 ԾԱՎԱԼՈՒՆ:1 ՔՆՆԱՐԿՈՒՄ:1 ՊԱՏԱՀԵԼ:1 ԱՄԱ:1 ԱՊԱ:1 ՀԵՏԱՔՐՔՐԵԼ:1 ԿԱՐԵՒՈՐ:6 ՍՏԱՆԱԼ:1 ՄՏԱ:3 ՀԱՑ:1 ԹԱՐՄ:2 ՊԱՏԵՐԱԶՄ:3 ԶԲԱՂՎԱԾ:1 ՍՈՎՈՐԱԲԱՐ:1 ՉՈՐՍ:1 ՊԱՏՄՈՒԹՅՈՒՆ:1 ՍՏԻՊՎԱԾ:2 ԴՊՐՈՑ:2 ՆՍՏԵԼ:2 ԱՅՆՈՒՀԵՏԵՒ:1 ԼՈՒՌ:1 ԽԱՆԳԱՐՈՒՄ:1 ԴԻՆՈԶԱՎՐ:2 ՆԿԱՐՈՒՄ:1 ՀԱՅՈՑ:1 ՆԱԽՈՐԴ:2 ՈՒՍՈՒՑՉՈՒՀԻ:1 ՀԱՆՁՆԱՐԱՐԵԼ:1 ՇԱՐԱԴՐՈՒԹՅՈՒՆ:1 ԳՐՔԵՐ:2 ԳՐՈՒՄ:3 ՈՒՇ:1 ՏՊՈՒՄ:1 ՌՈՒՍԱՑ:1 ՄԱՍՆԱԳԵՏ:1 ՆՈՒՅՆՊԵՍ:1 ՈՐՈՎՀԵՏԵՒ:1 ԺԱՄԱՆԱԿԻՆ:1 ԱՊՐԵԼ:1 ԻՐԵՆՔ:1 ԱՊՐՈՒՄ:1 ՀՈԳ:1 ՀԱՋՈՐԴ:1 ՓՈՐԱԳՐԵԼ:1 ԿՈՐՑՆԵԼ:1 ԳՆԱՑ:3 ԱՅԼԵՒՍ:2 ՄԱՆԿԱԲՈՒՅԺ:1 ԳԵՂԱՐՎԵՍՏԱԿԱՆ:1 ՄԱՀԱՑՈՒ:1 ՊԱՅՔԱՐ:1 ՄՂՈՒՄ:1 ՀԱՂԹԱՆԱԿ:1 ԱՅՍՕՐ:2 ԱՌԱՎՈՏՅԱՆ:2 ՆԱԽ:2 ԶԱՆԳՈՒՄ:2 ԳՅՈՒՂ:1 ԾՆՆԴՅԱՆ:2 ՓՈԽԱՆՑՈՒՄ:1 ԱՌԹԻՎ:1 ՎԵՏԵՐԱՆ:1 ԲԱՐԵԲԱԽՏԱԲԱՐ:2 ՏԱՐԱԾ:1 ՏՈՆ:1 ՎԱՂ:1 ՀԵՐ:1 ՄԵԿԻՆ:1 ԱՌԻԹ:1 ՇՈԳ:1 ՌՈՒՍԱԿԱՆ:2 ՁԱՅՆԱԳՐԵԼ:1 ԹՈՒՐՔԱԿԱՆ:2 ԽԱՂԱԼ:3 ՈՒՍՈՒՄՆԱՍԻՐՈՒՄ:1 ԻՍԿԱԿԱՆ:1 ՀԻԹ:1 ՇՔԵՂ:1 ՄԻԱՁԱՅՆ:1 ԴԵՄ:1 ԱՓԻ:1 ՉԱՓ:1 ՍԱՀՄԱՆ:1 ՀԱՎԱՔԵԼ:1 ԶԳՈՒՇՈՐԵՆ:1 ՇՆՈՐՀԵԼ:1 ՆՈՐ:3 ՀՆԱՐԱՎՈՐՈՒԹՅՈՒՆ:1 ԵՂԱԾ:1 ՇԱՀԱՎԵՏ:1 ՀԵՆՑ:1 ՍԻՐԵԼԻ:1 ՖԱՎՈՐԻՏ:1 ՆՈՐԻՑ:1 ԿԵՐՊ:2 ՖՈՒՏԲՈԼ:1 ՄՈՄ:2 ԾԽԱԽՈՏ:1 ՕՃԱՌ:2 ՄԱՐԴ:1 ՁՆԱԳՆԴԻ:1 ՀԱՃՈՒՅՔ:1 ՉՆԱՅԱԾ:1 ՀԱԶԻՎ:2 ԵՐԵՒՈՒՄ:1 ՓԱՅԼՈՒՄ:1 ՑՆՑՈՂ:1 ՆՈՐՈՒԹՅՈՒՆ:1 ԻՆՉԻ:2 ՂԱՐԱԲԱՂՅԱՆ:1 ՎԵՐԵԼԱԿ:1 ԴԱՍԱՐԱՆ:2 ԵՐԿԱՐ:1 ՏԱՐԱԾԵԼ:1 ԳՆՈՒՄ:1 ԴՈՒՔ:2 ԾԽՈՒՄ:1 ԿԱՏԱՐԵԼ:1 ՕԳՆՈՒԹՅՈՒՆ:3 ՄՇԱԿՈՒԹԱՅԻՆ:1 ՏԱՍՆՀԻՆԳ:1 ԱՆՑ:2 ՍԵՓԱԿԱՆ:1 ԿԱՆԳԱՌ:1 ՀՈԳՆԱԾ:1 ԹԱՑ:1 ՄԻԱԺԱՄԱՆԱԿ:1 ԿԻՍԱԲԱՑ:1 ՏՈՒՓ:2 ԱՆՈՒՆՈՎ:1 ԿԱՏԱՐԱԾ:1 ԳՈՐԾՆԱԿԱՆ:1 ԱՀԱ:1 ԱՆԿԱԽ:1 ՏԻՐՈՂ:1 ՈՐՈՇԵԼ:1 ՀՈՅԱԿԱՊ:1 ՀՆԱՐԱՎՈՐ:1 ՖԱՆՏԱՍՏԻԿ:1 ԳԵՐՄԱՆԱԿԱՆ:1 ՍՈՒՐՃ:1 ԿԱԿԱՈ:1 ՀԱՄԵՂ:1 ԲԱԼԻ:1 ՏԵՍԱԿ:1 ԿՈՉՈՒՄ:1 ԱՄՐՈՑ:1 ԲԱՑԻԿ:1 ՏԵՍ:1 ԱՀԱՎՈՐ:1 ՀԱՐՅՈՒՐ:2 ԳՈՆԵ:1 ԴՈԼԱՐ:1 ՀԱՎԱՆԱԲԱՐ:1 ՕԳՆԵԼ:1 ԱՍԵՆՔ:1 ԼՈՒՍԱՎՈՐՈՒՄ:1 ՄՈՄԵՐ:1 ՀԱՐԳԵԼԻ:1 ԲԱԶՄԻՑՍ:1 ԱՐԾԱԹԵ:2 ԹԵԵՒ:1 ԱՆԻՄԱՍՏ:1 ԹՎՈՒՄ:1 ԶԱՆԳ:1 ԲՌՆԵԼ:1 ԱՅՐՈՒՄ:1 ՁՅՈՒՆ:1 ՀԱՆԴԱՐՏ:1 ՀԵՔԻԱԹ:1 ՀԱՆԴԻՊՈՒՄ:1 ԼԻԱՆ:1 ԿԱՐԾԻՔ:1 ՋԱՆ:1 ԱՊՐԵՍ:1 ՀԵՏԱՔՐՔԻՐ:1 ՄԱՆ:1 ՁԵՐ:6 ԴԵՊԻ:1 ԻԲՐ:1 ՀԱՐԵՒԱՆՈՒՀԻ:1 ՀՈՐ:1 ՀԱՅՏՆԻ:1 ՄԱՐԳԱՐԻՏ:1 ԲԱՆԱՆ:2 ԿԱՐԴՈՒՄ:1 ՀԵՇՏ:1 ՄՈՒԹ:1 ԶՈՒՍՊ:1 ՊԱՐԶ:1 ԻՐՈՔ:1 ԺԱՄԱՆԱԿԱՀԱՏՎԱԾ:1 ԻՍՊԱՌ:1 ԲԱՑԱԿԱՅՈՒՄ:1 ԲՆԱՎ:2 ԱՊԱՑՈՒՑՈՒՄ:1 ԾԱՆՐ:2 ԱՆՊԱՅՄԱՆ:1 ԱՐԺԵՔ:1 ԴՈՒՐ:1 ՆԵՐԳՐԱՎՈՒՄ:1 ՇԱՐՔԻ:1 ԻՐԱԿԱՆ:1 ՀԱՃԵԼԻ:1 ՇՆՈՐՀԻՎ:1 ՄԵՐԻ:1 ՀՅՈՒՐ:1 ՄԵԿՆԱԲԱՆՈՒԹՅՈՒՆ:1 ՓՈՍՏ:1 ԿԱՅՔ:2 ԳՐԱԿԱՆ:3 ՀԱՄԱՅՆՔ:2 ՀՐԱՏԱՐԱԿՉՈՒԹՅՈՒՆ:1 ՀԱՆԴԵՍ:1 ԳՐԱԽԱՆՈՒԹ:1 ԱՐԽԻՎ:1 ԹՎԱՅԻՆ:1 ԳՐԱԴԱՐԱՆ:1 ԿԱՊ:2 ԽՄԲԱԳՐԱԿԱՆ:1 ԳՈՎԱԶԴ:1 ԸՆԴՈՒՆՈՒՄ:1 ԱՋԱԿՑԵԼ:2 ԳՈՐԾՈՒՄ:1 ՀԵՂԻՆԱԿԱՅԻՆ:2 ՊԱՐՏԱԴԻՐ:1 ՆՇԵԼ:1 ՏԱԼ:1 ԱԿՏԻՎ:1 ՀՂՈՒՄ:1 ՓՆՏՐԵԼ:1 ՀԵՂԻՆԱԿ:1 ՏԵՔՍՏ:1
https://granish.org/hovhannes-grigoryan/	ՀԱՎԱՔԱԾՈՒ:2 ԳՐԱՆԻՇ:6 ԺԱՄԱՆԱԿԱԿԻՑ:1 ԳՐԱԿԱՆՈՒԹՅՈՒՆ:2 ՎԵՐՋԵՐՍ:1 ՊԱՏՄՎԱԾՔ:1 ՊՈԵԶԻԱ:8 ԷՍՍԵ:1 ԳՐԱԽՈՍԱԿԱՆ:1 ՄՐՑԱՆԱԿ:2 ՀՈՒՆՎԱՐ:1 ՐՈՊԵ:1 ՀԱՍՄԻԿ:1 ՆՈՐ:2 ԱՌԱՎՈՏՅԱՆ:2 ՇՈՒՏ:2 ԱՂՔԱՏԻԿ:1 ԱՌԱՎՈՏ:2 ԻՆՁ:6 ՀԵՏ:5 ՔԱՆԻ:2 ԺԱՄ:2 ՀԵՏՈ:8 ԵՐԲ:15 ՎԱՂՈՒՑ:2 ԱՐԴԵՆ:8 ԴՈՒՐՍ:7 ԱՆՏԱՐԲԵՐ:3 ՄԵՐ:7 ՈՐԸ:4 ՄԵԿ:8 ՀԻՄԱ:7 ՀԻՇՈՒՄ:5 ՆՐԱՆ:5 ԸՆԴԱՄԵՆԸ:3 ԵՏՊԱՏԵՐԱԶՄՅԱՆ:1 ՄԻԱՅՆ:4 ՉԵՄ:2 ՄՈՌԱՆԱԼ:1 ԵՐԲԵՄՆ:1 ՎԱՂ:1 ԹԱՑ:1 ՄԵՋ:22 ՎԵՐՀԻՇՈՒՄ:1 ԱՅՆ:8 ԻՆՆ:1 ՄԻԱՍԻՆ:1 ԱՊՐԵԼ:3 ԿԱՐՈՂ:5 ՎԵՐՑՆԵԼ:1 ՀԵՌՈՒ:1 ՏԵՂ:1 ՓՈՔՐԻԿ:2 ԻՆՉՊԵՍ:6 ՄԱՅՐ:1 ՆՈՐԱԾԻՆ:1 ԶԱՎԱԿ:1 ԻՍԿ:27 ՎՐԱ:2 ԿԱԹԻԼ:1 ԱԶԱՏՈՐԵՆ:1 ՏԵՂԱՎՈՐԵԼ:1 ՀԱՆԿԱՐԾ:3 ՔԵԶ:23 ԵՐԲԵՔ:3 ԱՄԵՆ:6 ԻՆՉ:20 ՄՈՏ:3 ՍԱՐՍԱՓԵԼԻ:2 ՈՐՈՎՀԵՏԵՒ:14 ՈՉԻՆՉ:5 ՆՎԻՐՎԱԾ:2 ԱՅՍ:13 ՕՏԱՐ:1 ՄԵՐԿ:1 ԱՆՉԱՓ:2 ՏԽՈՒՐ:3 ՀՈՒՍԱՀԱՏ:1 ՆՈՐԻՑ:2 ԱՄԵՆՈՒՐԵՔ:3 ՆՈՒՅՆ:2 ՍԻՐԱՀԱՐ:1 ԿՈՒՅՐ:3 ՆՐԱՆՔ:4 ԳԱՎԱԶԱՆ:1 ԵԹԵ:4 ԴՈՒ:24 ԿԱՊՈՒՅՏ:2 ԱՌԱՆՑ:4 ԿԱՄԱՑ:8 ԳԼՈՒԽ:1 ՎԵՐՋՆԱԿԱՆԱՊԵՍ:2 ԿՈՂՄ:4 ԲԱՐՁՐԱՁԱՅՆ:1 ԲՈԼՈՐՈՎԻՆ:3 ՈՒՐԻՇ:5 ԱՇՈՒՆ:6 ՈՐՏԵՂ:3 ԳԱՐՈՒՆ:1 ՄԱՐԴԻԿ:5 ՓՈՓՈԽՈՒԹՅՈՒՆ:3 ԻՆՉՈՒ:1 ՏՈՆ:1 ՍՈՎՈՐԱԿԱՆ:3 ԳՈՒՅՆԶԳՈՒՅՆ:3 ՀԱԳԱԾ:2 ԿԱՆԱՉԱՎՈՒՆ:1 ՀԵՇՏ:3 ՍԻՐԵԼ:2 ԲԱՎԱԿԱՆՈՒԹՅՈՒՆ:2 ՊԱՏԿԵՐԱՑՆԵԼ:2 ԲԱՅՑ:10 ԻՆՉՔԱՆ:2 ԱՅԴ:4 ՀԱՄԱՐ:5 ՈՐՈՆԵԼ:1 ԱՅՆՏԵՂ:1 ՈՒՐ:2 ԵՐԿԻՆՔ:1 ԾԱՆՐ:1 ԸՆԴՈՒՆԵԼ:1 ՀՈԳԵՀԱՆԳԻՍՏ:1 ՊԱՐԶՈՒՆԱԿ:1 ԹՈՂ:1 ԱՅԴՊԵՍ:3 ԳՈԳ:1 ԱՆԳԱՄ:6 ԲԱՆ:3 ՆՈՒՅՆԻՍԿ:1 ԹԵՐԹ:1 ԱՊԱՀՈՎ:1 ԽՈՑԻ:1 ԱՌԱՋԻՆ:3 ԿԻՍԱՄԵՐԿ:2 ՈՍԿԵԶՕԾ:1 ԴԺՎԱՐ:2 ՊԱՀԵԼ:2 ԵՐԿՈՒ:9 ԿԱՆ:4 ԵՐԵՍԻՑ:1 ՄԱՐԴ:2 ԶԱՏ:1 ԵԼՔ:1 ԱՆԽԵԼՔ:1 ՁԵՐ:3 ԱՆԽՈՀԵՄ:1 ԴՈՒՔ:3 ԵՐԳՈՒՄ:1 ՎԱՂԸ:2 ԳՈՒՑԵ:3 ՊԱՏԵՐԱԶՄ:1 ԱՆՎԵՐՋ:2 ՀԻՇԵԼ:3 ԶԱՆԳՈՒՄ:2 ՍՏՈՐԱԳՐՈՒՄ:1 ՈՒՂԱՐԿՈՒՄ:1 ԱՆՆԿԱՏ:2 ԵՐԵԿՈՅԱՆ:2 ՀԱԶԱՐԱՎՈՐ:2 ԱՊՐՈՒՄ:2 ԹԵԵՒ:2 ԱՐՁԱԿԵԼ:1 ՊԵՍ:3 ԹԱՓԹՓՎԱԾ:2 ԳԻՇԵՐ:1 ՀԱՆԳԱԾ:1 ՃԻՇՏ:2 ԱՅՍՊԻՍԻ:2 ԼՈՒՍԻՆ:1 ԿԱԽՎԱԾ:1 ՈՒՄ:3 ԴԱՐՁՅԱԼ:1 ՄԵՆԱԿ:1 ՀԱՆՈՒՄ:1 ԱՌԱՋ:3 ԱՆՁԱՅՆ:1 ԳԵՂԱՐՎԵՍՏԱԿԱՆ:1 ՄԻՋՈՑԱՌՈՒՄ:1 ՈՏԱՆԱՎՈՐ:1 ՃԵՐՄԱԿ:1 ԿԱՆԱՅՔ:2 ԿԱՐԵԼԻ:3 ՀԱՆԴԻՊԵԼ:2 ՀԱՏԿԱՊԵՍ:3 ԸՆՏԱՆԵԿԱՆ:1 ՀԱՃԵԼԻ:2 ՄԻՋԱԶԳԱՅԻՆ:1 ԾԱՓԱՀԱՐՈՒՄ:1 ԽԱՆԴԱՎԱՌ:1 ՍԻՐԱՅԻՆ:2 ԿԱՐԴԱԼ:1 ԽՈՍՔ:2 ՄԱՍԻՆ:5 ԱՀԱ:4 ՍԵՐ:1 ԿԱՐՃԱՏԵՒ:1 ԵՐԿԱՐԱՏԵՒ:1 ՀԵՌԱՎՈՐ:1 ԹԵԹԵՒ:2 ՁՅՈՒՆ:1 ԱՅԼԵՒՍ:1 ՁԱՅՆՈՎ:1 ԿԱՐԴՈՒՄ:1 ՀՈՍՈՒՄ:1 ԲԱՐՁՐ:3 ՆԱԵՒ:3 ԼԱՑ:1 ԾՆՆԴՅԱՆ:2 ԱՅՍՕՐ:3 ԳԱԼ:2 ՏԱՐՕՐԻՆԱԿ:1 ԶԱՐՄԱՆԱԼԻ:1 ԵՐԿԱՐ:2 ԵՂԵԼ:2 ԱՅԴՊԻՍԻ:1 ՍԻՐԵԼԻ:3 ԽՈՐԱՊԵՍ:2 ՀԻՆ:4 ԹԱՆԿԱԳԻՆ:2 ԱՄԲՈՂՋ:1 ՕՐԸ:2 ՄԵԿԸ:1 ԵՐԵՔ:1 ՏԱՐԵԿԱՆ:1 ԵՏԵՒՈՒՄ:3 ՈՒՐԱԽ:3 ԱՅՍՏԵՂ:2 ՄԵԾ:3 ՏԱԿ:3 ԿՈՂՔԻ:1 ԱՄԲՈՂՋՈՎԻՆ:1 ԿՈՐԱԾ:1 ՇԱՏ:3 ԱՎԵԼԻ:2 ՓՈՔՐ:2 ՀԻՎԱՆԴ:1 ԹՈՒՅԼ:1 ԱՆՕԳՆԱԿԱՆ:2 ԱՌՈՂՋ:1 ՄԻԱՅՆԱԿ:1 ՄԵԿՆ:1 ԱՄՈՒՐ:3 ՓԱԿԵԼ:2 ՈՒՂԻՂ:1 ԴԱՆԴԱՂ:1 ՇՐՋՈՒՄ:1 ՍԻՐՏ:1 ԷԻՐ:2 ԽԱԲՎԵԼ:1 ԱՅՆՊԵՍ:1 ԽՆԱՄՔՈՎ:1 ՀՈԳԱՏԱՐ:1 ԹԱՔՆՎԱԾ:1 ՃԿՈՒՆ:1 ՏԵՍՆԵԼ:1 ԳՐԿԵԼ:1 ԲՌՆԵԼ:1 ԿԱԽՎԵԼ:1 ՆՄԱՆ:1 ԼՍԵԼ:1 ԽՈՒԼ:1 ՎԱԶԵԼ:1 ՏԱՐԵԼ:1 ԲԱՆԵՐ:1 ԽԵՂԴԵԼ:1 ԿԱՄ:3 ԳԻՆՈՎ:1 ԱՆԶՈՐ:1 ԵՐԵԽԱ:1 ՎԵՐՋԻՆ:2 ԾՆՎԵԼ:1 ՇԱՐՈՒՆԱԿՈՒՄ:2 ՓՐԿՈՒԹՅՈՒՆ:1 ՔՆԵԼ:1 ԱՐԹՆԱՆԱԼ:1 ՆՎԱԳՈՒՄ:2 ԴԱՇՆԱՄՈՒՐ:1 ԲԱՑ:1 ԻՆՔԸ:1 ԹԱՓՎԵԼ:1 ՄՅՈՒՍ:2 ԽՆԴՐՈՒՄ:1 ՄՈՄԵՐ:4 ԶԳՈՒՅՇ:1 ՇՈՒՆՉ:1 ՔԱՇՈՒՄ:1 ՔԱՌՈՐԴ:2 ԱՅՍՊԵՍ:1 ՏԱՔ:1 ԳԵՂԵՑԻԿ:1 ՄՈՄԵ:1 ԿԱՍԵՆ:2 ԼԻՆԵԼ:3 ԱՆՀԱՄԵՄԱՏ:2 ԲԱՐԻ:3 ՍԻՐՈՒՄ:1 ԹԱՓԱՌՈՒՄ:1 ՄՏՆՈՒՄ:1 ՍՈՒՐՃ:2 ՍԿՍՈՒՄ:2 ԾԽԵԼ:1 ՎԱՌՎԵԼ:1 ՀԱՆԳՈՒՄ:1 ԱՆԳՈՐԾ:1 ՆՍՏՈՒՄ:1 ՏԵՂԻ:1 ԱՆՏԵՂԻ:1 ԱՄԵՆԱՇԱՏ:2 ՀՈԳՆԱԾ:2 ԲԱԺԱԿ:1 ՎԱՌՈՒՄ:1 ԾԽԱԽՈՏ:1 ԲԱՎԱԿԱՆԻՆ:2 ՀՄՈՒՏ:1 ԱՆՈՒՄ:1 ՎԵՐԱՐԿՈՒ:1 ԱՐԱԳ:4 ՈՒՇ:1 ՀՐԱԺԵՇՏ:1 ԿԱԽՈՒՄ:1 ՍԻՐՈՎ:1 ԿԱՆԳՆՈՒՄ:2 ԱՅՆՔԱՆ:2 ՄԻՆՉԵՒ:1 ՊԱՀԱԾ:1 ՓՈՂՈՑ:1 ՇԱՐՔ:1 ՆՐԱ:3 ՀԱՄԱՉԱՓ:1 ԱՐԴԻ:1 ՀԱՅ:1 ՈՐՈՆՔ:3 ԿԱՐԾԻՔ:1 ԻՍԿԱԿԱՆ:1 ՍՊԱՆՈՒՄ:1 ՄԻՇՏ:3 ՄԵՆՔ:1 ՀԱՃԱԽ:1 ԿՈՒՐՈՐԵՆ:1 ԱԶԳ:1 ԲԱՆԱՍՏԵՂԾ:2 ՀՈՅԱԿԱՊ:1 ԱՌԱՆՁՆԱՀԱՏՈՒԿ:1 ՆՍՏԱԾ:1 ԴԱՍ:1 ԱՅՍԻՆՔՆ:1 ԱՊԱ:1 ԱՆԿԱՍԿԱԾ:1 ԷԼԻ:1 ՄՏԵՐՄԻԿ:1 ՀՈՒԶԱԿԱՆ:1 ՔՆԱՐԵՐԳՈՒԹՅՈՒՆ:1 ՋԱՆ:2 ՀԱՄԱՁԱՅՆ:1 ՏԱՂԱՆԴԱՎՈՐ:1 ԼՌՈՒՄ:1 ՏՎՅԱԼ:1 ՆԿԱՏԻ:1 ԿՈՆԿՐԵՏ:1 ՄԵԿԻՆ:1 ԱՍԵԼ:1 ԱՅԴՔԱՆ:1 ԳՐՈՂ:1 ՕՐԻՆԱԿ:2 ԼԱՎ:3 ՊՈԵՏ:2 ԿԱՇԱՌԱԿԵՐ:1 ՈՐՈՇ:1 ԶՈՒՐԿ:1 ԿԱՐԵՒՈՐ:1 ՏԱՐԲԵՐՈՒԹՅՈՒՆ:1 ՄԻՋԵՒ:1 ՈՒԺԵՂ:1 ԱՐՁԱԿԱԳԻՐ:1 ՆԱԽ:1 ՄԻՏՈՒՄ:1 ՆՎԱԶ:1 ՊԱՀԱՆՋՈՒՄ:1 ԻՆՔՍ:1 ԺԱՄԱՆԱԿ:2 ՄՏԱԾՈՒՄ:1 ՎԱՏ:1 ԳՐԵԼ:2 ԹՎՈՒՄ:1 ԱՅՈ:1 ՄԱՆՐ:1 ԹԵԹԵՒԱՄԻՏ:1 ԱՐԺԵՔ:1 ՍՏԵՂԾԵԼ:2 ՄԱՐԴԿԱՅԻՆ:1 ՈՒՂՂԱԿԻ:1 ՀԱՎԱՏԱԼ:1 ՊԱՐԶԱՊԵՍ:1 ՕԺՏՎԱԾ:1 ԱՆՀԱՍԿԱՆԱԼԻ:1 ԱՇԽԱՏՈՒՄ:1 ԵՆԹԱԿԱ:1 ՀԵՆՑ:1 ԲԱՑԱՐՁԱԿ:1 ՀԻՇԵՔ:1 ԽԵՆԹ:1 ՀԱՆՃԱՐ:1 ՊԱՐՈՆ:1 ՕՐԻՈՐԴ:1 ԱՌՈՂՋՈՒԹՅՈՒՆ:1 ՇՐՋԱՆ:1 ԴԻՄԱՑԻ:1 ԻՋԵԼ:1 ՀԻԱՆԱԼԻ:2 ՍՊԻՏԱԿ:1 ԳՐՎԱԾ:1 ԱՆՀՈՒՆ:1 ԽՈՐ:1 ԾԱՂԿԵԼ:1 ՀԱՏ:1 ԼՈՐ:1 ՍՈՎԱԾ:1 ՓՈՐ:1 ԱՐՁԱԿ:1 ԹՈՂՆԵԼ:1 ՄԵԿՆԱԲԱՆՈՒԹՅՈՒՆ:1 ԱՆՈՒՆ:1 ՓՈՍՏ:1 ԿԱՅՔ:2 ԳՐԱԿԱՆ:3 ՀԱՄԱՅՆՔ:2 ՀՐԱՏԱՐԱԿՉՈՒԹՅՈՒՆ:1 ՀԱՆԴԵՍ:1 ԳՐԱԽԱՆՈՒԹ:1 ԱՐԽԻՎ:1 ԹՎԱՅԻՆ:1 ԳՐԱԴԱՐԱՆ:1 ԿԱՊ:2 ՄԵԶ:1 ԽՄԲԱԳՐԱԿԱՆ:1 ԳՈՎԱԶԴ:1 ԸՆԴՈՒՆՈՒՄ:1 ԱՋԱԿՑԵԼ:2 ԳՈՐԾՈՒՄ:1 ՀԵՂԻՆԱԿԱՅԻՆ:2 ԲՈԼՈՐ:2 ՊԱՐՏԱԴԻՐ:1 ՆՇԵԼ:1 ՏԱԼ:1 ԱԿՏԻՎ:1 ՀՂՈՒՄ:1 ՓՆՏՐԵԼ:1 ՀԵՂԻՆԱԿ:1 ՏԵՔՍՏ:1
https://granish.org/yerand-otyan/	ԱՆՀԱՅՏ:3 ԳՐԱՆԻՇ:7 ԺԱՄԱՆԱԿԱԿԻՑ:1 ԳՐԱԿԱՆՈՒԹՅՈՒՆ:2 ՎԵՐՋԵՐՍ:1 ՊԱՏՄՎԱԾՔ:1 ՊՈԵԶԻԱ:1 ԷՍՍԵ:1 ԳՐԱԽՈՍԱԿԱՆ:2 ՄՐՑԱՆԱԿ:2 ԵՐԲ:8 ՊԱՏԱՍԽԱՆՈՒՄ:2 ԱՅՆ:7 ԵՐԿՐՈՐԴ:3 ՏՈՒՓ:4 ՄԻՇՏ:7 ՄԻՆՉԵՒ:4 ՎԵՐՋԻ:1 ՀՈՒՆՎԱՐ:2 ՐՈՊԵ:1 ՎԵՐՋԻՆ:2 ՊԱՐԱ:1 ԵՐՋԱՆԿՈՒԹՅՈՒՆ:1 ԱՅԴՊԵՍ:2 ՏԵՂԸ:1 ՊԱՐԱՊ:1 ԹԵՐԵՒՍ:3 ՏԱՐԱԳԻՐ:1 ՓՆՏՐԵԼ:2 ԲԱՅՑ:5 ԱՐԴԵՆ:2 ՈՒՇ:1 ԱՅԼ:3 ԱՍՊԱՐԵԶ:1 ԼՐԱԳՐՈՒԹՅՈՒՆ:1 ԹԵՐԹ:1 ՀԱՅՐԵՆԻՔ:1 ԱՐՎԵՍՏ:1 ԸՆԿԵՐԱԿԱՆ:1 ՄԻՋԱՎԱՅՐ:1 ՇՈՒՐՋԸ:2 ԳՐՈՂ:1 ՄԱՐԴ:2 ԻՆՉՊԵՍ:1 ԱՍԵԼ:3 ԸՆՏԱՆԵԿԱՆ:1 ԱՆՁՆԱԿԱՆ:1 ԿՅԱՆՔ:1 ՀԱՆԴԵՐՁ:2 ԱՀԱ:5 ԱՅՍ:11 ԱՆԴՐԱԴԱՌՆԱԼ:1 ԱՅՍՕՐ:1 ՇԱՏ:6 ԺԼԱՏ:1 ՄԱՍԻՆ:8 ՆՐԱ:9 ՄԵԾ:3 ՇՈՒՐՋ:1 ՀՆԱՐԱՎՈՐ:1 ՀԵՏՈ:5 ՆԵՐԿԱՅԱՑՆԵԼ:1 ԻՆՉ:4 ԳՏՆԵԼ:3 ՆՇՈՒՄ:1 ՆԱԵՒ:4 ՄԻԱՅՆ:3 ԿԱՐ:1 ՍԻՐԱՅԻՆ:5 ԲՈԼՈՐՈՎԻՆ:1 ԱՆՏԻՊ:1 ԲԱՆ:6 ՀԱՄԱՐ:9 ՆՈՐ:4 ՈՐՈՎՀԵՏԵՒ:1 ՏԱԿ:4 ՊԻՏԻ:10 ԻՐԱԿԱՆ:1 ՄԱՍԱՄԲ:1 ՔԱՆԻ:5 ՇԱԲԱԹ:2 ՀՐԱՏԱՐԱԿԵԼ:1 ՍՈՒՏ:1 ԿԱՆԳ:1 ՏԱՐԵԿԱՆ:2 ԵՂԵԼ:5 ԱՆՈՒՆՈՎ:1 ԽԱՐՏՅԱՇ:1 ՀԱՎԱՆԱԲԱՐ:1 ՀԱՆԴԻՊԵԼ:1 ՈՒՐ:5 ԺԱՄԱՆԱԿ:2 ՑՈՒՅՑ:1 ՀԱՐՍԱՆԵԿԱՆ:1 ՈՐԻ:2 ԱՅԴ:5 ԲՈԼՈՐ:3 ՉՈՐ:2 ՉՈՐՍ:3 ԴՈՒՐՍ:1 ԾԱՂԻԿ:1 ԿԱՄ:5 ՀԱՏԱԾ:1 ԿԱՆԹԵՂ:1 ԱՆԳՈՒԹ:1 ՕՐԻՈՐԴ:2 ԻԲՐԵՒ:2 ՔԵԶ:6 ԶԻՍ:2 ՄԵՐԺՈՒՄ:1 ԻՐԵՆ:5 ԳՐՈՒՄ:7 ԲՈՒՆ:1 ԱՆԴ:1 ԹՈՂ:2 ԿԱՆԳՈՒՆ:1 ԳԱԼԱ:1 ԴԵՌ:3 ՏԵՂ:1 ՊԻՂԾ:1 ՑԱՆ:1 ԱՄԲՈՂՋ:1 ԼՈԿ:1 ՄՈԽԻՐ:1 ՆՈՒՅՆԻՍԿ:2 ԹՈՒԽ:1 ԿԱՆԱՅՔ:1 ՎԱՆԵԼ:1 ՀԱՆԴԵՊ:1 ՄԵՋ:2 ՈՐՈՇՈՒՄ:1 ԻՆՔՆԱՍՊԱՆ:1 ԼԻՆԵԼ:1 ՎԱՆՈՒՄ:1 ԸՄԲՈՍՏ:1 ՊԱԼԱՐ:1 ՄՈՒՐԱՏ:1 ԳԱՄ:1 ԱՅՆՏԵՂ:2 ԼՈՒԾԵԼ:1 ԱՊԱ:2 ԽՆԴՐՈՒՄ:1 ՊԱՏՐԱՍՏԵԼ:1 ՔՆԱՐ:1 ԳՈՒՑԵ:1 ՀԱՃԻ:1 ԱՅՍՊԵՍ:3 ՊԵՏՔ:2 ՊԱՐԿԵՇՏ:1 ՍԱԿԱՅՆ:3 ՀԱՐԿ:1 ԳՆԱԼ:1 ՀԵՏ:5 ԱՆՑ:1 ՊԱՏՃԱՌՈՎ:1 ԱՌԻԹ:1 ՉԵՄ:6 ԻՆՔ:1 ԵՐԲԵՔ:1 ՏԱՆ:1 ՎԱՐ:2 ՆԵՏԵԼ:1 ԱՌԱՋ:1 ԴԱՐՊԱՍ:1 ԴԵՂԻՆ:1 ՄԵՐ:3 ԱՍՏՎԱԾԱՅԻՆ:1 ՇՆՈՐՀ:1 ԴԺՈԽԱՅԻՆ:1 ՎԵՐԱԾԵԼ:1 ՆՐԱՆ:2 ՆԵՐԿԱՅՈՒՄՍ:1 ՏԵՐ:1 ԵՐՋԱՆԻԿ:1 ՄԱՅՐ:1 ԱՅՆՔԱՆ:1 ԴԺԲԱԽՏ:1 ԽԵԼԱԳԱՐ:1 ԱՆԿՈՒՄԱՅԻՆ:1 ՄՈՏ:1 ԻՆՔՆ:3 ԽՈՐՀՐԴԱՏՈՒ:1 ԻՆՔՆԱՍՊԱՆՈՒԹՅՈՒՆ:1 ԳՈՐԾՈՂ:1 ԿԱՐԵԼԻ:2 ԳՈՀ:1 ԱՐՏԱՀԱՅՏԵԼ:1 ԵՐԲԵՄՆ:1 ՄԻԱՅՆԱԿ:1 ՍՏԻՊՎԱԾ:1 ԵՓԵԼ:1 ԱՆԵԼ:1 ՊԱՇՏՈՆՅԱ:1 ԱՌԱՋԱՐԿՈՒՄ:1 ՃԱՇԵԼ:1 ԼՈՒԾՈՒՄ:1 ԴԱՇՏԱՅԻՆ:2 ԻՍԿ:4 ՔԻՉ:3 ԱՆՇՈՒՇՏ:1 ԱՌԱՆՑ:2 ՈՐԵՒԷ:1 ԿՈՐ:3 ՍԻՐԵԼԻ:1 ԵՐԵԿ:1 ԳԻՇԵՐ:2 ԳԱՆԳՈՒՐ:1 ՔՈՒ:2 ՈՍԿԻ:2 ԱՄԲՈՂՋԱԿԱՆ:1 ՈՒՐԵՄՆ:2 ԲԱՇԽԻՉ:1 ԱՌԱՋԻՆ:2 ԵՐԿՈՒ:2 ՍՊԻՏԱԿ:1 ԲՈՑԱՎԱՌ:1 ՄՏԱԾԵԼ:1 ՑՈՒՐՏ:1 ԿԱՆ:1 ՈՐՈՆՔ:2 ՄԻՋՈՑ:1 ԻՆՉՈ:3 ՍԻՐՏ:1 ԲԱՎԱԿԱՆ:1 ԲՈՒՌՆ:1 ՄԵՆՔ:1 ՄԵԿՆՈՒՄ:1 ՀԱՎԱՆԱԿԱՆ:1 ՍԻՐԱԽԱՂ:1 ՄԻՋԵՒ:2 ԱՆԼՈՒՐՋ:1 ԸՍՏ:1 ԻՐԱ:1 ԳՆԱՑ:2 ԱՅՈ:1 ՁԱՅՆՈՎ:1 ՏԵՍՆԵԼՈՒ:1 ՉԱՐ:1 ՆՈՅ:1 ՄՇՏԱԿԱՆ:1 ՊԵՍ:1 ԱՐՅՈՒՆՈՏ:1 ԳՐԵԼ:1 ԴՈՒՆ:1 ԳՈՐԾ:1 ԵԿԱԾ:1 ԵՂԱԾ:1 ՊԱՏՐԱՍՏ:1 ԱՐԴ:1 ՄԱՐՏ:1 ԵՐԿԱՐ:1 ՆԱՄԱԿ:2 ՆՈՐԻՑ:1 ՆԱՄԱԿԱԳՐԱԿԱՆ:1 ՀԱՅՏՆՈՒՄ:1 ՊՈԼԻՍ:1 ԱՅՍԻՆՔՆ:1 ՏԱՍՆՈՒԹ:1 ՄԵԿՆ:1 ՀՐԱԺԱՐԱԿԱՆ:1 ՆԿԱՏԻ:1 ԴԵՐԱՍԱՆ:1 ԽՈՐՈՒՆԿ:1 ԿԱՐՈՂ:2 ՔԱՋ:1 ՄՈԼԵՌԱՆԴ:1 ՆՈՐՄԱԼ:1 ԱՆՑՈՒՄ:1 ՀԱՍՏԱՏ:1 ՎԿԱՅԵԼ:1 ՇՐՋԱԶԳԵՍՏ:1 ԱՆՑԱՎ:1 ԱՎԵԼԻ:1 ՇՈՒՏ:1 ՔԱՆ:1 ՍՓՈՓԱՆՔ:1 ԱՆՏԱՐԲԵՐ:1 ՓԱԿԵԼ:1 ԱՌԱՆՁԻՆ:1 ԵԶԱԿԻ:2 ԿԱՐՃ:1 ՎՃԻՌ:1 ԿԱՐԾԻՔ:2 ՆՄԱՆ:1 ՀԱՅ:1 ՉԻՆԱԿԱՆ:1 ՍԱՀՄԱՆԱՅԻՆ:1 ՀՈԳԵՒՈՐ:1 ՔԱՂԱՔԱԿԱՆՈՒԹՅՈՒՆ:1 ԿՐՈՆ:1 ՌՈՄԱՆՏԻԶՄ:1 ՋԱՆ:1 ՀԻՇՈՒՄ:1 ԻՆՁ:2 ԱՍԵՄ:2 ԿԱՐՈՏԵԼ:1 ՋԵՐՄ:1 ԱՆՉԱՓ:1 ԴՈՒՐ:1 ԴՈՒ:1 ԼԱՎ:1 ԱՌՆՉՈՒԹՅՈՒՆ:1 ՇՆՈՐՀԱԿԱԼՈՒԹՅՈՒՆ:2 ԱՐԴՅՈՒՆՔ:1 ՁԵԶ:1 ՁԵՐ:1 ԱՆՇԱՀԱԽՆԴԻՐ:1 ԹՈՂՆԵԼ:1 ՄԵԿՆԱԲԱՆՈՒԹՅՈՒՆ:1 ԱՆՈՒՆ:1 ՓՈՍՏ:1 ԿԱՅՔ:2 ԳՐԱԿԱՆ:3 ՀԱՄԱՅՆՔ:2 ՀՐԱՏԱՐԱԿՉՈՒԹՅՈՒՆ:1 ՀԱՆԴԵՍ:1 ԳՐԱԽԱՆՈՒԹ:1 ԱՐԽԻՎ:1 ԹՎԱՅԻՆ:1 ԳՐԱԴԱՐԱՆ:1 ԿԱՊ:2 ՄԵԶ:1 ԽՄԲԱԳՐԱԿԱՆ:1 ԳՈՎԱԶԴ:1 ԸՆԴՈՒՆՈՒՄ:1 ԱՋԱԿՑԵԼ:2 ԳՈՐԾՈՒՄ:1 ՀԵՂԻՆԱԿԱՅԻՆ:2 ՈՒՄ:1 ՊԱՐՏԱԴԻՐ:1 ՆՇԵԼ:1 ՏԱԼ:1 ԱԿՏԻՎ:1 ՀՂՈՒՄ:1 ՀԵՂԻՆԱԿ:1 ՏԵՔՍՏ:1
